1648729702766	geckodriver	INFO	Listening on 127.0.0.1:59003
1648729703776	mozrunner::runner	INFO	Running command: "/usr/bin/firefox" "--marionette" "-no-remote" "-profile" "/tmp/rust_mozprofilezqnXAW"
ATTENTION: default value of option mesa_glthread overridden by environment.
ATTENTION: default value of option mesa_glthread overridden by environment.
ATTENTION: default value of option mesa_glthread overridden by environment.
ATTENTION: default value of option mesa_glthread overridden by environment.
1648729704429	Marionette	INFO	Marionette enabled
console.warn: SearchSettings: "get: No settings file exists, new profile?" (new NotFoundError("Could not open the file at /tmp/rust_mozprofilezqnXAW/search.json.mozlz4", (void 0)))
1648729705499	Marionette	INFO	Listening on port 38681
1648729705604	RemoteAgent	WARN	TLS certificate errors will be ignored for this session
1648729985411	geckodriver	INFO	Listening on 127.0.0.1:38131
1648729986418	mozrunner::runner	INFO	Running command: "/usr/bin/firefox" "--marionette" "-no-remote" "-profile" "/tmp/rust_mozprofileE1XY9j"
ATTENTION: default value of option mesa_glthread overridden by environment.
ATTENTION: default value of option mesa_glthread overridden by environment.
ATTENTION: default value of option mesa_glthread overridden by environment.
1648729987019	Marionette	INFO	Marionette enabled
ATTENTION: default value of option mesa_glthread overridden by environment.
console.warn: SearchSettings: "get: No settings file exists, new profile?" (new NotFoundError("Could not open the file at /tmp/rust_mozprofileE1XY9j/search.json.mozlz4", (void 0)))
1648729987945	Marionette	INFO	Listening on port 41013
1648729988050	RemoteAgent	WARN	TLS certificate errors will be ignored for this session
console.error: Region.jsm: "Error fetching region" (new Error("TIMEOUT", "resource://gre/modules/Region.jsm", 772))
console.error: Region.jsm: "Failed to fetch region" (new Error("TIMEOUT", "resource://gre/modules/Region.jsm", 419))
1648730114434	addons.xpi	ERROR	System addon update list error Error: Failed downloading XML, status: 0, reason: timeout
console.warn: TopSitesFeed: Failed to fetch data from Contile server: NetworkError when attempting to fetch resource.
1648730127197	geckodriver	INFO	Listening on 127.0.0.1:59317
1648730128199	mozrunner::runner	INFO	Running command: "/usr/bin/firefox" "--marionette" "-no-remote" "-profile" "/tmp/rust_mozprofileq5muiH"
ATTENTION: default value of option mesa_glthread overridden by environment.
ATTENTION: default value of option mesa_glthread overridden by environment.
ATTENTION: default value of option mesa_glthread overridden by environment.
ATTENTION: default value of option mesa_glthread overridden by environment.
1648730128967	Marionette	INFO	Marionette enabled
console.warn: SearchSettings: "get: No settings file exists, new profile?" (new NotFoundError("Could not open the file at /tmp/rust_mozprofileq5muiH/search.json.mozlz4", (void 0)))
1648730130285	Marionette	INFO	Listening on port 41545
1648730130324	RemoteAgent	WARN	TLS certificate errors will be ignored for this session
console.error: Region.jsm: "Error fetching region" (new Error("TIMEOUT", "resource://gre/modules/Region.jsm", 772))
console.error: Region.jsm: "Failed to fetch region" (new Error("TIMEOUT", "resource://gre/modules/Region.jsm", 419))
console.warn: TopSitesFeed: Failed to fetch data from Contile server: NetworkError when attempting to fetch resource.
console.error: Region.jsm: "Error fetching region" (new Error("TIMEOUT", "resource://gre/modules/Region.jsm", 772))
console.error: Region.jsm: "Failed to fetch region" (new Error("TIMEOUT", "resource://gre/modules/Region.jsm", 419))
1648730397025	addons.xpi	ERROR	System addon update list error Error: Failed downloading XML, status: 0, reason: timeout
1648730538970	addons.xpi	ERROR	System addon update list error Error: Failed downloading XML, status: 0, reason: timeout
console.error: Region.jsm: "Error fetching region" (new Error("TIMEOUT", "resource://gre/modules/Region.jsm", 772))
console.error: Region.jsm: "Failed to fetch region" (new Error("TIMEOUT", "resource://gre/modules/Region.jsm", 419))
1648730817253	geckodriver	INFO	Listening on 127.0.0.1:51495
1648730818255	mozrunner::runner	INFO	Running command: "/usr/bin/firefox" "--marionette" "-no-remote" "-profile" "/tmp/rust_mozprofile04NrvL"
ATTENTION: default value of option mesa_glthread overridden by environment.
ATTENTION: default value of option mesa_glthread overridden by environment.
ATTENTION: default value of option mesa_glthread overridden by environment.
ATTENTION: default value of option mesa_glthread overridden by environment.
1648730819086	Marionette	INFO	Marionette enabled
console.warn: SearchSettings: "get: No settings file exists, new profile?" (new NotFoundError("Could not open the file at /tmp/rust_mozprofile04NrvL/search.json.mozlz4", (void 0)))
1648730820154	Marionette	INFO	Listening on port 44525
1648730820173	RemoteAgent	WARN	TLS certificate errors will be ignored for this session
console.error: Region.jsm: "Error fetching region" (new Error("TIMEOUT", "resource://gre/modules/Region.jsm", 772))
console.error: Region.jsm: "Failed to fetch region" (new Error("TIMEOUT", "resource://gre/modules/Region.jsm", 419))
1648730892495	geckodriver	INFO	Listening on 127.0.0.1:42739
1648730893503	mozrunner::runner	INFO	Running command: "/usr/bin/firefox" "--marionette" "-no-remote" "-profile" "/tmp/rust_mozprofileKdfq8I"
ATTENTION: default value of option mesa_glthread overridden by environment.
ATTENTION: default value of option mesa_glthread overridden by environment.
ATTENTION: default value of option mesa_glthread overridden by environment.
1648730894254	Marionette	INFO	Marionette enabled
ATTENTION: default value of option mesa_glthread overridden by environment.
console.warn: SearchSettings: "get: No settings file exists, new profile?" (new NotFoundError("Could not open the file at /tmp/rust_mozprofileKdfq8I/search.json.mozlz4", (void 0)))
1648730895355	Marionette	INFO	Listening on port 36851
1648730895426	RemoteAgent	WARN	TLS certificate errors will be ignored for this session
1648731040976	geckodriver	INFO	Listening on 127.0.0.1:60283
1648731041983	mozrunner::runner	INFO	Running command: "/usr/bin/firefox" "--marionette" "-no-remote" "-profile" "/tmp/rust_mozprofilecD2I8o"
ATTENTION: default value of option mesa_glthread overridden by environment.
ATTENTION: default value of option mesa_glthread overridden by environment.
ATTENTION: default value of option mesa_glthread overridden by environment.
ATTENTION: default value of option mesa_glthread overridden by environment.
1648731042709	Marionette	INFO	Marionette enabled
console.warn: SearchSettings: "get: No settings file exists, new profile?" (new NotFoundError("Could not open the file at /tmp/rust_mozprofilecD2I8o/search.json.mozlz4", (void 0)))
1648731043641	Marionette	INFO	Listening on port 36745
1648731043704	RemoteAgent	WARN	TLS certificate errors will be ignored for this session
1648731249667	Marionette	INFO	Stopped listening on port 36745
1648731251674	Marionette	INFO	Stopped listening on port 44525
1648733606067	geckodriver	INFO	Listening on 127.0.0.1:53393
1648733607074	mozrunner::runner	INFO	Running command: "/usr/bin/firefox" "--marionette" "-no-remote" "-profile" "/tmp/rust_mozprofilePNf4Yp"
ATTENTION: default value of option mesa_glthread overridden by environment.
ATTENTION: default value of option mesa_glthread overridden by environment.
ATTENTION: default value of option mesa_glthread overridden by environment.
ATTENTION: default value of option mesa_glthread overridden by environment.
1648733607856	Marionette	INFO	Marionette enabled
console.warn: SearchSettings: "get: No settings file exists, new profile?" (new NotFoundError("Could not open the file at /tmp/rust_mozprofilePNf4Yp/search.json.mozlz4", (void 0)))
1648733609057	Marionette	INFO	Listening on port 42135
1648733609092	RemoteAgent	WARN	TLS certificate errors will be ignored for this session
1648733733183	geckodriver	INFO	Listening on 127.0.0.1:45639
1648733734184	mozrunner::runner	INFO	Running command: "/usr/bin/firefox" "--marionette" "-no-remote" "-profile" "/tmp/rust_mozprofileKRIKOh"
ATTENTION: default value of option mesa_glthread overridden by environment.
ATTENTION: default value of option mesa_glthread overridden by environment.
ATTENTION: default value of option mesa_glthread overridden by environment.
ATTENTION: default value of option mesa_glthread overridden by environment.
1648733734841	Marionette	INFO	Marionette enabled
console.warn: SearchSettings: "get: No settings file exists, new profile?" (new NotFoundError("Could not open the file at /tmp/rust_mozprofileKRIKOh/search.json.mozlz4", (void 0)))
1648733735986	Marionette	INFO	Listening on port 43401
1648733736004	RemoteAgent	WARN	TLS certificate errors will be ignored for this session
1648750018074	geckodriver	INFO	Listening on 127.0.0.1:56851
1648750019082	mozrunner::runner	INFO	Running command: "/usr/bin/firefox" "--marionette" "-no-remote" "-profile" "/tmp/rust_mozprofile6um7je"
ATTENTION: default value of option mesa_glthread overridden by environment.
ATTENTION: default value of option mesa_glthread overridden by environment.
ATTENTION: default value of option mesa_glthread overridden by environment.
ATTENTION: default value of option mesa_glthread overridden by environment.
1648750019749	Marionette	INFO	Marionette enabled
console.warn: SearchSettings: "get: No settings file exists, new profile?" (new NotFoundError("Could not open the file at /tmp/rust_mozprofile6um7je/search.json.mozlz4", (void 0)))
1648750020707	Marionette	INFO	Listening on port 40855
1648750020812	RemoteAgent	WARN	TLS certificate errors will be ignored for this session
console.error: Region.jsm: "Error fetching region" (new Error("TIMEOUT", "resource://gre/modules/Region.jsm", 772))
console.error: Region.jsm: "Failed to fetch region" (new Error("TIMEOUT", "resource://gre/modules/Region.jsm", 419))
1648750192498	geckodriver	INFO	Listening on 127.0.0.1:41579
1648750192501	mozrunner::runner	INFO	Running command: "/usr/bin/firefox" "--marionette" "-no-remote" "-profile" "/tmp/rust_mozprofilex7fBvZ"
ATTENTION: default value of option mesa_glthread overridden by environment.
ATTENTION: default value of option mesa_glthread overridden by environment.
ATTENTION: default value of option mesa_glthread overridden by environment.
ATTENTION: default value of option mesa_glthread overridden by environment.
1648750193093	Marionette	INFO	Marionette enabled
console.warn: SearchSettings: "get: No settings file exists, new profile?" (new NotFoundError("Could not open the file at /tmp/rust_mozprofilex7fBvZ/search.json.mozlz4", (void 0)))
1648750194015	Marionette	INFO	Listening on port 34891
1648750194117	RemoteAgent	WARN	TLS certificate errors will be ignored for this session
1648750396508	geckodriver	INFO	Listening on 127.0.0.1:38851
1648750397511	mozrunner::runner	INFO	Running command: "/usr/bin/firefox" "--marionette" "-no-remote" "-profile" "/tmp/rust_mozprofilekdRZvt"
ATTENTION: default value of option mesa_glthread overridden by environment.
ATTENTION: default value of option mesa_glthread overridden by environment.
ATTENTION: default value of option mesa_glthread overridden by environment.
1648750398080	Marionette	INFO	Marionette enabled
ATTENTION: default value of option mesa_glthread overridden by environment.
console.warn: SearchSettings: "get: No settings file exists, new profile?" (new NotFoundError("Could not open the file at /tmp/rust_mozprofilekdRZvt/search.json.mozlz4", (void 0)))
1648750399165	Marionette	INFO	Listening on port 46033
1648750399229	RemoteAgent	WARN	TLS certificate errors will be ignored for this session
console.error: Region.jsm: "Error fetching region" (new Error("TIMEOUT", "resource://gre/modules/Region.jsm", 772))
console.error: Region.jsm: "Failed to fetch region" (new Error("TIMEOUT", "resource://gre/modules/Region.jsm", 419))
1648750429762	addons.xpi	ERROR	System addon update list error Error: Failed downloading XML, status: 0, reason: timeout
1648751533327	Marionette	INFO	Stopped listening on port 40855
1648753879740	Marionette	INFO	Stopped listening on port 46033
1648753883892	Marionette	INFO	Stopped listening on port 34891
1648758984674	geckodriver	INFO	Listening on 127.0.0.1:49681
1648758985686	mozrunner::runner	INFO	Running command: "/usr/bin/firefox" "--marionette" "-no-remote" "-profile" "/tmp/rust_mozprofileOsGQD2"
ATTENTION: default value of option mesa_glthread overridden by environment.
ATTENTION: default value of option mesa_glthread overridden by environment.
ATTENTION: default value of option mesa_glthread overridden by environment.
ATTENTION: default value of option mesa_glthread overridden by environment.
1648758986316	Marionette	INFO	Marionette enabled
console.warn: SearchSettings: "get: No settings file exists, new profile?" (new NotFoundError("Could not open the file at /tmp/rust_mozprofileOsGQD2/search.json.mozlz4", (void 0)))
1648758987382	Marionette	INFO	Listening on port 45689
1648758987403	RemoteAgent	WARN	TLS certificate errors will be ignored for this session
1648758987446	Marionette	INFO	Stopped listening on port 45689
console.error: Region.jsm: "Error fetching region" (new TypeError("NetworkError when attempting to fetch resource.", ""))
console.error: Region.jsm: "Failed to fetch region" (new Error("NO_RESULT", "resource://gre/modules/Region.jsm", 419))
1648816509376	geckodriver	INFO	Listening on 127.0.0.1:44799
1648816510380	mozrunner::runner	INFO	Running command: "/usr/bin/firefox" "--marionette" "-no-remote" "-profile" "/tmp/rust_mozprofileOINwG5"
ATTENTION: default value of option mesa_glthread overridden by environment.
ATTENTION: default value of option mesa_glthread overridden by environment.
ATTENTION: default value of option mesa_glthread overridden by environment.
1648816511053	Marionette	INFO	Marionette enabled
ATTENTION: default value of option mesa_glthread overridden by environment.
console.warn: SearchSettings: "get: No settings file exists, new profile?" (new NotFoundError("Could not open the file at /tmp/rust_mozprofileOINwG5/search.json.mozlz4", (void 0)))
1648816512059	Marionette	INFO	Listening on port 33329
1648816512097	RemoteAgent	WARN	TLS certificate errors will be ignored for this session
1648816512506	geckodriver	INFO	Listening on 127.0.0.1:40371
1648816512508	mozrunner::runner	INFO	Running command: "/usr/bin/firefox" "--marionette" "-no-remote" "-profile" "/tmp/rust_mozprofileYQJ1sH"
ATTENTION: default value of option mesa_glthread overridden by environment.
ATTENTION: default value of option mesa_glthread overridden by environment.
ATTENTION: default value of option mesa_glthread overridden by environment.
ATTENTION: default value of option mesa_glthread overridden by environment.
1648816513112	Marionette	INFO	Marionette enabled
console.warn: SearchSettings: "get: No settings file exists, new profile?" (new NotFoundError("Could not open the file at /tmp/rust_mozprofileYQJ1sH/search.json.mozlz4", (void 0)))
1648816514131	Marionette	INFO	Listening on port 43391
1648816514227	RemoteAgent	WARN	TLS certificate errors will be ignored for this session
1648816514241	Marionette	INFO	Stopped listening on port 43391
console.error: Region.jsm: "Error fetching region" (new TypeError("NetworkError when attempting to fetch resource.", ""))
console.error: Region.jsm: "Failed to fetch region" (new Error("NO_RESULT", "resource://gre/modules/Region.jsm", 419))
console.warn: TopSitesFeed: Failed to fetch data from Contile server: NetworkError when attempting to fetch resource.

###!!! [Parent][PImageBridgeParent] Error: RunMessage(msgname=PImageBridge::Msg_WillClose) Channel closing: too late to send/recv, messages will be lost

1648818466888	geckodriver	INFO	Listening on 127.0.0.1:49761
1648818467893	mozrunner::runner	INFO	Running command: "/usr/bin/firefox" "--marionette" "-no-remote" "-profile" "/tmp/rust_mozprofileqzl3xC"
ATTENTION: default value of option mesa_glthread overridden by environment.
ATTENTION: default value of option mesa_glthread overridden by environment.
ATTENTION: default value of option mesa_glthread overridden by environment.
1648818468492	Marionette	INFO	Marionette enabled
ATTENTION: default value of option mesa_glthread overridden by environment.
console.warn: SearchSettings: "get: No settings file exists, new profile?" (new NotFoundError("Could not open the file at /tmp/rust_mozprofileqzl3xC/search.json.mozlz4", (void 0)))
1648818469519	Marionette	INFO	Listening on port 43875
1648818469618	RemoteAgent	WARN	TLS certificate errors will be ignored for this session
1648818470019	geckodriver	INFO	Listening on 127.0.0.1:54695
1648818470021	mozrunner::runner	INFO	Running command: "/usr/bin/firefox" "--marionette" "-no-remote" "-profile" "/tmp/rust_mozprofile7dLojJ"
ATTENTION: default value of option mesa_glthread overridden by environment.
ATTENTION: default value of option mesa_glthread overridden by environment.
ATTENTION: default value of option mesa_glthread overridden by environment.
ATTENTION: default value of option mesa_glthread overridden by environment.
1648818470624	Marionette	INFO	Marionette enabled
console.warn: SearchSettings: "get: No settings file exists, new profile?" (new NotFoundError("Could not open the file at /tmp/rust_mozprofile7dLojJ/search.json.mozlz4", (void 0)))
1648818471623	Marionette	INFO	Listening on port 34945
1648818471638	RemoteAgent	WARN	TLS certificate errors will be ignored for this session
1648818471648	Marionette	INFO	Stopped listening on port 34945
console.error: Region.jsm: "Error fetching region" (new TypeError("NetworkError when attempting to fetch resource.", ""))
console.error: Region.jsm: "Failed to fetch region" (new Error("NO_RESULT", "resource://gre/modules/Region.jsm", 419))
1648818928363	geckodriver	INFO	Listening on 127.0.0.1:53025
1648818929370	mozrunner::runner	INFO	Running command: "/usr/bin/firefox" "--marionette" "-no-remote" "-profile" "/tmp/rust_mozprofile01mpAV"
ATTENTION: default value of option mesa_glthread overridden by environment.
ATTENTION: default value of option mesa_glthread overridden by environment.
ATTENTION: default value of option mesa_glthread overridden by environment.
ATTENTION: default value of option mesa_glthread overridden by environment.
1648818929986	Marionette	INFO	Marionette enabled
console.warn: SearchSettings: "get: No settings file exists, new profile?" (new NotFoundError("Could not open the file at /tmp/rust_mozprofile01mpAV/search.json.mozlz4", (void 0)))
1648818931159	Marionette	INFO	Listening on port 44557
1648818931185	RemoteAgent	WARN	TLS certificate errors will be ignored for this session
1648818931467	geckodriver	INFO	Listening on 127.0.0.1:57753
1648818932472	mozrunner::runner	INFO	Running command: "/usr/bin/firefox" "--marionette" "-no-remote" "-profile" "/tmp/rust_mozprofileoLkxqh"
ATTENTION: default value of option mesa_glthread overridden by environment.
ATTENTION: default value of option mesa_glthread overridden by environment.
ATTENTION: default value of option mesa_glthread overridden by environment.
ATTENTION: default value of option mesa_glthread overridden by environment.
1648818933095	Marionette	INFO	Marionette enabled
console.warn: SearchSettings: "get: No settings file exists, new profile?" (new NotFoundError("Could not open the file at /tmp/rust_mozprofileoLkxqh/search.json.mozlz4", (void 0)))
1648818934198	Marionette	INFO	Listening on port 36285
1648818934289	RemoteAgent	WARN	TLS certificate errors will be ignored for this session
1648818934297	Marionette	INFO	Stopped listening on port 36285
console.error: Region.jsm: "Error fetching region" (new TypeError("NetworkError when attempting to fetch resource.", ""))
console.error: Region.jsm: "Failed to fetch region" (new Error("NO_RESULT", "resource://gre/modules/Region.jsm", 419))
console.warn: TopSitesFeed: Failed to fetch data from Contile server: NetworkError when attempting to fetch resource.
console.error: Region.jsm: "Error fetching region" (new Error("TIMEOUT", "resource://gre/modules/Region.jsm", 772))
console.error: Region.jsm: "Failed to fetch region" (new Error("TIMEOUT", "resource://gre/modules/Region.jsm", 419))
1648826956611	Marionette	INFO	Stopped listening on port 44557
Gdk-Message: 20:47:27.136: firefox: Fatal IO error 11 (Resource temporarily unavailable) on X server :0.

Exiting due to channel error.
Exiting due to channel error.
Gdk-Message: 20:47:27.381: firefox: Fatal IO error 11 (Resource temporarily unavailable) on X server :0.

Exiting due to channel error.
[GFX1-]: Receive IPC close with reason=AbnormalShutdown
Exiting due to channel error.
1649695908589	geckodriver	INFO	Listening on 127.0.0.1:36959
1649695909602	mozrunner::runner	INFO	Running command: "/usr/bin/firefox" "--marionette" "-no-remote" "-profile" "/tmp/rust_mozprofileOqvrBt"
ATTENTION: default value of option mesa_glthread overridden by environment.
ATTENTION: default value of option mesa_glthread overridden by environment.
ATTENTION: default value of option mesa_glthread overridden by environment.
ATTENTION: default value of option mesa_glthread overridden by environment.
1649695910232	Marionette	INFO	Marionette enabled
console.warn: SearchSettings: "get: No settings file exists, new profile?" (new NotFoundError("Could not open the file at /tmp/rust_mozprofileOqvrBt/search.json.mozlz4", (void 0)))
1649695911175	Marionette	INFO	Listening on port 44781
1649695911221	RemoteAgent	WARN	TLS certificate errors will be ignored for this session
1649695911285	Marionette	INFO	Stopped listening on port 44781
console.warn: services.settings: main/query-stripping sync interrupted by shutdown
console.error: Region.jsm: "Error fetching region" (new TypeError("NetworkError when attempting to fetch resource.", ""))
console.error: Region.jsm: "Failed to fetch region" (new Error("NO_RESULT", "resource://gre/modules/Region.jsm", 419))
1649696068120	geckodriver	INFO	Listening on 127.0.0.1:55399
1649696068122	mozrunner::runner	INFO	Running command: "/usr/bin/firefox" "--marionette" "-no-remote" "-profile" "/tmp/rust_mozprofilesU9Fol"
ATTENTION: default value of option mesa_glthread overridden by environment.
ATTENTION: default value of option mesa_glthread overridden by environment.
ATTENTION: default value of option mesa_glthread overridden by environment.
ATTENTION: default value of option mesa_glthread overridden by environment.
1649696068754	Marionette	INFO	Marionette enabled
console.warn: SearchSettings: "get: No settings file exists, new profile?" (new NotFoundError("Could not open the file at /tmp/rust_mozprofilesU9Fol/search.json.mozlz4", (void 0)))
1649696069837	Marionette	INFO	Listening on port 39699
1649696069937	RemoteAgent	WARN	TLS certificate errors will be ignored for this session
1649696070706	Marionette	INFO	Stopped listening on port 39699

###!!! [Parent][PImageBridgeParent] Error: RunMessage(msgname=PImageBridge::Msg_WillClose) Channel closing: too late to send/recv, messages will be lost

1649696139815	geckodriver	INFO	Listening on 127.0.0.1:42119
1649696139818	mozrunner::runner	INFO	Running command: "/usr/bin/firefox" "--marionette" "-no-remote" "-profile" "/tmp/rust_mozprofilezxPmW0"
ATTENTION: default value of option mesa_glthread overridden by environment.
ATTENTION: default value of option mesa_glthread overridden by environment.
ATTENTION: default value of option mesa_glthread overridden by environment.
ATTENTION: default value of option mesa_glthread overridden by environment.
1649696140403	Marionette	INFO	Marionette enabled
console.warn: SearchSettings: "get: No settings file exists, new profile?" (new NotFoundError("Could not open the file at /tmp/rust_mozprofilezxPmW0/search.json.mozlz4", (void 0)))
1649696141303	Marionette	INFO	Listening on port 41805
1649696141332	RemoteAgent	WARN	TLS certificate errors will be ignored for this session
1649696142163	Marionette	INFO	Stopped listening on port 41805

###!!! [Parent][PImageBridgeParent] Error: RunMessage(msgname=PImageBridge::Msg_WillClose) Channel closing: too late to send/recv, messages will be lost

1649703118571	geckodriver	INFO	Listening on 127.0.0.1:51813
1649703119581	mozrunner::runner	INFO	Running command: "/usr/bin/firefox" "--marionette" "-no-remote" "-profile" "/tmp/rust_mozprofilecBuX5P"
ATTENTION: default value of option mesa_glthread overridden by environment.
ATTENTION: default value of option mesa_glthread overridden by environment.
ATTENTION: default value of option mesa_glthread overridden by environment.
ATTENTION: default value of option mesa_glthread overridden by environment.
1649703120193	Marionette	INFO	Marionette enabled
console.warn: SearchSettings: "get: No settings file exists, new profile?" (new NotFoundError("Could not open the file at /tmp/rust_mozprofilecBuX5P/search.json.mozlz4", (void 0)))
1649703121187	Marionette	INFO	Listening on port 32953
1649703121296	RemoteAgent	WARN	TLS certificate errors will be ignored for this session
1649703181448	geckodriver	INFO	Listening on 127.0.0.1:35769
1649703182446	mozrunner::runner	INFO	Running command: "/usr/bin/firefox" "--marionette" "-no-remote" "-profile" "/tmp/rust_mozprofileunACsK"
ATTENTION: default value of option mesa_glthread overridden by environment.
ATTENTION: default value of option mesa_glthread overridden by environment.
ATTENTION: default value of option mesa_glthread overridden by environment.
ATTENTION: default value of option mesa_glthread overridden by environment.
1649703183091	Marionette	INFO	Marionette enabled
console.warn: SearchSettings: "get: No settings file exists, new profile?" (new NotFoundError("Could not open the file at /tmp/rust_mozprofileunACsK/search.json.mozlz4", (void 0)))
1649703184129	Marionette	INFO	Listening on port 37881
1649703184182	RemoteAgent	WARN	TLS certificate errors will be ignored for this session
1649703200611	geckodriver	INFO	Listening on 127.0.0.1:58823
1649703200614	mozrunner::runner	INFO	Running command: "/usr/bin/firefox" "--marionette" "-no-remote" "-profile" "/tmp/rust_mozprofilejoT5gm"
ATTENTION: default value of option mesa_glthread overridden by environment.
ATTENTION: default value of option mesa_glthread overridden by environment.
ATTENTION: default value of option mesa_glthread overridden by environment.
ATTENTION: default value of option mesa_glthread overridden by environment.
1649703201212	Marionette	INFO	Marionette enabled
console.warn: SearchSettings: "get: No settings file exists, new profile?" (new NotFoundError("Could not open the file at /tmp/rust_mozprofilejoT5gm/search.json.mozlz4", (void 0)))
1649703202305	Marionette	INFO	Listening on port 38843
1649703202331	RemoteAgent	WARN	TLS certificate errors will be ignored for this session
1649703202441	Marionette	INFO	Stopped listening on port 37881
1649703204253	Marionette	INFO	Stopped listening on port 32953
1649703275927	geckodriver	INFO	Listening on 127.0.0.1:55087
1649703275930	mozrunner::runner	INFO	Running command: "/usr/bin/firefox" "--marionette" "-no-remote" "-profile" "/tmp/rust_mozprofiley1KixN"
ATTENTION: default value of option mesa_glthread overridden by environment.
ATTENTION: default value of option mesa_glthread overridden by environment.
ATTENTION: default value of option mesa_glthread overridden by environment.
ATTENTION: default value of option mesa_glthread overridden by environment.
1649703276542	Marionette	INFO	Marionette enabled
console.warn: SearchSettings: "get: No settings file exists, new profile?" (new NotFoundError("Could not open the file at /tmp/rust_mozprofiley1KixN/search.json.mozlz4", (void 0)))
1649703277461	Marionette	INFO	Listening on port 37085
1649703277545	RemoteAgent	WARN	TLS certificate errors will be ignored for this session
1649703317647	geckodriver	INFO	Listening on 127.0.0.1:39253
1649703317650	mozrunner::runner	INFO	Running command: "/usr/bin/firefox" "--marionette" "-no-remote" "-profile" "/tmp/rust_mozprofilez1EB7r"
ATTENTION: default value of option mesa_glthread overridden by environment.
ATTENTION: default value of option mesa_glthread overridden by environment.
ATTENTION: default value of option mesa_glthread overridden by environment.
ATTENTION: default value of option mesa_glthread overridden by environment.
1649703318217	Marionette	INFO	Marionette enabled
console.warn: SearchSettings: "get: No settings file exists, new profile?" (new NotFoundError("Could not open the file at /tmp/rust_mozprofilez1EB7r/search.json.mozlz4", (void 0)))
1649703319148	Marionette	INFO	Listening on port 35223
1649703319172	RemoteAgent	WARN	TLS certificate errors will be ignored for this session
1649703358317	geckodriver	INFO	Listening on 127.0.0.1:38539
1649703359329	mozrunner::runner	INFO	Running command: "/usr/bin/firefox" "--marionette" "-no-remote" "-profile" "/tmp/rust_mozprofileTMToCO"
ATTENTION: default value of option mesa_glthread overridden by environment.
ATTENTION: default value of option mesa_glthread overridden by environment.
ATTENTION: default value of option mesa_glthread overridden by environment.
ATTENTION: default value of option mesa_glthread overridden by environment.
1649703360044	Marionette	INFO	Marionette enabled
console.warn: SearchSettings: "get: No settings file exists, new profile?" (new NotFoundError("Could not open the file at /tmp/rust_mozprofileTMToCO/search.json.mozlz4", (void 0)))
1649703361332	Marionette	INFO	Listening on port 40289
1649703361353	RemoteAgent	WARN	TLS certificate errors will be ignored for this session
1649703364560	Marionette	INFO	Stopped listening on port 35223
1649703366291	Marionette	INFO	Stopped listening on port 37085
1649703367982	Marionette	INFO	Stopped listening on port 40289
1649703402322	geckodriver	INFO	Listening on 127.0.0.1:42913
1649703403334	mozrunner::runner	INFO	Running command: "/usr/bin/firefox" "--marionette" "-no-remote" "-profile" "/tmp/rust_mozprofileANNdIo"
ATTENTION: default value of option mesa_glthread overridden by environment.
ATTENTION: default value of option mesa_glthread overridden by environment.
ATTENTION: default value of option mesa_glthread overridden by environment.
ATTENTION: default value of option mesa_glthread overridden by environment.
1649703403942	Marionette	INFO	Marionette enabled
console.warn: SearchSettings: "get: No settings file exists, new profile?" (new NotFoundError("Could not open the file at /tmp/rust_mozprofileANNdIo/search.json.mozlz4", (void 0)))
1649703404830	Marionette	INFO	Listening on port 35847
1649703404849	RemoteAgent	WARN	TLS certificate errors will be ignored for this session
1649703753534	geckodriver	INFO	Listening on 127.0.0.1:36103
1649703754544	mozrunner::runner	INFO	Running command: "/usr/bin/firefox" "--marionette" "-no-remote" "-profile" "/tmp/rust_mozprofile3LEOZ8"
ATTENTION: default value of option mesa_glthread overridden by environment.
ATTENTION: default value of option mesa_glthread overridden by environment.
ATTENTION: default value of option mesa_glthread overridden by environment.
ATTENTION: default value of option mesa_glthread overridden by environment.
1649703755153	Marionette	INFO	Marionette enabled
console.warn: SearchSettings: "get: No settings file exists, new profile?" (new NotFoundError("Could not open the file at /tmp/rust_mozprofile3LEOZ8/search.json.mozlz4", (void 0)))
1649703756228	Marionette	INFO	Listening on port 39661
1649703756261	RemoteAgent	WARN	TLS certificate errors will be ignored for this session
1649703757092	Marionette	INFO	Stopped listening on port 39661

###!!! [Parent][PImageBridgeParent] Error: RunMessage(msgname=PImageBridge::Msg_WillClose) Channel closing: too late to send/recv, messages will be lost

1649703862409	geckodriver	INFO	Listening on 127.0.0.1:47487
1649703863419	mozrunner::runner	INFO	Running command: "/usr/bin/firefox" "--marionette" "-no-remote" "-profile" "/tmp/rust_mozprofilez5AyEY"
ATTENTION: default value of option mesa_glthread overridden by environment.
ATTENTION: default value of option mesa_glthread overridden by environment.
ATTENTION: default value of option mesa_glthread overridden by environment.
ATTENTION: default value of option mesa_glthread overridden by environment.
1649703864059	Marionette	INFO	Marionette enabled
console.warn: SearchSettings: "get: No settings file exists, new profile?" (new NotFoundError("Could not open the file at /tmp/rust_mozprofilez5AyEY/search.json.mozlz4", (void 0)))
1649703865135	Marionette	INFO	Listening on port 40201
1649703865251	RemoteAgent	WARN	TLS certificate errors will be ignored for this session
1649703865294	Marionette	INFO	Stopped listening on port 40201
1649704482720	geckodriver	INFO	Listening on 127.0.0.1:51883
1649704483730	mozrunner::runner	INFO	Running command: "/usr/bin/firefox" "--marionette" "-no-remote" "-profile" "/tmp/rust_mozprofileSkG8Nx"
ATTENTION: default value of option mesa_glthread overridden by environment.
ATTENTION: default value of option mesa_glthread overridden by environment.
ATTENTION: default value of option mesa_glthread overridden by environment.
1649704484345	Marionette	INFO	Marionette enabled
ATTENTION: default value of option mesa_glthread overridden by environment.
console.warn: SearchSettings: "get: No settings file exists, new profile?" (new NotFoundError("Could not open the file at /tmp/rust_mozprofileSkG8Nx/search.json.mozlz4", (void 0)))
1649704485455	Marionette	INFO	Listening on port 38025
1649704485547	RemoteAgent	WARN	TLS certificate errors will be ignored for this session
1649704485590	Marionette	INFO	Stopped listening on port 38025
console.warn: services.settings: main/query-stripping sync interrupted by shutdown
1649704522910	geckodriver	INFO	Listening on 127.0.0.1:45325
1649704523918	mozrunner::runner	INFO	Running command: "/usr/bin/firefox" "--marionette" "-no-remote" "-profile" "/tmp/rust_mozprofileMpYQck"
ATTENTION: default value of option mesa_glthread overridden by environment.
ATTENTION: default value of option mesa_glthread overridden by environment.
ATTENTION: default value of option mesa_glthread overridden by environment.
1649704524513	Marionette	INFO	Marionette enabled
ATTENTION: default value of option mesa_glthread overridden by environment.
console.warn: SearchSettings: "get: No settings file exists, new profile?" (new NotFoundError("Could not open the file at /tmp/rust_mozprofileMpYQck/search.json.mozlz4", (void 0)))
1649704525526	Marionette	INFO	Listening on port 39509
1649704525636	RemoteAgent	WARN	TLS certificate errors will be ignored for this session
1649704706436	Marionette	INFO	Stopped listening on port 39509

###!!! [Parent][PImageBridgeParent] Error: RunMessage(msgname=PImageBridge::Msg_WillClose) Channel closing: too late to send/recv, messages will be lost

1649705700536	geckodriver	INFO	Listening on 127.0.0.1:41945
1649705701545	mozrunner::runner	INFO	Running command: "/usr/bin/firefox" "--marionette" "-no-remote" "-profile" "/tmp/rust_mozprofilemgvqNe"
ATTENTION: default value of option mesa_glthread overridden by environment.
ATTENTION: default value of option mesa_glthread overridden by environment.
ATTENTION: default value of option mesa_glthread overridden by environment.
1649705702177	Marionette	INFO	Marionette enabled
ATTENTION: default value of option mesa_glthread overridden by environment.
console.warn: SearchSettings: "get: No settings file exists, new profile?" (new NotFoundError("Could not open the file at /tmp/rust_mozprofilemgvqNe/search.json.mozlz4", (void 0)))
1649705703187	Marionette	INFO	Listening on port 36319
1649705703261	RemoteAgent	WARN	TLS certificate errors will be ignored for this session
1649705730110	geckodriver	INFO	Listening on 127.0.0.1:40701
1649705731118	mozrunner::runner	INFO	Running command: "/usr/bin/firefox" "--marionette" "-no-remote" "-profile" "/tmp/rust_mozprofilev2CRu1"
ATTENTION: default value of option mesa_glthread overridden by environment.
ATTENTION: default value of option mesa_glthread overridden by environment.
ATTENTION: default value of option mesa_glthread overridden by environment.
ATTENTION: default value of option mesa_glthread overridden by environment.
1649705731721	Marionette	INFO	Marionette enabled
console.warn: SearchSettings: "get: No settings file exists, new profile?" (new NotFoundError("Could not open the file at /tmp/rust_mozprofilev2CRu1/search.json.mozlz4", (void 0)))
1649705732844	Marionette	INFO	Listening on port 44713
1649705732934	RemoteAgent	WARN	TLS certificate errors will be ignored for this session
1649709785763	Marionette	INFO	Stopped listening on port 36319
1649709789418	Marionette	INFO	Stopped listening on port 35847
1649709792369	Marionette	INFO	Stopped listening on port 44713
1649709793830	Marionette	INFO	Stopped listening on port 38843
1649879210646	geckodriver	INFO	Listening on 127.0.0.1:49517
1649879211653	mozrunner::runner	INFO	Running command: "/usr/bin/firefox" "--marionette" "-no-remote" "-profile" "/tmp/rust_mozprofileNEUldd"
ATTENTION: default value of option mesa_glthread overridden by environment.
ATTENTION: default value of option mesa_glthread overridden by environment.
ATTENTION: default value of option mesa_glthread overridden by environment.
ATTENTION: default value of option mesa_glthread overridden by environment.
1649879212331	Marionette	INFO	Marionette enabled
console.warn: SearchSettings: "get: No settings file exists, new profile?" (new NotFoundError("Could not open the file at /tmp/rust_mozprofileNEUldd/search.json.mozlz4", (void 0)))
1649879213303	Marionette	INFO	Listening on port 36085
1649879213380	RemoteAgent	WARN	TLS certificate errors will be ignored for this session
1649879214912	geckodriver	INFO	Listening on 127.0.0.1:54817
1649879214915	mozrunner::runner	INFO	Running command: "/usr/bin/firefox" "--marionette" "-no-remote" "-profile" "/tmp/rust_mozprofilezsuTeE"
ATTENTION: default value of option mesa_glthread overridden by environment.
ATTENTION: default value of option mesa_glthread overridden by environment.
ATTENTION: default value of option mesa_glthread overridden by environment.
ATTENTION: default value of option mesa_glthread overridden by environment.
1649879215497	Marionette	INFO	Marionette enabled
console.warn: SearchSettings: "get: No settings file exists, new profile?" (new NotFoundError("Could not open the file at /tmp/rust_mozprofilezsuTeE/search.json.mozlz4", (void 0)))
1649879216384	Marionette	INFO	Listening on port 38423
1649879216429	RemoteAgent	WARN	TLS certificate errors will be ignored for this session
console.error: Region.jsm: "Error fetching region" (new Error("TIMEOUT", "resource://gre/modules/Region.jsm", 772))
console.error: Region.jsm: "Failed to fetch region" (new Error("TIMEOUT", "resource://gre/modules/Region.jsm", 419))
console.error: Region.jsm: "Error fetching region" (new Error("TIMEOUT", "resource://gre/modules/Region.jsm", 772))
console.error: Region.jsm: "Failed to fetch region" (new Error("TIMEOUT", "resource://gre/modules/Region.jsm", 419))
1649879417839	Marionette	INFO	Stopped listening on port 38423

###!!! [Parent][PImageBridgeParent] Error: RunMessage(msgname=PImageBridge::Msg_WillClose) Channel closing: too late to send/recv, messages will be lost

1649879418106	geckodriver	INFO	Listening on 127.0.0.1:42113
1649879419109	mozrunner::runner	INFO	Running command: "/usr/bin/firefox" "--marionette" "-no-remote" "-profile" "/tmp/rust_mozprofileffAC5r"
ATTENTION: default value of option mesa_glthread overridden by environment.
ATTENTION: default value of option mesa_glthread overridden by environment.
ATTENTION: default value of option mesa_glthread overridden by environment.
ATTENTION: default value of option mesa_glthread overridden by environment.
1649879419786	Marionette	INFO	Marionette enabled
console.warn: SearchSettings: "get: No settings file exists, new profile?" (new NotFoundError("Could not open the file at /tmp/rust_mozprofileffAC5r/search.json.mozlz4", (void 0)))
1649879420726	Marionette	INFO	Listening on port 42021
1649879420840	RemoteAgent	WARN	TLS certificate errors will be ignored for this session
1649879421868	Marionette	INFO	Stopped listening on port 42021
1649881581097	Marionette	INFO	Stopped listening on port 36085
1649883359844	geckodriver	INFO	Listening on 127.0.0.1:45317
1649883360858	mozrunner::runner	INFO	Running command: "/usr/bin/firefox" "--marionette" "-no-remote" "-profile" "/tmp/rust_mozprofile7Y29Ih"
ATTENTION: default value of option mesa_glthread overridden by environment.
ATTENTION: default value of option mesa_glthread overridden by environment.
ATTENTION: default value of option mesa_glthread overridden by environment.
1649883361472	Marionette	INFO	Marionette enabled
ATTENTION: default value of option mesa_glthread overridden by environment.
console.warn: SearchSettings: "get: No settings file exists, new profile?" (new NotFoundError("Could not open the file at /tmp/rust_mozprofile7Y29Ih/search.json.mozlz4", (void 0)))
1649883362413	Marionette	INFO	Listening on port 34685
1649883362485	RemoteAgent	WARN	TLS certificate errors will be ignored for this session
1649883895396	Marionette	INFO	Stopped listening on port 34685
1649884011006	geckodriver	INFO	Listening on 127.0.0.1:34317
1649884012005	mozrunner::runner	INFO	Running command: "/usr/bin/firefox" "--marionette" "-no-remote" "-profile" "/tmp/rust_mozprofileUwZbFR"
ATTENTION: default value of option mesa_glthread overridden by environment.
ATTENTION: default value of option mesa_glthread overridden by environment.
ATTENTION: default value of option mesa_glthread overridden by environment.
ATTENTION: default value of option mesa_glthread overridden by environment.
1649884012942	Marionette	INFO	Marionette enabled
console.warn: SearchSettings: "get: No settings file exists, new profile?" (new NotFoundError("Could not open the file at /tmp/rust_mozprofileUwZbFR/search.json.mozlz4", (void 0)))
1649884014384	Marionette	INFO	Listening on port 40527
1649884014454	RemoteAgent	WARN	TLS certificate errors will be ignored for this session
1649884270991	geckodriver	INFO	Listening on 127.0.0.1:51417
1649884270995	mozrunner::runner	INFO	Running command: "/usr/bin/firefox" "--marionette" "-no-remote" "-profile" "/tmp/rust_mozprofileDAGpDt"
ATTENTION: default value of option mesa_glthread overridden by environment.
ATTENTION: default value of option mesa_glthread overridden by environment.
ATTENTION: default value of option mesa_glthread overridden by environment.
ATTENTION: default value of option mesa_glthread overridden by environment.
1649884271640	Marionette	INFO	Marionette enabled
console.warn: SearchSettings: "get: No settings file exists, new profile?" (new NotFoundError("Could not open the file at /tmp/rust_mozprofileDAGpDt/search.json.mozlz4", (void 0)))
1649884273132	Marionette	INFO	Listening on port 41661
1649884273221	RemoteAgent	WARN	TLS certificate errors will be ignored for this session
1649886551981	geckodriver	INFO	Listening on 127.0.0.1:36761
1649886552989	mozrunner::runner	INFO	Running command: "/usr/bin/firefox" "--marionette" "-no-remote" "-profile" "/tmp/rust_mozprofileN3FVSP"
ATTENTION: default value of option mesa_glthread overridden by environment.
ATTENTION: default value of option mesa_glthread overridden by environment.
ATTENTION: default value of option mesa_glthread overridden by environment.
1649886553692	Marionette	INFO	Marionette enabled
ATTENTION: default value of option mesa_glthread overridden by environment.
console.warn: SearchSettings: "get: No settings file exists, new profile?" (new NotFoundError("Could not open the file at /tmp/rust_mozprofileN3FVSP/search.json.mozlz4", (void 0)))
1649886554879	Marionette	INFO	Listening on port 40465
1649886554916	RemoteAgent	WARN	TLS certificate errors will be ignored for this session
1649886616271	geckodriver	INFO	Listening on 127.0.0.1:47683
1649886617282	mozrunner::runner	INFO	Running command: "/usr/bin/firefox" "--marionette" "-no-remote" "-profile" "/tmp/rust_mozprofileZSpU5p"
ATTENTION: default value of option mesa_glthread overridden by environment.
ATTENTION: default value of option mesa_glthread overridden by environment.
ATTENTION: default value of option mesa_glthread overridden by environment.
ATTENTION: default value of option mesa_glthread overridden by environment.
1649886618072	Marionette	INFO	Marionette enabled
console.warn: SearchSettings: "get: No settings file exists, new profile?" (new NotFoundError("Could not open the file at /tmp/rust_mozprofileZSpU5p/search.json.mozlz4", (void 0)))
1649886619346	Marionette	INFO	Listening on port 42435
1649886619417	RemoteAgent	WARN	TLS certificate errors will be ignored for this session
1649886772533	geckodriver	INFO	Listening on 127.0.0.1:46417
1649886773542	mozrunner::runner	INFO	Running command: "/usr/bin/firefox" "--marionette" "-no-remote" "-profile" "/tmp/rust_mozprofileBmITZi"
ATTENTION: default value of option mesa_glthread overridden by environment.
ATTENTION: default value of option mesa_glthread overridden by environment.
ATTENTION: default value of option mesa_glthread overridden by environment.
ATTENTION: default value of option mesa_glthread overridden by environment.
1649886774269	Marionette	INFO	Marionette enabled
console.warn: SearchSettings: "get: No settings file exists, new profile?" (new NotFoundError("Could not open the file at /tmp/rust_mozprofileBmITZi/search.json.mozlz4", (void 0)))
1649886775491	Marionette	INFO	Listening on port 38003
1649886775566	RemoteAgent	WARN	TLS certificate errors will be ignored for this session
1649886886145	geckodriver	INFO	Listening on 127.0.0.1:60747
1649886887149	mozrunner::runner	INFO	Running command: "/usr/bin/firefox" "--marionette" "-no-remote" "-profile" "/tmp/rust_mozprofileAFpcuP"
ATTENTION: default value of option mesa_glthread overridden by environment.
ATTENTION: default value of option mesa_glthread overridden by environment.
ATTENTION: default value of option mesa_glthread overridden by environment.
ATTENTION: default value of option mesa_glthread overridden by environment.
1649886887833	Marionette	INFO	Marionette enabled
console.warn: SearchSettings: "get: No settings file exists, new profile?" (new NotFoundError("Could not open the file at /tmp/rust_mozprofileAFpcuP/search.json.mozlz4", (void 0)))
1649886888945	Marionette	INFO	Listening on port 36773
1649886888971	RemoteAgent	WARN	TLS certificate errors will be ignored for this session
1649887852427	geckodriver	INFO	Listening on 127.0.0.1:52337
1649887853442	mozrunner::runner	INFO	Running command: "/usr/bin/firefox" "--marionette" "-no-remote" "-profile" "/tmp/rust_mozprofileunA0wr"
ATTENTION: default value of option mesa_glthread overridden by environment.
ATTENTION: default value of option mesa_glthread overridden by environment.
ATTENTION: default value of option mesa_glthread overridden by environment.
ATTENTION: default value of option mesa_glthread overridden by environment.
1649887854172	Marionette	INFO	Marionette enabled
console.warn: SearchSettings: "get: No settings file exists, new profile?" (new NotFoundError("Could not open the file at /tmp/rust_mozprofileunA0wr/search.json.mozlz4", (void 0)))
1649887855320	Marionette	INFO	Listening on port 39437
1649887855364	RemoteAgent	WARN	TLS certificate errors will be ignored for this session
1649888069687	geckodriver	INFO	Listening on 127.0.0.1:34737
1649888070696	mozrunner::runner	INFO	Running command: "/usr/bin/firefox" "--marionette" "-no-remote" "-profile" "/tmp/rust_mozprofileiDCiEz"
ATTENTION: default value of option mesa_glthread overridden by environment.
ATTENTION: default value of option mesa_glthread overridden by environment.
ATTENTION: default value of option mesa_glthread overridden by environment.
1649888071339	Marionette	INFO	Marionette enabled
ATTENTION: default value of option mesa_glthread overridden by environment.
console.warn: SearchSettings: "get: No settings file exists, new profile?" (new NotFoundError("Could not open the file at /tmp/rust_mozprofileiDCiEz/search.json.mozlz4", (void 0)))
1649888072519	Marionette	INFO	Listening on port 40543
1649888072637	RemoteAgent	WARN	TLS certificate errors will be ignored for this session
1649888371526	geckodriver	INFO	Listening on 127.0.0.1:49297
1649888372534	mozrunner::runner	INFO	Running command: "/usr/bin/firefox" "--marionette" "-no-remote" "-profile" "/tmp/rust_mozprofileKDuTSW"
ATTENTION: default value of option mesa_glthread overridden by environment.
ATTENTION: default value of option mesa_glthread overridden by environment.
ATTENTION: default value of option mesa_glthread overridden by environment.
ATTENTION: default value of option mesa_glthread overridden by environment.
1649888373202	Marionette	INFO	Marionette enabled
console.warn: SearchSettings: "get: No settings file exists, new profile?" (new NotFoundError("Could not open the file at /tmp/rust_mozprofileKDuTSW/search.json.mozlz4", (void 0)))
1649888374196	Marionette	INFO	Listening on port 38395
1649888374253	RemoteAgent	WARN	TLS certificate errors will be ignored for this session
1649888374326	Marionette	INFO	Stopped listening on port 38395
console.warn: TopSitesFeed: Failed to fetch data from Contile server: NetworkError when attempting to fetch resource.
1649888582046	geckodriver	INFO	Listening on 127.0.0.1:58593
1649888582049	mozrunner::runner	INFO	Running command: "/usr/bin/firefox" "--marionette" "-no-remote" "-profile" "/tmp/rust_mozprofileRXU6PA"
ATTENTION: default value of option mesa_glthread overridden by environment.
ATTENTION: default value of option mesa_glthread overridden by environment.
ATTENTION: default value of option mesa_glthread overridden by environment.
ATTENTION: default value of option mesa_glthread overridden by environment.
1649888582616	Marionette	INFO	Marionette enabled
console.warn: SearchSettings: "get: No settings file exists, new profile?" (new NotFoundError("Could not open the file at /tmp/rust_mozprofileRXU6PA/search.json.mozlz4", (void 0)))
1649888583854	Marionette	INFO	Listening on port 46523
1649888583967	RemoteAgent	WARN	TLS certificate errors will be ignored for this session
console.error: Region.jsm: "Error fetching region" (new Error("TIMEOUT", "resource://gre/modules/Region.jsm", 772))
console.error: Region.jsm: "Failed to fetch region" (new Error("TIMEOUT", "resource://gre/modules/Region.jsm", 419))
1649888629284	geckodriver	INFO	Listening on 127.0.0.1:48761
1649888630294	mozrunner::runner	INFO	Running command: "/usr/bin/firefox" "--marionette" "-no-remote" "-profile" "/tmp/rust_mozprofilerA6649"
ATTENTION: default value of option mesa_glthread overridden by environment.
ATTENTION: default value of option mesa_glthread overridden by environment.
ATTENTION: default value of option mesa_glthread overridden by environment.
1649888630903	Marionette	INFO	Marionette enabled
ATTENTION: default value of option mesa_glthread overridden by environment.
console.warn: SearchSettings: "get: No settings file exists, new profile?" (new NotFoundError("Could not open the file at /tmp/rust_mozprofilerA6649/search.json.mozlz4", (void 0)))
1649888631974	Marionette	INFO	Listening on port 37861
1649888632010	RemoteAgent	WARN	TLS certificate errors will be ignored for this session
console.error: Region.jsm: "Error fetching region" (new Error("TIMEOUT", "resource://gre/modules/Region.jsm", 772))
console.error: Region.jsm: "Failed to fetch region" (new Error("TIMEOUT", "resource://gre/modules/Region.jsm", 419))
1649888666493	geckodriver	INFO	Listening on 127.0.0.1:46575
1649888666497	mozrunner::runner	INFO	Running command: "/usr/bin/firefox" "--marionette" "-no-remote" "-profile" "/tmp/rust_mozprofileM0AiW9"
ATTENTION: default value of option mesa_glthread overridden by environment.
ATTENTION: default value of option mesa_glthread overridden by environment.
ATTENTION: default value of option mesa_glthread overridden by environment.
1649888667142	Marionette	INFO	Marionette enabled
ATTENTION: default value of option mesa_glthread overridden by environment.
console.warn: SearchSettings: "get: No settings file exists, new profile?" (new NotFoundError("Could not open the file at /tmp/rust_mozprofileM0AiW9/search.json.mozlz4", (void 0)))
1649888668339	Marionette	INFO	Listening on port 42545
1649888668414	RemoteAgent	WARN	TLS certificate errors will be ignored for this session
console.error: Region.jsm: "Error fetching region" (new Error("TIMEOUT", "resource://gre/modules/Region.jsm", 772))
console.error: Region.jsm: "Failed to fetch region" (new Error("TIMEOUT", "resource://gre/modules/Region.jsm", 419))
console.error: Region.jsm: "Error fetching region" (new Error("TIMEOUT", "resource://gre/modules/Region.jsm", 772))
console.error: Region.jsm: "Failed to fetch region" (new Error("TIMEOUT", "resource://gre/modules/Region.jsm", 419))
1649889076867	geckodriver	INFO	Listening on 127.0.0.1:56083
1649889077874	mozrunner::runner	INFO	Running command: "/usr/bin/firefox" "--marionette" "-no-remote" "-profile" "/tmp/rust_mozprofilee2kZuj"
ATTENTION: default value of option mesa_glthread overridden by environment.
ATTENTION: default value of option mesa_glthread overridden by environment.
ATTENTION: default value of option mesa_glthread overridden by environment.
1649889078643	Marionette	INFO	Marionette enabled
ATTENTION: default value of option mesa_glthread overridden by environment.
console.warn: SearchSettings: "get: No settings file exists, new profile?" (new NotFoundError("Could not open the file at /tmp/rust_mozprofilee2kZuj/search.json.mozlz4", (void 0)))
1649889079697	Marionette	INFO	Listening on port 33075
1649889079799	RemoteAgent	WARN	TLS certificate errors will be ignored for this session
1649889112955	geckodriver	INFO	Listening on 127.0.0.1:48431
1649889113963	mozrunner::runner	INFO	Running command: "/usr/bin/firefox" "--marionette" "-no-remote" "-profile" "/tmp/rust_mozprofileu3A1Qe"
ATTENTION: default value of option mesa_glthread overridden by environment.
ATTENTION: default value of option mesa_glthread overridden by environment.
ATTENTION: default value of option mesa_glthread overridden by environment.
ATTENTION: default value of option mesa_glthread overridden by environment.
1649889114553	Marionette	INFO	Marionette enabled
console.warn: SearchSettings: "get: No settings file exists, new profile?" (new NotFoundError("Could not open the file at /tmp/rust_mozprofileu3A1Qe/search.json.mozlz4", (void 0)))
1649889115444	Marionette	INFO	Listening on port 34143
1649889115479	RemoteAgent	WARN	TLS certificate errors will be ignored for this session
1649889120678	Marionette	INFO	Stopped listening on port 34143
1649889242616	geckodriver	INFO	Listening on 127.0.0.1:34605
1649889242619	mozrunner::runner	INFO	Running command: "/usr/bin/firefox" "--marionette" "-no-remote" "-profile" "/tmp/rust_mozprofile7UzhlZ"
ATTENTION: default value of option mesa_glthread overridden by environment.
ATTENTION: default value of option mesa_glthread overridden by environment.
ATTENTION: default value of option mesa_glthread overridden by environment.
1649889243177	Marionette	INFO	Marionette enabled
ATTENTION: default value of option mesa_glthread overridden by environment.
console.warn: SearchSettings: "get: No settings file exists, new profile?" (new NotFoundError("Could not open the file at /tmp/rust_mozprofile7UzhlZ/search.json.mozlz4", (void 0)))
1649889244256	Marionette	INFO	Listening on port 44441
1649889244334	RemoteAgent	WARN	TLS certificate errors will be ignored for this session
console.warn: LoginRecipes: "getRecipes: falling back to a synchronous message for:" "https://orcid.org"
console.warn: LoginRecipes: "getRecipes: falling back to a synchronous message for:" "https://orcid.org"
JavaScript error: resource://gre/modules/LoginManagerParent.jsm, line 136: TypeError: gRecipeManager is null

###!!! [Child][PContentChild] Error: RunMessage(msgname=PContent::Reply_CreateAudioIPCConnection) Channel closing: too late to send/recv, messages will be lost

JavaScript warning: https://pagead2.googlesyndication.com/bg/287vsxWa92ZzAf4Hva6mMSSE5qc9GsoRRsyFmqSdVGI.js line 1 > eval line 1952 > eval line 1 > eval line 1 > eval, line 1: WEBGL_debug_renderer_info is deprecated in Firefox and will be removed. Please use RENDERER.
JavaScript warning: https://pagead2.googlesyndication.com/bg/k-Lxrj_3cR5KhrMTVpzAVOH1CgwXrUvkekFpn42ZeoQ.js line 1 > eval line 494 > eval line 1 > eval line 1 > eval, line 1: WEBGL_debug_renderer_info is deprecated in Firefox and will be removed. Please use RENDERER.
JavaScript warning: https://pagead2.googlesyndication.com/bg/k-Lxrj_3cR5KhrMTVpzAVOH1CgwXrUvkekFpn42ZeoQ.js line 1 > eval line 722 > eval line 1 > eval line 1 > eval, line 1: WEBGL_debug_renderer_info is deprecated in Firefox and will be removed. Please use RENDERER.
JavaScript warning: https://pagead2.googlesyndication.com/bg/k-Lxrj_3cR5KhrMTVpzAVOH1CgwXrUvkekFpn42ZeoQ.js line 1 > eval line 6654 > eval line 1 > eval line 1 > eval, line 1: WEBGL_debug_renderer_info is deprecated in Firefox and will be removed. Please use RENDERER.
JavaScript warning: https://pagead2.googlesyndication.com/bg/k-Lxrj_3cR5KhrMTVpzAVOH1CgwXrUvkekFpn42ZeoQ.js line 1 > eval line 4162 > eval line 1 > eval line 1 > eval, line 1: WEBGL_debug_renderer_info is deprecated in Firefox and will be removed. Please use RENDERER.
JavaScript warning: https://pagead2.googlesyndication.com/bg/k-Lxrj_3cR5KhrMTVpzAVOH1CgwXrUvkekFpn42ZeoQ.js line 1 > eval line 607 > eval line 1 > eval line 1 > eval, line 1: WEBGL_debug_renderer_info is deprecated in Firefox and will be removed. Please use RENDERER.
JavaScript error: https://cdnjs.cloudflare.com/ajax/libs/require.js/2.1.14/require.min.js, line 8: Error: Script error for: jquery
http://requirejs.org/docs/errors.html#scripterror
JavaScript error: , line 0: TypeError: NetworkError when attempting to fetch resource.
JavaScript error: , line 0: TypeError: NetworkError when attempting to fetch resource.
JavaScript error: , line 0: TypeError: NetworkError when attempting to fetch resource.
JavaScript error: , line 0: TypeError: NetworkError when attempting to fetch resource.
JavaScript error: , line 0: TypeError: NetworkError when attempting to fetch resource.
JavaScript error: , line 0: TypeError: NetworkError when attempting to fetch resource.
console.warn: LoginRecipes: "getRecipes: falling back to a synchronous message for:" "https://www.google.com"
JavaScript error: resource://gre/modules/LoginManagerParent.jsm, line 136: TypeError: gRecipeManager is null
1649889544345	Marionette	WARN	Ignoring event 'DOMContentLoaded' because document has an invalid readyState of 'complete'.
1649889545340	Marionette	WARN	Ignoring event 'DOMContentLoaded' because document has an invalid readyState of 'complete'.
1649889549085	Marionette	WARN	Ignoring event 'DOMContentLoaded' because document has an invalid readyState of 'complete'.
JavaScript warning: https://pagead2.googlesyndication.com/bg/287vsxWa92ZzAf4Hva6mMSSE5qc9GsoRRsyFmqSdVGI.js line 1 > eval line 4163 > eval line 1 > eval line 1 > eval, line 1: WEBGL_debug_renderer_info is deprecated in Firefox and will be removed. Please use RENDERER.
1649889549990	Marionette	WARN	Ignoring event 'DOMContentLoaded' because document has an invalid readyState of 'complete'.
JavaScript warning: https://pagead2.googlesyndication.com/bg/k-Lxrj_3cR5KhrMTVpzAVOH1CgwXrUvkekFpn42ZeoQ.js line 1 > eval line 7410 > eval line 1 > eval line 1 > eval, line 1: WEBGL_debug_renderer_info is deprecated in Firefox and will be removed. Please use RENDERER.
JavaScript warning: https://pagead2.googlesyndication.com/bg/k-Lxrj_3cR5KhrMTVpzAVOH1CgwXrUvkekFpn42ZeoQ.js line 1 > eval line 5611 > eval line 1 > eval line 1 > eval, line 1: WEBGL_debug_renderer_info is deprecated in Firefox and will be removed. Please use RENDERER.
JavaScript warning: https://pagead2.googlesyndication.com/bg/k-Lxrj_3cR5KhrMTVpzAVOH1CgwXrUvkekFpn42ZeoQ.js line 1 > eval line 6942 > eval line 1 > eval line 1 > eval, line 1: WEBGL_debug_renderer_info is deprecated in Firefox and will be removed. Please use RENDERER.

###!!! [Parent][PProfilerParent] Error: RunMessage(msgname=PProfiler::Reply_Stop) Channel closing: too late to send/recv, messages will be lost


###!!! [Parent][PProfilerParent] Error: RunMessage(msgname=PProfiler::Reply_Stop) Channel closing: too late to send/recv, messages will be lost


###!!! [Parent][PProfilerParent] Error: RunMessage(msgname=PProfiler::Reply_Stop) Channel closing: too late to send/recv, messages will be lost

console.error: Region.jsm: "Error fetching region" (new Error("TIMEOUT", "resource://gre/modules/Region.jsm", 772))
console.error: Region.jsm: "Failed to fetch region" (new Error("TIMEOUT", "resource://gre/modules/Region.jsm", 419))
Gdk-Message: 00:20:15.414: firefox: Fatal IO error 11 (Resource temporarily unavailable) on X server :0.

Gdk-Message: 00:20:15.433: firefox: Fatal IO error 11 (Resource temporarily unavailable) on X server :0.

Exiting due to channel error.
Exiting due to channel error.
Exiting due to channel error.
Exiting due to channel error.
Gdk-Message: 00:20:15.551: firefox: Fatal IO error 11 (Resource temporarily unavailable) on X server :0.

Gdk-Message: 00:20:15.553: firefox: Fatal IO error 11 (Resource temporarily unavailable) on X server :0.

Gdk-Message: 00:20:15.553: firefox: Fatal IO error 11 (Resource temporarily unavailable) on X server :0.

Gdk-Message: 00:20:15.555: firefox: Fatal IO error 11 (Resource temporarily unavailable) on X server :0.

Gdk-Message: 00:20:15.582: firefox: Fatal IO error 11 (Resource temporarily unavailable) on X server :0.

Gdk-Message: 00:20:15.584: firefox: Fatal IO error 11 (Resource temporarily unavailable) on X server :0.

Gdk-Message: 00:20:15.585: firefox: Fatal IO error 11 (Resource temporarily unavailable) on X server :0.

Gdk-Message: 00:20:15.586: firefox: Fatal IO error 11 (Resource temporarily unavailable) on X server :0.

Gdk-Message: 00:20:15.587: firefox: Fatal IO error 11 (Resource temporarily unavailable) on X server :0.

Gdk-Message: 00:20:15.588: firefox: Fatal IO error 11 (Resource temporarily unavailable) on X server :0.

Gdk-Message: 00:20:15.598: firefox: Fatal IO error 11 (Resource temporarily unavailable) on X server :0.

Exiting due to channel error.
Exiting due to channel error.
Exiting due to channel error.
Exiting due to channel error.
Exiting due to channel error.
Exiting due to channel error.
Exiting due to channel error.
Exiting due to channel error.
Exiting due to channel error.
Exiting due to channel error.
Exiting due to channel error.
Exiting due to channel error.
Exiting due to channel error.
Exiting due to channel error.
Exiting due to channel error.
Exiting due to channel error.
Exiting due to channel error.
Exiting due to channel error.
Exiting due to channel error.
Exiting due to channel error.
Exiting due to channel error.
Exiting due to channel error.
Exiting due to channel error.
Exiting due to channel error.
Exiting due to channel error.
Exiting due to channel error.
Exiting due to channel error.
Exiting due to channel error.
Exiting due to channel error.
Exiting due to channel error.
Exiting due to channel error.
Exiting due to channel error.
Exiting due to channel error.
Exiting due to channel error.
Exiting due to channel error.
Exiting due to channel error.
Exiting due to channel error.
Exiting due to channel error.
Exiting due to channel error.
Exiting due to channel error.
Exiting due to channel error.
Exiting due to channel error.
Exiting due to channel error.
Exiting due to channel error.
Exiting due to channel error.
1650456817015	geckodriver	INFO	Listening on 127.0.0.1:49983
1650456818020	mozrunner::runner	INFO	Running command: "/usr/bin/firefox" "--marionette" "-no-remote" "-profile" "/tmp/rust_mozprofile32qwt6"
ATTENTION: default value of option mesa_glthread overridden by environment.
ATTENTION: default value of option mesa_glthread overridden by environment.
ATTENTION: default value of option mesa_glthread overridden by environment.
1650456818598	Marionette	INFO	Marionette enabled
ATTENTION: default value of option mesa_glthread overridden by environment.
console.warn: SearchSettings: "get: No settings file exists, new profile?" (new NotFoundError("Could not open the file at /tmp/rust_mozprofile32qwt6/search.json.mozlz4", (void 0)))
1650456819700	Marionette	INFO	Listening on port 45173
1650456819735	RemoteAgent	WARN	TLS certificate errors will be ignored for this session
console.warn: LoginRecipes: "getRecipes: falling back to a synchronous message for:" "https://orcid.org"
console.warn: LoginRecipes: "getRecipes: falling back to a synchronous message for:" "https://orcid.org"
JavaScript error: resource://gre/modules/LoginManagerParent.jsm, line 136: TypeError: gRecipeManager is null
1650458180007	Marionette	INFO	Stopped listening on port 45173
1650458447963	geckodriver	INFO	Listening on 127.0.0.1:39715
1650458448972	mozrunner::runner	INFO	Running command: "/usr/bin/firefox" "--marionette" "-no-remote" "-profile" "/tmp/rust_mozprofileuZeZ99"
ATTENTION: default value of option mesa_glthread overridden by environment.
ATTENTION: default value of option mesa_glthread overridden by environment.
ATTENTION: default value of option mesa_glthread overridden by environment.
ATTENTION: default value of option mesa_glthread overridden by environment.
1650458449641	Marionette	INFO	Marionette enabled
console.warn: SearchSettings: "get: No settings file exists, new profile?" (new NotFoundError("Could not open the file at /tmp/rust_mozprofileuZeZ99/search.json.mozlz4", (void 0)))
1650458450919	Marionette	INFO	Listening on port 41585
1650458451012	RemoteAgent	WARN	TLS certificate errors will be ignored for this session
console.warn: LoginRecipes: "getRecipes: falling back to a synchronous message for:" "https://orcid.org"
console.warn: LoginRecipes: "getRecipes: falling back to a synchronous message for:" "https://orcid.org"
JavaScript error: resource://gre/modules/LoginManagerParent.jsm, line 136: TypeError: gRecipeManager is null
1650458457033	Marionette	INFO	Stopped listening on port 41585

###!!! [Child][PContentChild] Error: RunMessage(msgname=PHttpChannel::Msg_DeleteSelf) Channel closing: too late to send/recv, messages will be lost


###!!! [Parent][PImageBridgeParent] Error: RunMessage(msgname=PImageBridge::Msg_WillClose) Channel closing: too late to send/recv, messages will be lost

1650458685382	geckodriver	INFO	Listening on 127.0.0.1:49013
1650458685385	mozrunner::runner	INFO	Running command: "/usr/bin/firefox" "--marionette" "-no-remote" "-profile" "/tmp/rust_mozprofilezcx9ha"
ATTENTION: default value of option mesa_glthread overridden by environment.
ATTENTION: default value of option mesa_glthread overridden by environment.
ATTENTION: default value of option mesa_glthread overridden by environment.
ATTENTION: default value of option mesa_glthread overridden by environment.
1650458685959	Marionette	INFO	Marionette enabled
console.warn: SearchSettings: "get: No settings file exists, new profile?" (new NotFoundError("Could not open the file at /tmp/rust_mozprofilezcx9ha/search.json.mozlz4", (void 0)))
1650458687053	Marionette	INFO	Listening on port 45173
1650458687133	RemoteAgent	WARN	TLS certificate errors will be ignored for this session
1650459067113	geckodriver	INFO	Listening on 127.0.0.1:42657
1650459067115	mozrunner::runner	INFO	Running command: "/usr/bin/firefox" "--marionette" "-no-remote" "-profile" "/tmp/rust_mozprofilednN3uF"
ATTENTION: default value of option mesa_glthread overridden by environment.
ATTENTION: default value of option mesa_glthread overridden by environment.
ATTENTION: default value of option mesa_glthread overridden by environment.
ATTENTION: default value of option mesa_glthread overridden by environment.
1650459067672	Marionette	INFO	Marionette enabled
console.warn: SearchSettings: "get: No settings file exists, new profile?" (new NotFoundError("Could not open the file at /tmp/rust_mozprofilednN3uF/search.json.mozlz4", (void 0)))
1650459068640	Marionette	INFO	Listening on port 41227
1650459068734	RemoteAgent	WARN	TLS certificate errors will be ignored for this session
1650459069596	geckodriver	INFO	Listening on 127.0.0.1:56025
1650459069598	mozrunner::runner	INFO	Running command: "/usr/bin/firefox" "--marionette" "-no-remote" "-profile" "/tmp/rust_mozprofileafgkah"
ATTENTION: default value of option mesa_glthread overridden by environment.
ATTENTION: default value of option mesa_glthread overridden by environment.
ATTENTION: default value of option mesa_glthread overridden by environment.
ATTENTION: default value of option mesa_glthread overridden by environment.
1650459070161	Marionette	INFO	Marionette enabled
console.warn: SearchSettings: "get: No settings file exists, new profile?" (new NotFoundError("Could not open the file at /tmp/rust_mozprofileafgkah/search.json.mozlz4", (void 0)))
1650459071061	Marionette	INFO	Listening on port 45637
1650459071120	RemoteAgent	WARN	TLS certificate errors will be ignored for this session
Exiting due to channel error.
Exiting due to channel error.
Exiting due to channel error.
Exiting due to channel error.
Exiting due to channel error.
Exiting due to channel error.
Exiting due to channel error.
Exiting due to channel error.
Exiting due to channel error.
Exiting due to channel error.
1650461063034	Marionette	INFO	Stopped listening on port 45173
1650882134247	geckodriver	INFO	Listening on 127.0.0.1:45049
1650882135251	mozrunner::runner	INFO	Running command: "/usr/bin/firefox" "--marionette" "-no-remote" "-profile" "/tmp/rust_mozprofilegyHJ0H"
ATTENTION: default value of option mesa_glthread overridden by environment.
ATTENTION: default value of option mesa_glthread overridden by environment.
ATTENTION: default value of option mesa_glthread overridden by environment.
ATTENTION: default value of option mesa_glthread overridden by environment.
1650882135935	Marionette	INFO	Marionette enabled
console.warn: SearchSettings: "get: No settings file exists, new profile?" (new NotFoundError("Could not open the file at /tmp/rust_mozprofilegyHJ0H/search.json.mozlz4", (void 0)))
1650882136977	Marionette	INFO	Listening on port 35737
1650882137071	RemoteAgent	WARN	TLS certificate errors will be ignored for this session
1650882138042	geckodriver	INFO	Listening on 127.0.0.1:50577
1650882139047	mozrunner::runner	INFO	Running command: "/usr/bin/firefox" "--marionette" "-no-remote" "-profile" "/tmp/rust_mozprofileyHG3Oz"
ATTENTION: default value of option mesa_glthread overridden by environment.
ATTENTION: default value of option mesa_glthread overridden by environment.
ATTENTION: default value of option mesa_glthread overridden by environment.
ATTENTION: default value of option mesa_glthread overridden by environment.
1650882139644	Marionette	INFO	Marionette enabled
console.warn: SearchSettings: "get: No settings file exists, new profile?" (new NotFoundError("Could not open the file at /tmp/rust_mozprofileyHG3Oz/search.json.mozlz4", (void 0)))
1650882140637	Marionette	INFO	Listening on port 34043
1650882140661	RemoteAgent	WARN	TLS certificate errors will be ignored for this session
1650882175879	Marionette	INFO	Stopped listening on port 35737
JavaScript error: chrome://remote/content/marionette/cert.js, line 55: NS_ERROR_NOT_AVAILABLE: Component returned failure code: 0x80040111 (NS_ERROR_NOT_AVAILABLE) [nsICertOverrideService.setDisableAllSecurityChecksAndLetAttackersInterceptMyData]
1650882182379	Marionette	INFO	Stopped listening on port 34043
JavaScript error: chrome://remote/content/marionette/cert.js, line 55: NS_ERROR_NOT_AVAILABLE: Component returned failure code: 0x80040111 (NS_ERROR_NOT_AVAILABLE) [nsICertOverrideService.setDisableAllSecurityChecksAndLetAttackersInterceptMyData]
1650882182515	geckodriver::marionette	ERROR	Failed to close browser connection: Socket not connected (os error 107)
[2022-04-25T10:23:02Z ERROR glean] Can't persist ping lifetime data: Error { kind: Rkv(IoError(Os { code: 2, kind: NotFound, message: "No such file or directory" })) }
1650882182533	geckodriver	INFO	Listening on 127.0.0.1:55413
1650882182536	mozrunner::runner	INFO	Running command: "/usr/bin/firefox" "--marionette" "-no-remote" "-profile" "/tmp/rust_mozprofileeN9LvC"
ATTENTION: default value of option mesa_glthread overridden by environment.
ATTENTION: default value of option mesa_glthread overridden by environment.
ATTENTION: default value of option mesa_glthread overridden by environment.
ATTENTION: default value of option mesa_glthread overridden by environment.
1650882183211	Marionette	INFO	Marionette enabled
console.warn: SearchSettings: "get: No settings file exists, new profile?" (new NotFoundError("Could not open the file at /tmp/rust_mozprofileeN9LvC/search.json.mozlz4", (void 0)))
1650882184192	Marionette	INFO	Listening on port 35807
1650882184249	RemoteAgent	WARN	TLS certificate errors will be ignored for this session
1650882184778	Marionette	INFO	Stopped listening on port 35807
1651051886499	geckodriver	INFO	Listening on 127.0.0.1:57239
1651051887498	mozrunner::runner	INFO	Running command: "/usr/bin/firefox" "--marionette" "-no-remote" "-profile" "/tmp/rust_mozprofileuiINl2"
ATTENTION: default value of option mesa_glthread overridden by environment.
ATTENTION: default value of option mesa_glthread overridden by environment.
ATTENTION: default value of option mesa_glthread overridden by environment.
ATTENTION: default value of option mesa_glthread overridden by environment.
1651051888148	Marionette	INFO	Marionette enabled
console.warn: SearchSettings: "get: No settings file exists, new profile?" (new NotFoundError("Could not open the file at /tmp/rust_mozprofileuiINl2/search.json.mozlz4", (void 0)))
1651051889362	Marionette	INFO	Listening on port 39503
1651051889422	RemoteAgent	WARN	TLS certificate errors will be ignored for this session
1651051933955	geckodriver	INFO	Listening on 127.0.0.1:56661
1651051933957	mozrunner::runner	INFO	Running command: "/usr/bin/firefox" "--marionette" "-no-remote" "-profile" "/tmp/rust_mozprofileiSWkji"
ATTENTION: default value of option mesa_glthread overridden by environment.
ATTENTION: default value of option mesa_glthread overridden by environment.
ATTENTION: default value of option mesa_glthread overridden by environment.
1651051934549	Marionette	INFO	Marionette enabled
ATTENTION: default value of option mesa_glthread overridden by environment.
console.warn: SearchSettings: "get: No settings file exists, new profile?" (new NotFoundError("Could not open the file at /tmp/rust_mozprofileiSWkji/search.json.mozlz4", (void 0)))
1651051935738	Marionette	INFO	Listening on port 42637
1651051935793	RemoteAgent	WARN	TLS certificate errors will be ignored for this session
1651052240330	geckodriver	INFO	Listening on 127.0.0.1:54597
1651052241338	mozrunner::runner	INFO	Running command: "/usr/bin/firefox" "--marionette" "-no-remote" "-profile" "/tmp/rust_mozprofileNOqloH"
ATTENTION: default value of option mesa_glthread overridden by environment.
ATTENTION: default value of option mesa_glthread overridden by environment.
ATTENTION: default value of option mesa_glthread overridden by environment.
ATTENTION: default value of option mesa_glthread overridden by environment.
1651052241932	Marionette	INFO	Marionette enabled
console.warn: SearchSettings: "get: No settings file exists, new profile?" (new NotFoundError("Could not open the file at /tmp/rust_mozprofileNOqloH/search.json.mozlz4", (void 0)))
1651052243026	Marionette	INFO	Listening on port 37839
1651052243053	RemoteAgent	WARN	TLS certificate errors will be ignored for this session
1651052278118	geckodriver	INFO	Listening on 127.0.0.1:40547
1651052279125	mozrunner::runner	INFO	Running command: "/usr/bin/firefox" "--marionette" "-no-remote" "-profile" "/tmp/rust_mozprofile7peXxC"
ATTENTION: default value of option mesa_glthread overridden by environment.
ATTENTION: default value of option mesa_glthread overridden by environment.
ATTENTION: default value of option mesa_glthread overridden by environment.
ATTENTION: default value of option mesa_glthread overridden by environment.
1651052279750	Marionette	INFO	Marionette enabled
console.warn: SearchSettings: "get: No settings file exists, new profile?" (new NotFoundError("Could not open the file at /tmp/rust_mozprofile7peXxC/search.json.mozlz4", (void 0)))
1651052280857	Marionette	INFO	Listening on port 35619
1651052280969	RemoteAgent	WARN	TLS certificate errors will be ignored for this session
1651052469605	geckodriver	INFO	Listening on 127.0.0.1:34943
1651052470613	mozrunner::runner	INFO	Running command: "/usr/bin/firefox" "--marionette" "-no-remote" "-profile" "/tmp/rust_mozprofileiFaogs"
ATTENTION: default value of option mesa_glthread overridden by environment.
ATTENTION: default value of option mesa_glthread overridden by environment.
ATTENTION: default value of option mesa_glthread overridden by environment.
ATTENTION: default value of option mesa_glthread overridden by environment.
1651052471353	Marionette	INFO	Marionette enabled
console.warn: SearchSettings: "get: No settings file exists, new profile?" (new NotFoundError("Could not open the file at /tmp/rust_mozprofileiFaogs/search.json.mozlz4", (void 0)))
1651052472601	Marionette	INFO	Listening on port 34229
1651052472641	RemoteAgent	WARN	TLS certificate errors will be ignored for this session
1651056958596	geckodriver	INFO	Listening on 127.0.0.1:34203
1651056959612	mozrunner::runner	INFO	Running command: "/usr/bin/firefox" "--marionette" "-no-remote" "-profile" "/tmp/rust_mozprofileFW9cH7"
ATTENTION: default value of option mesa_glthread overridden by environment.
ATTENTION: default value of option mesa_glthread overridden by environment.
ATTENTION: default value of option mesa_glthread overridden by environment.
1651056960340	Marionette	INFO	Marionette enabled
ATTENTION: default value of option mesa_glthread overridden by environment.
console.warn: SearchSettings: "get: No settings file exists, new profile?" (new NotFoundError("Could not open the file at /tmp/rust_mozprofileFW9cH7/search.json.mozlz4", (void 0)))
1651056962242	Marionette	INFO	Listening on port 43103
1651056962344	RemoteAgent	WARN	TLS certificate errors will be ignored for this session
1651056993156	geckodriver	INFO	Listening on 127.0.0.1:33205
1651056994158	mozrunner::runner	INFO	Running command: "/usr/bin/firefox" "--marionette" "-no-remote" "-profile" "/tmp/rust_mozprofilerI7Kdm"
ATTENTION: default value of option mesa_glthread overridden by environment.
ATTENTION: default value of option mesa_glthread overridden by environment.
ATTENTION: default value of option mesa_glthread overridden by environment.
ATTENTION: default value of option mesa_glthread overridden by environment.
1651056995096	Marionette	INFO	Marionette enabled
console.warn: SearchSettings: "get: No settings file exists, new profile?" (new NotFoundError("Could not open the file at /tmp/rust_mozprofilerI7Kdm/search.json.mozlz4", (void 0)))
1651057000197	Marionette	INFO	Listening on port 44901
1651057004765	RemoteAgent	WARN	TLS certificate errors will be ignored for this session
1651057105270	geckodriver	INFO	Listening on 127.0.0.1:51869
1651057106272	mozrunner::runner	INFO	Running command: "/usr/bin/firefox" "--marionette" "-no-remote" "-profile" "/tmp/rust_mozprofilehDJFSF"
ATTENTION: default value of option mesa_glthread overridden by environment.
ATTENTION: default value of option mesa_glthread overridden by environment.
ATTENTION: default value of option mesa_glthread overridden by environment.
1651057107113	Marionette	INFO	Marionette enabled
ATTENTION: default value of option mesa_glthread overridden by environment.
console.warn: SearchSettings: "get: No settings file exists, new profile?" (new NotFoundError("Could not open the file at /tmp/rust_mozprofilehDJFSF/search.json.mozlz4", (void 0)))
1651057108797	Marionette	INFO	Listening on port 46459
1651057108923	RemoteAgent	WARN	TLS certificate errors will be ignored for this session
1651057143918	geckodriver	INFO	Listening on 127.0.0.1:47643
1651057144921	mozrunner::runner	INFO	Running command: "/usr/bin/firefox" "--marionette" "-no-remote" "-profile" "/tmp/rust_mozprofileVdFVKg"
ATTENTION: default value of option mesa_glthread overridden by environment.
ATTENTION: default value of option mesa_glthread overridden by environment.
ATTENTION: default value of option mesa_glthread overridden by environment.
1651057145611	Marionette	INFO	Marionette enabled
ATTENTION: default value of option mesa_glthread overridden by environment.
console.warn: SearchSettings: "get: No settings file exists, new profile?" (new NotFoundError("Could not open the file at /tmp/rust_mozprofileVdFVKg/search.json.mozlz4", (void 0)))
1651057147069	Marionette	INFO	Listening on port 33723
1651057147241	RemoteAgent	WARN	TLS certificate errors will be ignored for this session
1651057263585	geckodriver	INFO	Listening on 127.0.0.1:60435
1651057264593	mozrunner::runner	INFO	Running command: "/usr/bin/firefox" "--marionette" "-no-remote" "-profile" "/tmp/rust_mozprofileJR2yU1"
ATTENTION: default value of option mesa_glthread overridden by environment.
ATTENTION: default value of option mesa_glthread overridden by environment.
ATTENTION: default value of option mesa_glthread overridden by environment.
1651057265381	Marionette	INFO	Marionette enabled
ATTENTION: default value of option mesa_glthread overridden by environment.
console.warn: SearchSettings: "get: No settings file exists, new profile?" (new NotFoundError("Could not open the file at /tmp/rust_mozprofileJR2yU1/search.json.mozlz4", (void 0)))
1651057266905	Marionette	INFO	Listening on port 42849
1651057267031	RemoteAgent	WARN	TLS certificate errors will be ignored for this session

###!!! [Child][PContentChild] Error: RunMessage(msgname=PContent::Msg_CommitBrowsingContextTransaction) Channel closing: too late to send/recv, messages will be lost


###!!! [Child][PContentChild] Error: RunMessage(msgname=PContent::Msg_CommitBrowsingContextTransaction) Channel closing: too late to send/recv, messages will be lost

console.warn: LoginRecipes: "getRecipes: falling back to a synchronous message for:" "https://orcid.org"
console.warn: LoginRecipes: "getRecipes: falling back to a synchronous message for:" "https://orcid.org"
JavaScript error: resource://gre/modules/LoginManagerParent.jsm, line 136: TypeError: gRecipeManager is null
1651057274842	Marionette	INFO	Stopped listening on port 42849
1651057646898	geckodriver	INFO	Listening on 127.0.0.1:41519
1651057647905	mozrunner::runner	INFO	Running command: "/usr/bin/firefox" "--marionette" "-no-remote" "-profile" "/tmp/rust_mozprofile2UOJ5s"
ATTENTION: default value of option mesa_glthread overridden by environment.
ATTENTION: default value of option mesa_glthread overridden by environment.
ATTENTION: default value of option mesa_glthread overridden by environment.
1651057648688	Marionette	INFO	Marionette enabled
ATTENTION: default value of option mesa_glthread overridden by environment.
console.warn: SearchSettings: "get: No settings file exists, new profile?" (new NotFoundError("Could not open the file at /tmp/rust_mozprofile2UOJ5s/search.json.mozlz4", (void 0)))
1651057649959	Marionette	INFO	Listening on port 41731
1651057650040	RemoteAgent	WARN	TLS certificate errors will be ignored for this session
console.warn: LoginRecipes: "getRecipes: falling back to a synchronous message for:" "https://orcid.org"
console.warn: LoginRecipes: "getRecipes: falling back to a synchronous message for:" "https://orcid.org"
JavaScript error: resource://gre/modules/LoginManagerParent.jsm, line 136: TypeError: gRecipeManager is null
1651057655844	Marionette	INFO	Stopped listening on port 41731

###!!! [Parent][PImageBridgeParent] Error: RunMessage(msgname=PImageBridge::Msg_WillClose) Channel closing: too late to send/recv, messages will be lost

1651057857048	geckodriver	INFO	Listening on 127.0.0.1:57507
1651057858055	mozrunner::runner	INFO	Running command: "/usr/bin/firefox" "--marionette" "-no-remote" "-profile" "/tmp/rust_mozprofile7TIYbU"
ATTENTION: default value of option mesa_glthread overridden by environment.
ATTENTION: default value of option mesa_glthread overridden by environment.
ATTENTION: default value of option mesa_glthread overridden by environment.
ATTENTION: default value of option mesa_glthread overridden by environment.
1651057858856	Marionette	INFO	Marionette enabled
console.warn: SearchSettings: "get: No settings file exists, new profile?" (new NotFoundError("Could not open the file at /tmp/rust_mozprofile7TIYbU/search.json.mozlz4", (void 0)))
1651057859903	Marionette	INFO	Listening on port 44561
1651057859976	RemoteAgent	WARN	TLS certificate errors will be ignored for this session
console.warn: LoginRecipes: "getRecipes: falling back to a synchronous message for:" "https://orcid.org"
console.warn: LoginRecipes: "getRecipes: falling back to a synchronous message for:" "https://orcid.org"
JavaScript error: resource://gre/modules/LoginManagerParent.jsm, line 136: TypeError: gRecipeManager is null
1651057868318	Marionette	INFO	Stopped listening on port 44561
1651058178654	geckodriver	INFO	Listening on 127.0.0.1:50143
1651058179658	mozrunner::runner	INFO	Running command: "/usr/bin/firefox" "--marionette" "-no-remote" "-profile" "/tmp/rust_mozprofileiEwThm"
ATTENTION: default value of option mesa_glthread overridden by environment.
ATTENTION: default value of option mesa_glthread overridden by environment.
ATTENTION: default value of option mesa_glthread overridden by environment.
ATTENTION: default value of option mesa_glthread overridden by environment.
1651058180513	Marionette	INFO	Marionette enabled
console.warn: SearchSettings: "get: No settings file exists, new profile?" (new NotFoundError("Could not open the file at /tmp/rust_mozprofileiEwThm/search.json.mozlz4", (void 0)))
1651058182298	Marionette	INFO	Listening on port 38105
1651058182602	RemoteAgent	WARN	TLS certificate errors will be ignored for this session
console.warn: LoginRecipes: "getRecipes: falling back to a synchronous message for:" "https://orcid.org"
console.warn: LoginRecipes: "getRecipes: falling back to a synchronous message for:" "https://orcid.org"
JavaScript error: resource://gre/modules/LoginManagerParent.jsm, line 136: TypeError: gRecipeManager is null
1651058221636	Marionette	INFO	Stopped listening on port 38105
JavaScript error: resource://devtools/client/jsonview/Sniffer.jsm, line 53: NS_ERROR_NOT_AVAILABLE: Component returned failure code: 0x80040111 (NS_ERROR_NOT_AVAILABLE) [nsIChannel.contentType]

###!!! [Parent][PBackgroundParent] Error: RunMessage(msgname=PRemoteWorkerService::Msg___delete__) Channel closing: too late to send/recv, messages will be lost

1651058326390	geckodriver	INFO	Listening on 127.0.0.1:58579
1651058327397	mozrunner::runner	INFO	Running command: "/usr/bin/firefox" "--marionette" "-no-remote" "-profile" "/tmp/rust_mozprofileRbYMjt"
ATTENTION: default value of option mesa_glthread overridden by environment.
ATTENTION: default value of option mesa_glthread overridden by environment.
ATTENTION: default value of option mesa_glthread overridden by environment.
ATTENTION: default value of option mesa_glthread overridden by environment.
1651058328270	Marionette	INFO	Marionette enabled
console.warn: SearchSettings: "get: No settings file exists, new profile?" (new NotFoundError("Could not open the file at /tmp/rust_mozprofileRbYMjt/search.json.mozlz4", (void 0)))
1651058330992	Marionette	INFO	Listening on port 40285
1651058333322	RemoteAgent	WARN	TLS certificate errors will be ignored for this session
1651061762282	geckodriver	INFO	Listening on 127.0.0.1:57477
1651061763298	mozrunner::runner	INFO	Running command: "/usr/bin/firefox" "--marionette" "-no-remote" "-profile" "/tmp/rust_mozprofileGrm0Qm"
ATTENTION: default value of option mesa_glthread overridden by environment.
ATTENTION: default value of option mesa_glthread overridden by environment.
ATTENTION: default value of option mesa_glthread overridden by environment.
ATTENTION: default value of option mesa_glthread overridden by environment.
1651061763922	Marionette	INFO	Marionette enabled
console.warn: SearchSettings: "get: No settings file exists, new profile?" (new NotFoundError("Could not open the file at /tmp/rust_mozprofileGrm0Qm/search.json.mozlz4", (void 0)))
1651061764962	Marionette	INFO	Listening on port 35885
1651061765026	RemoteAgent	WARN	TLS certificate errors will be ignored for this session
console.warn: LoginRecipes: "getRecipes: falling back to a synchronous message for:" "https://orcid.org"
console.warn: LoginRecipes: "getRecipes: falling back to a synchronous message for:" "https://orcid.org"
JavaScript error: resource://gre/modules/LoginManagerParent.jsm, line 136: TypeError: gRecipeManager is null
1651061772187	Marionette	INFO	Stopped listening on port 35885

###!!! [Parent][PImageBridgeParent] Error: RunMessage(msgname=PImageBridge::Msg_WillClose) Channel closing: too late to send/recv, messages will be lost

1651064939188	geckodriver	INFO	Listening on 127.0.0.1:56663
1651064940193	mozrunner::runner	INFO	Running command: "/usr/bin/firefox" "--marionette" "-no-remote" "-profile" "/tmp/rust_mozprofilexFQpLR"
ATTENTION: default value of option mesa_glthread overridden by environment.
ATTENTION: default value of option mesa_glthread overridden by environment.
ATTENTION: default value of option mesa_glthread overridden by environment.
ATTENTION: default value of option mesa_glthread overridden by environment.
1651064940848	Marionette	INFO	Marionette enabled
console.warn: SearchSettings: "get: No settings file exists, new profile?" (new NotFoundError("Could not open the file at /tmp/rust_mozprofilexFQpLR/search.json.mozlz4", (void 0)))
1651064942078	Marionette	INFO	Listening on port 44867
1651064942113	RemoteAgent	WARN	TLS certificate errors will be ignored for this session
1651064947373	Marionette	INFO	Stopped listening on port 44867
1651064990356	geckodriver	INFO	Listening on 127.0.0.1:41529
1651064990358	mozrunner::runner	INFO	Running command: "/usr/bin/firefox" "--marionette" "-no-remote" "-profile" "/tmp/rust_mozprofileH2o104"
ATTENTION: default value of option mesa_glthread overridden by environment.
ATTENTION: default value of option mesa_glthread overridden by environment.
ATTENTION: default value of option mesa_glthread overridden by environment.
ATTENTION: default value of option mesa_glthread overridden by environment.
1651064990955	Marionette	INFO	Marionette enabled
console.warn: SearchSettings: "get: No settings file exists, new profile?" (new NotFoundError("Could not open the file at /tmp/rust_mozprofileH2o104/search.json.mozlz4", (void 0)))
1651064992044	Marionette	INFO	Listening on port 41467
1651064992075	RemoteAgent	WARN	TLS certificate errors will be ignored for this session
1651065060933	geckodriver	INFO	Listening on 127.0.0.1:55575
1651065061944	mozrunner::runner	INFO	Running command: "/usr/bin/firefox" "--marionette" "-no-remote" "-profile" "/tmp/rust_mozprofile22ci7k"
ATTENTION: default value of option mesa_glthread overridden by environment.
ATTENTION: default value of option mesa_glthread overridden by environment.
ATTENTION: default value of option mesa_glthread overridden by environment.
ATTENTION: default value of option mesa_glthread overridden by environment.
1651065062542	Marionette	INFO	Marionette enabled
console.warn: SearchSettings: "get: No settings file exists, new profile?" (new NotFoundError("Could not open the file at /tmp/rust_mozprofile22ci7k/search.json.mozlz4", (void 0)))
1651065063628	Marionette	INFO	Listening on port 39977
1651065063668	RemoteAgent	WARN	TLS certificate errors will be ignored for this session
1651065090992	geckodriver	INFO	Listening on 127.0.0.1:41981
1651065090995	mozrunner::runner	INFO	Running command: "/usr/bin/firefox" "--marionette" "-no-remote" "-profile" "/tmp/rust_mozprofileZ7gLxS"
ATTENTION: default value of option mesa_glthread overridden by environment.
ATTENTION: default value of option mesa_glthread overridden by environment.
ATTENTION: default value of option mesa_glthread overridden by environment.
ATTENTION: default value of option mesa_glthread overridden by environment.
1651065091567	Marionette	INFO	Marionette enabled
console.warn: SearchSettings: "get: No settings file exists, new profile?" (new NotFoundError("Could not open the file at /tmp/rust_mozprofileZ7gLxS/search.json.mozlz4", (void 0)))
1651065092562	Marionette	INFO	Listening on port 44985
1651065092611	RemoteAgent	WARN	TLS certificate errors will be ignored for this session
1651065119029	geckodriver	INFO	Listening on 127.0.0.1:55475
1651065119033	mozrunner::runner	INFO	Running command: "/usr/bin/firefox" "--marionette" "-no-remote" "-profile" "/tmp/rust_mozprofilewBs90t"
ATTENTION: default value of option mesa_glthread overridden by environment.
ATTENTION: default value of option mesa_glthread overridden by environment.
ATTENTION: default value of option mesa_glthread overridden by environment.
ATTENTION: default value of option mesa_glthread overridden by environment.
1651065119591	Marionette	INFO	Marionette enabled
console.warn: SearchSettings: "get: No settings file exists, new profile?" (new NotFoundError("Could not open the file at /tmp/rust_mozprofilewBs90t/search.json.mozlz4", (void 0)))
1651065120625	Marionette	INFO	Listening on port 41265
1651065120648	RemoteAgent	WARN	TLS certificate errors will be ignored for this session
1651065120760	Marionette	WARN	Ignoring event 'pageshow' because document has an invalid readyState of 'uninitialized'.
1651065120865	Marionette	INFO	Stopped listening on port 41265
1651065154238	geckodriver	INFO	Listening on 127.0.0.1:59353
1651065154242	mozrunner::runner	INFO	Running command: "/usr/bin/firefox" "--marionette" "-no-remote" "-profile" "/tmp/rust_mozprofileh9YL7G"
ATTENTION: default value of option mesa_glthread overridden by environment.
ATTENTION: default value of option mesa_glthread overridden by environment.
ATTENTION: default value of option mesa_glthread overridden by environment.
ATTENTION: default value of option mesa_glthread overridden by environment.
1651065154860	Marionette	INFO	Marionette enabled
console.warn: SearchSettings: "get: No settings file exists, new profile?" (new NotFoundError("Could not open the file at /tmp/rust_mozprofileh9YL7G/search.json.mozlz4", (void 0)))
1651065155837	Marionette	INFO	Listening on port 38367
1651065155875	RemoteAgent	WARN	TLS certificate errors will be ignored for this session
1651065155971	Marionette	WARN	Ignoring event 'pageshow' because document has an invalid readyState of 'uninitialized'.
1651065156050	Marionette	INFO	Stopped listening on port 38367
1651229116836	geckodriver	INFO	Listening on 127.0.0.1:58725
1651229117845	mozrunner::runner	INFO	Running command: "/usr/bin/firefox" "--marionette" "-no-remote" "-profile" "/tmp/rust_mozprofileQzPf8B"
ATTENTION: default value of option mesa_glthread overridden by environment.
ATTENTION: default value of option mesa_glthread overridden by environment.
ATTENTION: default value of option mesa_glthread overridden by environment.
ATTENTION: default value of option mesa_glthread overridden by environment.
1651229118579	Marionette	INFO	Marionette enabled
console.warn: SearchSettings: "get: No settings file exists, new profile?" (new NotFoundError("Could not open the file at /tmp/rust_mozprofileQzPf8B/search.json.mozlz4", (void 0)))
1651229119924	Marionette	INFO	Listening on port 40309
1651229119991	RemoteAgent	WARN	TLS certificate errors will be ignored for this session
1651229186162	geckodriver	INFO	Listening on 127.0.0.1:56835
1651229187174	mozrunner::runner	INFO	Running command: "/usr/bin/firefox" "--marionette" "-no-remote" "-profile" "/tmp/rust_mozprofileJpNNwy"
ATTENTION: default value of option mesa_glthread overridden by environment.
ATTENTION: default value of option mesa_glthread overridden by environment.
ATTENTION: default value of option mesa_glthread overridden by environment.
ATTENTION: default value of option mesa_glthread overridden by environment.
1651229187811	Marionette	INFO	Marionette enabled
console.warn: SearchSettings: "get: No settings file exists, new profile?" (new NotFoundError("Could not open the file at /tmp/rust_mozprofileJpNNwy/search.json.mozlz4", (void 0)))
1651229189037	Marionette	INFO	Listening on port 44107
1651229189103	RemoteAgent	WARN	TLS certificate errors will be ignored for this session
1651229303099	geckodriver	INFO	Listening on 127.0.0.1:47195
1651229304105	mozrunner::runner	INFO	Running command: "/usr/bin/firefox" "--marionette" "-no-remote" "-profile" "/tmp/rust_mozprofilexp2ySQ"
ATTENTION: default value of option mesa_glthread overridden by environment.
ATTENTION: default value of option mesa_glthread overridden by environment.
ATTENTION: default value of option mesa_glthread overridden by environment.
1651229304887	Marionette	INFO	Marionette enabled
ATTENTION: default value of option mesa_glthread overridden by environment.
console.warn: SearchSettings: "get: No settings file exists, new profile?" (new NotFoundError("Could not open the file at /tmp/rust_mozprofilexp2ySQ/search.json.mozlz4", (void 0)))
1651229306286	Marionette	INFO	Listening on port 35881
1651229306333	RemoteAgent	WARN	TLS certificate errors will be ignored for this session
1651229382812	geckodriver	INFO	Listening on 127.0.0.1:46181
1651229383817	mozrunner::runner	INFO	Running command: "/usr/bin/firefox" "--marionette" "-no-remote" "-profile" "/tmp/rust_mozprofileKe1lYM"
ATTENTION: default value of option mesa_glthread overridden by environment.
ATTENTION: default value of option mesa_glthread overridden by environment.
ATTENTION: default value of option mesa_glthread overridden by environment.
ATTENTION: default value of option mesa_glthread overridden by environment.
1651229384616	Marionette	INFO	Marionette enabled
console.warn: SearchSettings: "get: No settings file exists, new profile?" (new NotFoundError("Could not open the file at /tmp/rust_mozprofileKe1lYM/search.json.mozlz4", (void 0)))
1651229385880	Marionette	INFO	Listening on port 33445
1651229385943	RemoteAgent	WARN	TLS certificate errors will be ignored for this session
1651229417242	geckodriver	INFO	Listening on 127.0.0.1:55599
1651229418253	mozrunner::runner	INFO	Running command: "/usr/bin/firefox" "--marionette" "-no-remote" "-profile" "/tmp/rust_mozprofilel7pxPk"
ATTENTION: default value of option mesa_glthread overridden by environment.
ATTENTION: default value of option mesa_glthread overridden by environment.
ATTENTION: default value of option mesa_glthread overridden by environment.
1651229419076	Marionette	INFO	Marionette enabled
ATTENTION: default value of option mesa_glthread overridden by environment.
console.warn: SearchSettings: "get: No settings file exists, new profile?" (new NotFoundError("Could not open the file at /tmp/rust_mozprofilel7pxPk/search.json.mozlz4", (void 0)))
1651229420449	Marionette	INFO	Listening on port 35359
1651229420490	RemoteAgent	WARN	TLS certificate errors will be ignored for this session
1651229437334	Marionette	INFO	Stopped listening on port 35359
1651229440545	Marionette	INFO	Stopped listening on port 33445
1651229443574	Marionette	INFO	Stopped listening on port 35881
1651229446630	Marionette	INFO	Stopped listening on port 44107
1651229449463	Marionette	INFO	Stopped listening on port 40309
1651229508581	geckodriver	INFO	Listening on 127.0.0.1:39293
1651229509599	mozrunner::runner	INFO	Running command: "/usr/bin/firefox" "--marionette" "-no-remote" "-profile" "/tmp/rust_mozprofiletm6OIv"
ATTENTION: default value of option mesa_glthread overridden by environment.
ATTENTION: default value of option mesa_glthread overridden by environment.
ATTENTION: default value of option mesa_glthread overridden by environment.
1651229510352	Marionette	INFO	Marionette enabled
ATTENTION: default value of option mesa_glthread overridden by environment.
console.warn: SearchSettings: "get: No settings file exists, new profile?" (new NotFoundError("Could not open the file at /tmp/rust_mozprofiletm6OIv/search.json.mozlz4", (void 0)))
1651229511521	Marionette	INFO	Listening on port 45541
1651229511641	RemoteAgent	WARN	TLS certificate errors will be ignored for this session
1651229527356	geckodriver	INFO	Listening on 127.0.0.1:33543
1651229528368	mozrunner::runner	INFO	Running command: "/usr/bin/firefox" "--marionette" "-no-remote" "-profile" "/tmp/rust_mozprofilesenWEV"
ATTENTION: default value of option mesa_glthread overridden by environment.
ATTENTION: default value of option mesa_glthread overridden by environment.
ATTENTION: default value of option mesa_glthread overridden by environment.
ATTENTION: default value of option mesa_glthread overridden by environment.
1651229528984	Marionette	INFO	Marionette enabled
console.warn: SearchSettings: "get: No settings file exists, new profile?" (new NotFoundError("Could not open the file at /tmp/rust_mozprofilesenWEV/search.json.mozlz4", (void 0)))
1651229529945	Marionette	INFO	Listening on port 37285
1651229529999	RemoteAgent	WARN	TLS certificate errors will be ignored for this session
1651229830045	Marionette	INFO	Stopped listening on port 37285

###!!! [Parent][PImageBridgeParent] Error: RunMessage(msgname=PImageBridge::Msg_WillClose) Channel closing: too late to send/recv, messages will be lost

1651229831207	geckodriver	INFO	Listening on 127.0.0.1:36807
1651229832220	mozrunner::runner	INFO	Running command: "/usr/bin/firefox" "--marionette" "-no-remote" "-profile" "/tmp/rust_mozprofilegWTnFO"
ATTENTION: default value of option mesa_glthread overridden by environment.
ATTENTION: default value of option mesa_glthread overridden by environment.
ATTENTION: default value of option mesa_glthread overridden by environment.
ATTENTION: default value of option mesa_glthread overridden by environment.
1651229833003	Marionette	INFO	Marionette enabled
console.warn: SearchSettings: "get: No settings file exists, new profile?" (new NotFoundError("Could not open the file at /tmp/rust_mozprofilegWTnFO/search.json.mozlz4", (void 0)))
1651229834526	Marionette	INFO	Listening on port 46641
1651229834577	RemoteAgent	WARN	TLS certificate errors will be ignored for this session
1651229914456	geckodriver	INFO	Listening on 127.0.0.1:37471
1651229915469	mozrunner::runner	INFO	Running command: "/usr/bin/firefox" "--marionette" "-no-remote" "-profile" "/tmp/rust_mozprofiled97Z7D"
ATTENTION: default value of option mesa_glthread overridden by environment.
ATTENTION: default value of option mesa_glthread overridden by environment.
ATTENTION: default value of option mesa_glthread overridden by environment.
ATTENTION: default value of option mesa_glthread overridden by environment.
1651229916384	Marionette	INFO	Marionette enabled
console.warn: SearchSettings: "get: No settings file exists, new profile?" (new NotFoundError("Could not open the file at /tmp/rust_mozprofiled97Z7D/search.json.mozlz4", (void 0)))
Exiting due to channel error.
Exiting due to channel error.
Exiting due to channel error.
Exiting due to channel error.
Exiting due to channel error.
1651229939721	Marionette	INFO	Listening on port 44265
1651229939874	RemoteAgent	WARN	TLS certificate errors will be ignored for this session
1651589835559	geckodriver	INFO	Listening on 127.0.0.1:38633
1651589836568	mozrunner::runner	INFO	Running command: "/usr/bin/firefox" "--marionette" "-no-remote" "-profile" "/tmp/rust_mozprofile7F3SWj"
ATTENTION: default value of option mesa_glthread overridden by environment.
ATTENTION: default value of option mesa_glthread overridden by environment.
ATTENTION: default value of option mesa_glthread overridden by environment.
ATTENTION: default value of option mesa_glthread overridden by environment.
1651589837279	Marionette	INFO	Marionette enabled
console.warn: SearchSettings: "get: No settings file exists, new profile?" (new NotFoundError("Could not open the file at /tmp/rust_mozprofile7F3SWj/search.json.mozlz4", (void 0)))
1651589838452	Marionette	INFO	Listening on port 43599
1651589838488	RemoteAgent	WARN	TLS certificate errors will be ignored for this session
1651589869816	geckodriver	INFO	Listening on 127.0.0.1:59851
1651589869820	mozrunner::runner	INFO	Running command: "/usr/bin/firefox" "--marionette" "-no-remote" "-profile" "/tmp/rust_mozprofileqW2mqE"
ATTENTION: default value of option mesa_glthread overridden by environment.
ATTENTION: default value of option mesa_glthread overridden by environment.
ATTENTION: default value of option mesa_glthread overridden by environment.
ATTENTION: default value of option mesa_glthread overridden by environment.
1651589870450	Marionette	INFO	Marionette enabled
console.warn: SearchSettings: "get: No settings file exists, new profile?" (new NotFoundError("Could not open the file at /tmp/rust_mozprofileqW2mqE/search.json.mozlz4", (void 0)))
1651589871638	Marionette	INFO	Listening on port 36353
1651589871761	RemoteAgent	WARN	TLS certificate errors will be ignored for this session
1651589871902	Marionette	WARN	Ignoring event 'pageshow' because document has an invalid readyState of 'uninitialized'.
1651589872045	Marionette	INFO	Stopped listening on port 36353
Gdk-Message: 06:55:48.729: firefox: Fatal IO error 11 (Resource temporarily unavailable) on X server :0.

Exiting due to channel error.
Exiting due to channel error.
Exiting due to channel error.
Exiting due to channel error.
Exiting due to channel error.
1651658415879	geckodriver	INFO	Listening on 127.0.0.1:49703
1651658416895	mozrunner::runner	INFO	Running command: "/usr/bin/firefox" "--marionette" "-no-remote" "-profile" "/tmp/rust_mozprofileneQjY6"
ATTENTION: default value of option mesa_glthread overridden by environment.
ATTENTION: default value of option mesa_glthread overridden by environment.
ATTENTION: default value of option mesa_glthread overridden by environment.
1651658417513	Marionette	INFO	Marionette enabled
ATTENTION: default value of option mesa_glthread overridden by environment.
console.warn: SearchSettings: "get: No settings file exists, new profile?" (new NotFoundError("Could not open the file at /tmp/rust_mozprofileneQjY6/search.json.mozlz4", (void 0)))
1651658418663	Marionette	INFO	Listening on port 46823
1651658418713	RemoteAgent	WARN	TLS certificate errors will be ignored for this session
1651658418853	Marionette	WARN	Ignoring event 'pageshow' because document has an invalid readyState of 'uninitialized'.
1651658418998	Marionette	INFO	Stopped listening on port 46823
1651658464457	geckodriver	INFO	Listening on 127.0.0.1:53921
1651658465467	mozrunner::runner	INFO	Running command: "/usr/bin/firefox" "--marionette" "-no-remote" "-profile" "/tmp/rust_mozprofileWpsLGY"
ATTENTION: default value of option mesa_glthread overridden by environment.
ATTENTION: default value of option mesa_glthread overridden by environment.
ATTENTION: default value of option mesa_glthread overridden by environment.
ATTENTION: default value of option mesa_glthread overridden by environment.
1651658466098	Marionette	INFO	Marionette enabled
console.warn: SearchSettings: "get: No settings file exists, new profile?" (new NotFoundError("Could not open the file at /tmp/rust_mozprofileWpsLGY/search.json.mozlz4", (void 0)))
1651658467106	Marionette	INFO	Listening on port 44613
1651658467204	RemoteAgent	WARN	TLS certificate errors will be ignored for this session
1651658767304	Marionette	INFO	Stopped listening on port 44613

###!!! [Parent][PImageBridgeParent] Error: RunMessage(msgname=PImageBridge::Msg_WillClose) Channel closing: too late to send/recv, messages will be lost

1651659042719	geckodriver	INFO	Listening on 127.0.0.1:44425
1651659043726	mozrunner::runner	INFO	Running command: "/usr/bin/firefox" "--marionette" "-no-remote" "-profile" "/tmp/rust_mozprofilefwMGcl"
ATTENTION: default value of option mesa_glthread overridden by environment.
ATTENTION: default value of option mesa_glthread overridden by environment.
ATTENTION: default value of option mesa_glthread overridden by environment.
ATTENTION: default value of option mesa_glthread overridden by environment.
1651659044339	Marionette	INFO	Marionette enabled
console.warn: SearchSettings: "get: No settings file exists, new profile?" (new NotFoundError("Could not open the file at /tmp/rust_mozprofilefwMGcl/search.json.mozlz4", (void 0)))
1651659045388	Marionette	INFO	Listening on port 36247
1651659045444	RemoteAgent	WARN	TLS certificate errors will be ignored for this session
Exiting due to channel error.
Exiting due to channel error.
Exiting due to channel error.
Exiting due to channel error.
Exiting due to channel error.
1651659219752	geckodriver	INFO	Listening on 127.0.0.1:47363
1651659219755	mozrunner::runner	INFO	Running command: "/usr/bin/firefox" "--marionette" "-no-remote" "-profile" "/tmp/rust_mozprofileHr5Q18"
ATTENTION: default value of option mesa_glthread overridden by environment.
ATTENTION: default value of option mesa_glthread overridden by environment.
ATTENTION: default value of option mesa_glthread overridden by environment.
1651659220320	Marionette	INFO	Marionette enabled
ATTENTION: default value of option mesa_glthread overridden by environment.
console.warn: SearchSettings: "get: No settings file exists, new profile?" (new NotFoundError("Could not open the file at /tmp/rust_mozprofileHr5Q18/search.json.mozlz4", (void 0)))
1651659221205	Marionette	INFO	Listening on port 43019
1651659221270	RemoteAgent	WARN	TLS certificate errors will be ignored for this session
Exiting due to channel error.
Exiting due to channel error.
Exiting due to channel error.
Exiting due to channel error.
Exiting due to channel error.
1651659370611	geckodriver	INFO	Listening on 127.0.0.1:45509
1651659371621	mozrunner::runner	INFO	Running command: "/usr/bin/firefox" "--marionette" "-no-remote" "-profile" "/tmp/rust_mozprofileWdjHVT"
ATTENTION: default value of option mesa_glthread overridden by environment.
ATTENTION: default value of option mesa_glthread overridden by environment.
ATTENTION: default value of option mesa_glthread overridden by environment.
ATTENTION: default value of option mesa_glthread overridden by environment.
1651659372213	Marionette	INFO	Marionette enabled
console.warn: SearchSettings: "get: No settings file exists, new profile?" (new NotFoundError("Could not open the file at /tmp/rust_mozprofileWdjHVT/search.json.mozlz4", (void 0)))
1651659373085	Marionette	INFO	Listening on port 45115
1651659373138	RemoteAgent	WARN	TLS certificate errors will be ignored for this session
1651659496251	geckodriver	INFO	Listening on 127.0.0.1:52617
1651659496254	mozrunner::runner	INFO	Running command: "/usr/bin/firefox" "--marionette" "-no-remote" "-profile" "/tmp/rust_mozprofile6lJgbs"
ATTENTION: default value of option mesa_glthread overridden by environment.
ATTENTION: default value of option mesa_glthread overridden by environment.
ATTENTION: default value of option mesa_glthread overridden by environment.
ATTENTION: default value of option mesa_glthread overridden by environment.
1651659496904	Marionette	INFO	Marionette enabled
console.warn: SearchSettings: "get: No settings file exists, new profile?" (new NotFoundError("Could not open the file at /tmp/rust_mozprofile6lJgbs/search.json.mozlz4", (void 0)))
1651659497936	Marionette	INFO	Listening on port 45975
1651659497970	RemoteAgent	WARN	TLS certificate errors will be ignored for this session
1651659563022	geckodriver	INFO	Listening on 127.0.0.1:40145
1651659564033	mozrunner::runner	INFO	Running command: "/usr/bin/firefox" "--marionette" "-no-remote" "-profile" "/tmp/rust_mozprofile1hOWi1"
ATTENTION: default value of option mesa_glthread overridden by environment.
ATTENTION: default value of option mesa_glthread overridden by environment.
ATTENTION: default value of option mesa_glthread overridden by environment.
ATTENTION: default value of option mesa_glthread overridden by environment.
1651659564633	Marionette	INFO	Marionette enabled
console.warn: SearchSettings: "get: No settings file exists, new profile?" (new NotFoundError("Could not open the file at /tmp/rust_mozprofile1hOWi1/search.json.mozlz4", (void 0)))
1651659565707	Marionette	INFO	Listening on port 36085
1651659565749	RemoteAgent	WARN	TLS certificate errors will be ignored for this session
1651659596487	Marionette	INFO	Stopped listening on port 36085
1651659599219	Marionette	INFO	Stopped listening on port 45975
1651659601218	Marionette	INFO	Stopped listening on port 45115
1651735484714	geckodriver	INFO	Listening on 127.0.0.1:47273
1651735485723	mozrunner::runner	INFO	Running command: "/usr/bin/firefox" "--marionette" "-no-remote" "-profile" "/tmp/rust_mozprofilejv6Vpt"
ATTENTION: default value of option mesa_glthread overridden by environment.
ATTENTION: default value of option mesa_glthread overridden by environment.
ATTENTION: default value of option mesa_glthread overridden by environment.
1651735486390	Marionette	INFO	Marionette enabled
ATTENTION: default value of option mesa_glthread overridden by environment.
console.warn: SearchSettings: "get: No settings file exists, new profile?" (new NotFoundError("Could not open the file at /tmp/rust_mozprofilejv6Vpt/search.json.mozlz4", (void 0)))
1651735487562	Marionette	INFO	Listening on port 33249
1651735487640	RemoteAgent	WARN	TLS certificate errors will be ignored for this session
console.warn: LoginRecipes: "getRecipes: falling back to a synchronous message for:" "https://orcid.org"
console.warn: LoginRecipes: "getRecipes: falling back to a synchronous message for:" "https://orcid.org"
JavaScript error: resource://gre/modules/LoginManagerParent.jsm, line 136: TypeError: gRecipeManager is null
1651735493469	Marionette	INFO	Stopped listening on port 33249

###!!! [Parent][PImageBridgeParent] Error: RunMessage(msgname=PImageBridge::Msg_WillClose) Channel closing: too late to send/recv, messages will be lost

1651735495033	geckodriver	INFO	Listening on 127.0.0.1:45469
1651735495038	mozrunner::runner	INFO	Running command: "/usr/bin/firefox" "--marionette" "-no-remote" "-profile" "/tmp/rust_mozprofiledi4QzR"
ATTENTION: default value of option mesa_glthread overridden by environment.
ATTENTION: default value of option mesa_glthread overridden by environment.
ATTENTION: default value of option mesa_glthread overridden by environment.
ATTENTION: default value of option mesa_glthread overridden by environment.
1651735495623	Marionette	INFO	Marionette enabled
console.warn: SearchSettings: "get: No settings file exists, new profile?" (new NotFoundError("Could not open the file at /tmp/rust_mozprofiledi4QzR/search.json.mozlz4", (void 0)))
1651735496560	Marionette	INFO	Listening on port 39669
1651735496670	RemoteAgent	WARN	TLS certificate errors will be ignored for this session
1651735500325	geckodriver	INFO	Listening on 127.0.0.1:43425
1651735500328	mozrunner::runner	INFO	Running command: "/usr/bin/firefox" "--marionette" "-no-remote" "-profile" "/tmp/rust_mozprofileSA8NC0"
ATTENTION: default value of option mesa_glthread overridden by environment.
ATTENTION: default value of option mesa_glthread overridden by environment.
ATTENTION: default value of option mesa_glthread overridden by environment.
ATTENTION: default value of option mesa_glthread overridden by environment.
1651735500913	Marionette	INFO	Marionette enabled
console.warn: SearchSettings: "get: No settings file exists, new profile?" (new NotFoundError("Could not open the file at /tmp/rust_mozprofileSA8NC0/search.json.mozlz4", (void 0)))
1651735501816	Marionette	INFO	Listening on port 32797
1651735501843	RemoteAgent	WARN	TLS certificate errors will be ignored for this session
1651735509816	Marionette	INFO	Stopped listening on port 32797
JavaScript error: chrome://remote/content/marionette/cert.js, line 55: NS_ERROR_NOT_AVAILABLE: Component returned failure code: 0x80040111 (NS_ERROR_NOT_AVAILABLE) [nsICertOverrideService.setDisableAllSecurityChecksAndLetAttackersInterceptMyData]
1651735509918	geckodriver::marionette	ERROR	Failed to close browser connection: Socket not connected (os error 107)
[2022-05-05T07:25:09Z ERROR glean] Can't persist ping lifetime data: Error { kind: Rkv(IoError(Os { code: 2, kind: NotFound, message: "No such file or directory" })) }
1651735509963	geckodriver	INFO	Listening on 127.0.0.1:44979
1651735509968	mozrunner::runner	INFO	Running command: "/usr/bin/firefox" "--marionette" "-no-remote" "-profile" "/tmp/rust_mozprofileSioKjt"

###!!! [Parent][PImageBridgeParent] Error: RunMessage(msgname=PImageBridge::Msg_WillClose) Channel closing: too late to send/recv, messages will be lost

ATTENTION: default value of option mesa_glthread overridden by environment.
ATTENTION: default value of option mesa_glthread overridden by environment.
1651735510485	Marionette	INFO	Stopped listening on port 39669
JavaScript error: chrome://remote/content/marionette/cert.js, line 55: NS_ERROR_NOT_AVAILABLE: Component returned failure code: 0x80040111 (NS_ERROR_NOT_AVAILABLE) [nsICertOverrideService.setDisableAllSecurityChecksAndLetAttackersInterceptMyData]
ATTENTION: default value of option mesa_glthread overridden by environment.
ATTENTION: default value of option mesa_glthread overridden by environment.
1651735510585	Marionette	INFO	Marionette enabled
console.warn: SearchSettings: "get: No settings file exists, new profile?" (new NotFoundError("Could not open the file at /tmp/rust_mozprofileSioKjt/search.json.mozlz4", (void 0)))
1651735511859	Marionette	INFO	Listening on port 40603
1651735511931	RemoteAgent	WARN	TLS certificate errors will be ignored for this session
1651735512710	Marionette	INFO	Stopped listening on port 40603

###!!! [Parent][PImageBridgeParent] Error: RunMessage(msgname=PImageBridge::Msg_WillClose) Channel closing: too late to send/recv, messages will be lost

1651735526513	geckodriver	INFO	Listening on 127.0.0.1:38947
1651735526517	mozrunner::runner	INFO	Running command: "/usr/bin/firefox" "--marionette" "-no-remote" "-profile" "/tmp/rust_mozprofiled1FFDZ"
ATTENTION: default value of option mesa_glthread overridden by environment.
ATTENTION: default value of option mesa_glthread overridden by environment.
ATTENTION: default value of option mesa_glthread overridden by environment.
ATTENTION: default value of option mesa_glthread overridden by environment.
1651735527077	Marionette	INFO	Marionette enabled
console.warn: SearchSettings: "get: No settings file exists, new profile?" (new NotFoundError("Could not open the file at /tmp/rust_mozprofiled1FFDZ/search.json.mozlz4", (void 0)))
1651735527955	Marionette	INFO	Listening on port 33637
1651735528039	RemoteAgent	WARN	TLS certificate errors will be ignored for this session
1651735541251	geckodriver	INFO	Listening on 127.0.0.1:44371
1651735541255	mozrunner::runner	INFO	Running command: "/usr/bin/firefox" "--marionette" "-no-remote" "-profile" "/tmp/rust_mozprofile2xGNMA"
ATTENTION: default value of option mesa_glthread overridden by environment.
ATTENTION: default value of option mesa_glthread overridden by environment.
ATTENTION: default value of option mesa_glthread overridden by environment.
ATTENTION: default value of option mesa_glthread overridden by environment.
1651735541816	Marionette	INFO	Marionette enabled
console.warn: SearchSettings: "get: No settings file exists, new profile?" (new NotFoundError("Could not open the file at /tmp/rust_mozprofile2xGNMA/search.json.mozlz4", (void 0)))
1651735542659	Marionette	INFO	Listening on port 43957
1651735542781	RemoteAgent	WARN	TLS certificate errors will be ignored for this session
console.warn: LoginRecipes: "getRecipes: falling back to a synchronous message for:" "https://orcid.org"
console.warn: LoginRecipes: "getRecipes: falling back to a synchronous message for:" "https://orcid.org"
JavaScript error: resource://gre/modules/LoginManagerParent.jsm, line 136: TypeError: gRecipeManager is null
1651735548901	Marionette	INFO	Stopped listening on port 43957
console.error: services.settings: 
  main/fxmonitor-breaches Signature failed  InvalidSignatureError: Invalid content signature (main/fxmonitor-breaches)
console.error: services.settings: 
  main/fxmonitor-breaches local data was corrupted
console.warn: services.settings: main/fxmonitor-breaches Signature verified failed. Retry from scratch
console.error: services.settings: 
  main/fxmonitor-breaches Signature failed again InvalidSignatureError: Invalid content signature (main/fxmonitor-breaches)
console.error: services.settings: 
  Message: InvalidSignatureError: Invalid content signature (main/fxmonitor-breaches)
  Stack:
    InvalidSignatureError@resource://services-settings/RemoteSettingsClient.jsm:135:5
_validateCollectionSignature@resource://services-settings/RemoteSettingsClient.jsm:875:13

console.error: services.settings: 
  main/public-suffix-list Signature failed  InvalidSignatureError: Invalid content signature (main/public-suffix-list)
console.error: services.settings: 
  main/public-suffix-list local data was corrupted
console.warn: services.settings: main/public-suffix-list Signature verified failed. Retry from scratch
console.error: services.settings: 
  main/public-suffix-list Signature failed again InvalidSignatureError: Invalid content signature (main/public-suffix-list)
console.error: services.settings: 
  Message: InvalidSignatureError: Invalid content signature (main/public-suffix-list)
  Stack:
    InvalidSignatureError@resource://services-settings/RemoteSettingsClient.jsm:135:5
_validateCollectionSignature@resource://services-settings/RemoteSettingsClient.jsm:875:13

console.error: services.settings: 
  main/top-sites Signature failed  InvalidSignatureError: Invalid content signature (main/top-sites)
console.error: services.settings: 
  main/top-sites local data was corrupted
console.warn: services.settings: main/top-sites Signature verified failed. Retry from scratch
console.error: services.settings: 
  main/doh-providers Signature failed  InvalidSignatureError: Invalid content signature (main/doh-providers)
console.error: services.settings: 
  main/doh-providers local data was corrupted
console.warn: services.settings: main/doh-providers Signature verified failed. Retry from scratch
console.error: services.settings: 
  main/doh-config Signature failed  InvalidSignatureError: Invalid content signature (main/doh-config)
console.error: services.settings: 
  main/doh-config local data was corrupted
console.warn: services.settings: main/doh-config Signature verified failed. Retry from scratch
console.error: services.settings: 
  main/search-config Signature failed  InvalidSignatureError: Invalid content signature (main/search-config)
console.error: services.settings: 
  main/search-config local data was corrupted
console.warn: services.settings: main/search-config Signature verified failed. Retry from scratch
1651736509016	geckodriver	INFO	Listening on 127.0.0.1:54381
1651736510026	mozrunner::runner	INFO	Running command: "/usr/bin/firefox" "--marionette" "-no-remote" "-profile" "/tmp/rust_mozprofileKuHrhv"
ATTENTION: default value of option mesa_glthread overridden by environment.
ATTENTION: default value of option mesa_glthread overridden by environment.
ATTENTION: default value of option mesa_glthread overridden by environment.
ATTENTION: default value of option mesa_glthread overridden by environment.
1651736510616	Marionette	INFO	Marionette enabled
console.warn: SearchSettings: "get: No settings file exists, new profile?" (new NotFoundError("Could not open the file at /tmp/rust_mozprofileKuHrhv/search.json.mozlz4", (void 0)))
1651736511546	Marionette	INFO	Listening on port 43413
1651736511668	RemoteAgent	WARN	TLS certificate errors will be ignored for this session
console.warn: LoginRecipes: "getRecipes: falling back to a synchronous message for:" "https://orcid.org"
console.warn: LoginRecipes: "getRecipes: falling back to a synchronous message for:" "https://orcid.org"
JavaScript error: resource://gre/modules/LoginManagerParent.jsm, line 136: TypeError: gRecipeManager is null
1651736517122	Marionette	INFO	Stopped listening on port 43413

###!!! [Parent][PImageBridgeParent] Error: RunMessage(msgname=PImageBridge::Msg_WillClose) Channel closing: too late to send/recv, messages will be lost

1651736569122	geckodriver	INFO	Listening on 127.0.0.1:44095
1651736569126	mozrunner::runner	INFO	Running command: "/usr/bin/firefox" "--marionette" "-no-remote" "-profile" "/tmp/rust_mozprofile96pk59"
ATTENTION: default value of option mesa_glthread overridden by environment.
ATTENTION: default value of option mesa_glthread overridden by environment.
ATTENTION: default value of option mesa_glthread overridden by environment.
ATTENTION: default value of option mesa_glthread overridden by environment.
1651736569688	Marionette	INFO	Marionette enabled
console.warn: SearchSettings: "get: No settings file exists, new profile?" (new NotFoundError("Could not open the file at /tmp/rust_mozprofile96pk59/search.json.mozlz4", (void 0)))
1651736570599	Marionette	INFO	Listening on port 45151
1651736570672	RemoteAgent	WARN	TLS certificate errors will be ignored for this session
1651736675583	geckodriver	INFO	Listening on 127.0.0.1:36875
1651736675586	mozrunner::runner	INFO	Running command: "/usr/bin/firefox" "--marionette" "-no-remote" "-profile" "/tmp/rust_mozprofileggGOIv"
ATTENTION: default value of option mesa_glthread overridden by environment.
ATTENTION: default value of option mesa_glthread overridden by environment.
ATTENTION: default value of option mesa_glthread overridden by environment.
ATTENTION: default value of option mesa_glthread overridden by environment.
1651736676134	Marionette	INFO	Marionette enabled
console.warn: SearchSettings: "get: No settings file exists, new profile?" (new NotFoundError("Could not open the file at /tmp/rust_mozprofileggGOIv/search.json.mozlz4", (void 0)))
1651736677178	Marionette	INFO	Listening on port 33097
1651736677210	RemoteAgent	WARN	TLS certificate errors will be ignored for this session
1651736693163	geckodriver	INFO	Listening on 127.0.0.1:59201
1651736693166	mozrunner::runner	INFO	Running command: "/usr/bin/firefox" "--marionette" "-no-remote" "-profile" "/tmp/rust_mozprofileKC0V2d"
ATTENTION: default value of option mesa_glthread overridden by environment.
ATTENTION: default value of option mesa_glthread overridden by environment.
ATTENTION: default value of option mesa_glthread overridden by environment.
ATTENTION: default value of option mesa_glthread overridden by environment.
1651736693775	Marionette	INFO	Marionette enabled
console.warn: SearchSettings: "get: No settings file exists, new profile?" (new NotFoundError("Could not open the file at /tmp/rust_mozprofileKC0V2d/search.json.mozlz4", (void 0)))
1651736694819	Marionette	INFO	Listening on port 41721
1651736694894	RemoteAgent	WARN	TLS certificate errors will be ignored for this session
console.warn: LoginRecipes: "getRecipes: falling back to a synchronous message for:" "https://orcid.org"
console.warn: LoginRecipes: "getRecipes: falling back to a synchronous message for:" "https://orcid.org"
JavaScript error: resource://gre/modules/LoginManagerParent.jsm, line 136: TypeError: gRecipeManager is null
1651736700445	Marionette	INFO	Stopped listening on port 41721

###!!! [Parent][PImageBridgeParent] Error: RunMessage(msgname=PImageBridge::Msg_WillClose) Channel closing: too late to send/recv, messages will be lost

1651736783886	geckodriver	INFO	Listening on 127.0.0.1:55077
1651736783890	mozrunner::runner	INFO	Running command: "/usr/bin/firefox" "--marionette" "-no-remote" "-profile" "/tmp/rust_mozprofilejHzzLl"
ATTENTION: default value of option mesa_glthread overridden by environment.
ATTENTION: default value of option mesa_glthread overridden by environment.
ATTENTION: default value of option mesa_glthread overridden by environment.
ATTENTION: default value of option mesa_glthread overridden by environment.
1651736784451	Marionette	INFO	Marionette enabled
console.warn: SearchSettings: "get: No settings file exists, new profile?" (new NotFoundError("Could not open the file at /tmp/rust_mozprofilejHzzLl/search.json.mozlz4", (void 0)))
1651736785529	Marionette	INFO	Listening on port 36293
1651736785610	RemoteAgent	WARN	TLS certificate errors will be ignored for this session
console.warn: LoginRecipes: "getRecipes: falling back to a synchronous message for:" "https://orcid.org"
console.warn: LoginRecipes: "getRecipes: falling back to a synchronous message for:" "https://orcid.org"
JavaScript error: resource://gre/modules/LoginManagerParent.jsm, line 136: TypeError: gRecipeManager is null
1651736792103	Marionette	INFO	Stopped listening on port 36293

###!!! [Parent][PImageBridgeParent] Error: RunMessage(msgname=PImageBridge::Msg_WillClose) Channel closing: too late to send/recv, messages will be lost

console.error: services.settings: 
  main/top-sites Signature failed  InvalidSignatureError: Invalid content signature (main/top-sites)
console.error: services.settings: 
  main/top-sites local data was corrupted
console.warn: services.settings: main/top-sites Signature verified failed. Retry from scratch
console.error: services.settings: 
  main/doh-providers Signature failed  InvalidSignatureError: Invalid content signature (main/doh-providers)
console.error: services.settings: 
  main/doh-providers local data was corrupted
console.warn: services.settings: main/doh-providers Signature verified failed. Retry from scratch
console.error: services.settings: 
  main/doh-config Signature failed  InvalidSignatureError: Invalid content signature (main/doh-config)
console.error: services.settings: 
  main/doh-config local data was corrupted
console.warn: services.settings: main/doh-config Signature verified failed. Retry from scratch
console.error: services.settings: 
  main/search-config Signature failed  InvalidSignatureError: Invalid content signature (main/search-config)
console.error: services.settings: 
  main/search-config local data was corrupted
console.warn: services.settings: main/search-config Signature verified failed. Retry from scratch
console.error: services.settings: 
  main/fxmonitor-breaches Signature failed  InvalidSignatureError: Invalid content signature (main/fxmonitor-breaches)
console.error: services.settings: 
  main/fxmonitor-breaches local data was corrupted
console.warn: services.settings: main/fxmonitor-breaches Signature verified failed. Retry from scratch
console.error: services.settings: 
  main/fxmonitor-breaches Signature failed again InvalidSignatureError: Invalid content signature (main/fxmonitor-breaches)
console.error: services.settings: 
  Message: InvalidSignatureError: Invalid content signature (main/fxmonitor-breaches)
  Stack:
    InvalidSignatureError@resource://services-settings/RemoteSettingsClient.jsm:135:5
_validateCollectionSignature@resource://services-settings/RemoteSettingsClient.jsm:875:13

console.error: services.settings: 
  main/public-suffix-list Signature failed  InvalidSignatureError: Invalid content signature (main/public-suffix-list)
console.error: services.settings: 
  main/public-suffix-list local data was corrupted
console.warn: services.settings: main/public-suffix-list Signature verified failed. Retry from scratch
console.error: services.settings: 
  main/public-suffix-list Signature failed again InvalidSignatureError: Invalid content signature (main/public-suffix-list)
console.error: services.settings: 
  Message: InvalidSignatureError: Invalid content signature (main/public-suffix-list)
  Stack:
    InvalidSignatureError@resource://services-settings/RemoteSettingsClient.jsm:135:5
_validateCollectionSignature@resource://services-settings/RemoteSettingsClient.jsm:875:13

console.error: services.settings: 
  main/top-sites Signature failed  InvalidSignatureError: Invalid content signature (main/top-sites)
console.error: services.settings: 
  main/top-sites local data was corrupted
console.warn: services.settings: main/top-sites Signature verified failed. Retry from scratch
console.error: services.settings: 
  main/doh-providers Signature failed  InvalidSignatureError: Invalid content signature (main/doh-providers)
console.error: services.settings: 
  main/doh-providers local data was corrupted
console.warn: services.settings: main/doh-providers Signature verified failed. Retry from scratch
console.error: services.settings: 
  main/doh-config Signature failed  InvalidSignatureError: Invalid content signature (main/doh-config)
console.error: services.settings: 
  main/doh-config local data was corrupted
console.warn: services.settings: main/doh-config Signature verified failed. Retry from scratch
console.error: services.settings: 
  main/search-config Signature failed  InvalidSignatureError: Invalid content signature (main/search-config)
console.error: services.settings: 
  main/search-config local data was corrupted
console.warn: services.settings: main/search-config Signature verified failed. Retry from scratch
1651737556633	geckodriver	INFO	Listening on 127.0.0.1:44603
1651737556637	mozrunner::runner	INFO	Running command: "/usr/bin/firefox" "--marionette" "-no-remote" "-profile" "/tmp/rust_mozprofileZWa53o"
ATTENTION: default value of option mesa_glthread overridden by environment.
ATTENTION: default value of option mesa_glthread overridden by environment.
ATTENTION: default value of option mesa_glthread overridden by environment.
ATTENTION: default value of option mesa_glthread overridden by environment.
1651737557226	Marionette	INFO	Marionette enabled
console.warn: SearchSettings: "get: No settings file exists, new profile?" (new NotFoundError("Could not open the file at /tmp/rust_mozprofileZWa53o/search.json.mozlz4", (void 0)))
1651737558328	Marionette	INFO	Listening on port 33083
1651737558355	RemoteAgent	WARN	TLS certificate errors will be ignored for this session
console.warn: LoginRecipes: "getRecipes: falling back to a synchronous message for:" "https://orcid.org"
console.warn: LoginRecipes: "getRecipes: falling back to a synchronous message for:" "https://orcid.org"
JavaScript error: resource://gre/modules/LoginManagerParent.jsm, line 136: TypeError: gRecipeManager is null
1651737564975	Marionette	INFO	Stopped listening on port 33083

###!!! [Parent][PImageBridgeParent] Error: RunMessage(msgname=PImageBridge::Msg_WillClose) Channel closing: too late to send/recv, messages will be lost

1651737594848	geckodriver	INFO	Listening on 127.0.0.1:45019
1651737594852	mozrunner::runner	INFO	Running command: "/usr/bin/firefox" "--marionette" "-no-remote" "-profile" "/tmp/rust_mozprofile2v3BI5"
ATTENTION: default value of option mesa_glthread overridden by environment.
ATTENTION: default value of option mesa_glthread overridden by environment.
ATTENTION: default value of option mesa_glthread overridden by environment.
ATTENTION: default value of option mesa_glthread overridden by environment.
1651737595400	Marionette	INFO	Marionette enabled
console.warn: SearchSettings: "get: No settings file exists, new profile?" (new NotFoundError("Could not open the file at /tmp/rust_mozprofile2v3BI5/search.json.mozlz4", (void 0)))
1651737596319	Marionette	INFO	Listening on port 46521
1651737596404	RemoteAgent	WARN	TLS certificate errors will be ignored for this session
console.warn: LoginRecipes: "getRecipes: falling back to a synchronous message for:" "https://orcid.org"
console.warn: LoginRecipes: "getRecipes: falling back to a synchronous message for:" "https://orcid.org"
JavaScript error: resource://gre/modules/LoginManagerParent.jsm, line 136: TypeError: gRecipeManager is null
1651737601771	Marionette	INFO	Stopped listening on port 46521

###!!! [Parent][PImageBridgeParent] Error: RunMessage(msgname=PImageBridge::Msg_WillClose) Channel closing: too late to send/recv, messages will be lost

1651737679145	geckodriver	INFO	Listening on 127.0.0.1:45983
1651737680150	mozrunner::runner	INFO	Running command: "/usr/bin/firefox" "--marionette" "-no-remote" "-profile" "/tmp/rust_mozprofileSDnZtZ"
ATTENTION: default value of option mesa_glthread overridden by environment.
ATTENTION: default value of option mesa_glthread overridden by environment.
ATTENTION: default value of option mesa_glthread overridden by environment.
ATTENTION: default value of option mesa_glthread overridden by environment.
1651737680711	Marionette	INFO	Marionette enabled
console.warn: SearchSettings: "get: No settings file exists, new profile?" (new NotFoundError("Could not open the file at /tmp/rust_mozprofileSDnZtZ/search.json.mozlz4", (void 0)))
1651737681711	Marionette	INFO	Listening on port 33255
1651737681764	RemoteAgent	WARN	TLS certificate errors will be ignored for this session
console.warn: LoginRecipes: "getRecipes: falling back to a synchronous message for:" "https://orcid.org"
console.warn: LoginRecipes: "getRecipes: falling back to a synchronous message for:" "https://orcid.org"
JavaScript error: resource://gre/modules/LoginManagerParent.jsm, line 136: TypeError: gRecipeManager is null
1651737821468	Marionette	INFO	Stopped listening on port 33255

###!!! [Parent][PImageBridgeParent] Error: RunMessage(msgname=PImageBridge::Msg_WillClose) Channel closing: too late to send/recv, messages will be lost

1651737989370	geckodriver	INFO	Listening on 127.0.0.1:37287
1651737990382	mozrunner::runner	INFO	Running command: "/usr/bin/firefox" "--marionette" "-no-remote" "-profile" "/tmp/rust_mozprofileMJ1kta"
ATTENTION: default value of option mesa_glthread overridden by environment.
ATTENTION: default value of option mesa_glthread overridden by environment.
ATTENTION: default value of option mesa_glthread overridden by environment.
ATTENTION: default value of option mesa_glthread overridden by environment.
1651737990943	Marionette	INFO	Marionette enabled
console.warn: SearchSettings: "get: No settings file exists, new profile?" (new NotFoundError("Could not open the file at /tmp/rust_mozprofileMJ1kta/search.json.mozlz4", (void 0)))
1651737991887	Marionette	INFO	Listening on port 35919
1651737991923	RemoteAgent	WARN	TLS certificate errors will be ignored for this session
1651738130291	geckodriver	INFO	Listening on 127.0.0.1:59839
1651738130296	mozrunner::runner	INFO	Running command: "/usr/bin/firefox" "--marionette" "-no-remote" "-profile" "/tmp/rust_mozprofileJYBZ4U"
ATTENTION: default value of option mesa_glthread overridden by environment.
ATTENTION: default value of option mesa_glthread overridden by environment.
ATTENTION: default value of option mesa_glthread overridden by environment.
ATTENTION: default value of option mesa_glthread overridden by environment.
1651738130940	Marionette	INFO	Marionette enabled
console.warn: SearchSettings: "get: No settings file exists, new profile?" (new NotFoundError("Could not open the file at /tmp/rust_mozprofileJYBZ4U/search.json.mozlz4", (void 0)))
1651738132267	Marionette	INFO	Listening on port 36733
1651738132329	RemoteAgent	WARN	TLS certificate errors will be ignored for this session
1651738191051	geckodriver	INFO	Listening on 127.0.0.1:42079
1651738192064	mozrunner::runner	INFO	Running command: "/usr/bin/firefox" "--marionette" "-no-remote" "-profile" "/tmp/rust_mozprofileNkk0l8"
ATTENTION: default value of option mesa_glthread overridden by environment.
ATTENTION: default value of option mesa_glthread overridden by environment.
ATTENTION: default value of option mesa_glthread overridden by environment.
ATTENTION: default value of option mesa_glthread overridden by environment.
1651738192720	Marionette	INFO	Marionette enabled
console.warn: SearchSettings: "get: No settings file exists, new profile?" (new NotFoundError("Could not open the file at /tmp/rust_mozprofileNkk0l8/search.json.mozlz4", (void 0)))
1651738193972	Marionette	INFO	Listening on port 37503
1651738194100	RemoteAgent	WARN	TLS certificate errors will be ignored for this session
console.error: services.settings: 
  main/top-sites Signature failed  InvalidSignatureError: Invalid content signature (main/top-sites)
console.error: services.settings: 
  main/top-sites local data was corrupted
console.warn: services.settings: main/top-sites Signature verified failed. Retry from scratch
console.error: services.settings: 
  main/doh-providers Signature failed  InvalidSignatureError: Invalid content signature (main/doh-providers)
console.error: services.settings: 
  main/doh-providers local data was corrupted
console.warn: services.settings: main/doh-providers Signature verified failed. Retry from scratch
console.error: services.settings: 
  main/doh-config Signature failed  InvalidSignatureError: Invalid content signature (main/doh-config)
console.error: services.settings: 
  main/doh-config local data was corrupted
console.warn: services.settings: main/doh-config Signature verified failed. Retry from scratch
console.error: services.settings: 
  main/search-config Signature failed  InvalidSignatureError: Invalid content signature (main/search-config)
console.error: services.settings: 
  main/search-config local data was corrupted
console.warn: services.settings: main/search-config Signature verified failed. Retry from scratch
console.error: services.settings: 
  main/top-sites Signature failed  InvalidSignatureError: Invalid content signature (main/top-sites)
console.error: services.settings: 
  main/top-sites local data was corrupted
console.warn: services.settings: main/top-sites Signature verified failed. Retry from scratch
console.error: services.settings: 
  main/doh-providers Signature failed  InvalidSignatureError: Invalid content signature (main/doh-providers)
console.error: services.settings: 
  main/doh-providers local data was corrupted
console.warn: services.settings: main/doh-providers Signature verified failed. Retry from scratch
console.error: services.settings: 
  main/doh-config Signature failed  InvalidSignatureError: Invalid content signature (main/doh-config)
console.error: services.settings: 
  main/doh-config local data was corrupted
console.warn: services.settings: main/doh-config Signature verified failed. Retry from scratch
console.error: services.settings: 
  main/search-config Signature failed  InvalidSignatureError: Invalid content signature (main/search-config)
console.error: services.settings: 
  main/search-config local data was corrupted
console.warn: services.settings: main/search-config Signature verified failed. Retry from scratch
console.error: services.settings: 
  main/top-sites Signature failed  InvalidSignatureError: Invalid content signature (main/top-sites)
console.error: services.settings: 
  main/top-sites local data was corrupted
console.warn: services.settings: main/top-sites Signature verified failed. Retry from scratch
console.error: services.settings: 
  main/doh-providers Signature failed  InvalidSignatureError: Invalid content signature (main/doh-providers)
console.error: services.settings: 
  main/doh-providers local data was corrupted
console.warn: services.settings: main/doh-providers Signature verified failed. Retry from scratch
console.error: services.settings: 
  main/doh-config Signature failed  InvalidSignatureError: Invalid content signature (main/doh-config)
console.error: services.settings: 
  main/doh-config local data was corrupted
console.warn: services.settings: main/doh-config Signature verified failed. Retry from scratch
console.error: services.settings: 
  main/search-config Signature failed  InvalidSignatureError: Invalid content signature (main/search-config)
console.error: services.settings: 
  main/search-config local data was corrupted
console.warn: services.settings: main/search-config Signature verified failed. Retry from scratch
1651738680987	geckodriver	INFO	Listening on 127.0.0.1:52131
1651738682003	mozrunner::runner	INFO	Running command: "/usr/bin/firefox" "--marionette" "-no-remote" "-profile" "/tmp/rust_mozprofiletkLuCo"
ATTENTION: default value of option mesa_glthread overridden by environment.
ATTENTION: default value of option mesa_glthread overridden by environment.
ATTENTION: default value of option mesa_glthread overridden by environment.
ATTENTION: default value of option mesa_glthread overridden by environment.
1651738682820	Marionette	INFO	Marionette enabled
console.warn: SearchSettings: "get: No settings file exists, new profile?" (new NotFoundError("Could not open the file at /tmp/rust_mozprofiletkLuCo/search.json.mozlz4", (void 0)))
1651738684213	Marionette	INFO	Listening on port 38627
1651738684324	RemoteAgent	WARN	TLS certificate errors will be ignored for this session
console.error: services.settings: 
  main/fxmonitor-breaches Signature failed  InvalidSignatureError: Invalid content signature (main/fxmonitor-breaches)
console.error: services.settings: 
  main/fxmonitor-breaches local data was corrupted
console.warn: services.settings: main/fxmonitor-breaches Signature verified failed. Retry from scratch
console.error: services.settings: 
  main/fxmonitor-breaches Signature failed again InvalidSignatureError: Invalid content signature (main/fxmonitor-breaches)
console.error: services.settings: 
  Message: InvalidSignatureError: Invalid content signature (main/fxmonitor-breaches)
  Stack:
    InvalidSignatureError@resource://services-settings/RemoteSettingsClient.jsm:135:5
_validateCollectionSignature@resource://services-settings/RemoteSettingsClient.jsm:875:13

console.error: services.settings: 
  main/public-suffix-list Signature failed  InvalidSignatureError: Invalid content signature (main/public-suffix-list)
console.error: services.settings: 
  main/public-suffix-list local data was corrupted
console.warn: services.settings: main/public-suffix-list Signature verified failed. Retry from scratch
console.error: services.settings: 
  main/public-suffix-list Signature failed again InvalidSignatureError: Invalid content signature (main/public-suffix-list)
console.error: services.settings: 
  Message: InvalidSignatureError: Invalid content signature (main/public-suffix-list)
  Stack:
    InvalidSignatureError@resource://services-settings/RemoteSettingsClient.jsm:135:5
_validateCollectionSignature@resource://services-settings/RemoteSettingsClient.jsm:875:13

console.error: services.settings: 
  main/top-sites Signature failed  InvalidSignatureError: Invalid content signature (main/top-sites)
console.error: services.settings: 
  main/top-sites local data was corrupted
console.warn: services.settings: main/top-sites Signature verified failed. Retry from scratch
console.error: services.settings: 
  main/doh-providers Signature failed  InvalidSignatureError: Invalid content signature (main/doh-providers)
console.error: services.settings: 
  main/doh-providers local data was corrupted
console.warn: services.settings: main/doh-providers Signature verified failed. Retry from scratch
console.error: services.settings: 
  main/doh-config Signature failed  InvalidSignatureError: Invalid content signature (main/doh-config)
console.error: services.settings: 
  main/doh-config local data was corrupted
console.warn: services.settings: main/doh-config Signature verified failed. Retry from scratch
console.error: services.settings: 
  main/search-config Signature failed  InvalidSignatureError: Invalid content signature (main/search-config)
console.error: services.settings: 
  main/search-config local data was corrupted
console.warn: services.settings: main/search-config Signature verified failed. Retry from scratch
1651738986567	Marionette	INFO	Stopped listening on port 38627
1651738988272	Marionette	INFO	Stopped listening on port 37503
1651738990017	Marionette	INFO	Stopped listening on port 36733
1651738991485	Marionette	INFO	Stopped listening on port 35919
1651738992341	Marionette	INFO	Stopped listening on port 33097
1651738993128	Marionette	INFO	Stopped listening on port 33637
1651739022898	geckodriver	INFO	Listening on 127.0.0.1:39433
1651739023901	mozrunner::runner	INFO	Running command: "/usr/bin/firefox" "--marionette" "-no-remote" "-profile" "/tmp/rust_mozprofileIdmPP4"
ATTENTION: default value of option mesa_glthread overridden by environment.
ATTENTION: default value of option mesa_glthread overridden by environment.
ATTENTION: default value of option mesa_glthread overridden by environment.
1651739024615	Marionette	INFO	Marionette enabled
ATTENTION: default value of option mesa_glthread overridden by environment.
console.warn: SearchSettings: "get: No settings file exists, new profile?" (new NotFoundError("Could not open the file at /tmp/rust_mozprofileIdmPP4/search.json.mozlz4", (void 0)))
1651739025644	Marionette	INFO	Listening on port 44765
1651739025736	RemoteAgent	WARN	TLS certificate errors will be ignored for this session
1651739052395	geckodriver	INFO	Listening on 127.0.0.1:55513
1651739052399	mozrunner::runner	INFO	Running command: "/usr/bin/firefox" "--marionette" "-no-remote" "-profile" "/tmp/rust_mozprofileLNAXCy"
ATTENTION: default value of option mesa_glthread overridden by environment.
ATTENTION: default value of option mesa_glthread overridden by environment.
ATTENTION: default value of option mesa_glthread overridden by environment.
ATTENTION: default value of option mesa_glthread overridden by environment.
1651739052960	Marionette	INFO	Marionette enabled
console.warn: SearchSettings: "get: No settings file exists, new profile?" (new NotFoundError("Could not open the file at /tmp/rust_mozprofileLNAXCy/search.json.mozlz4", (void 0)))
1651739053904	Marionette	INFO	Listening on port 39435
1651739054029	RemoteAgent	WARN	TLS certificate errors will be ignored for this session
console.warn: LoginRecipes: "getRecipes: falling back to a synchronous message for:" "https://orcid.org"
console.warn: LoginRecipes: "getRecipes: falling back to a synchronous message for:" "https://orcid.org"
JavaScript error: resource://gre/modules/LoginManagerParent.jsm, line 136: TypeError: gRecipeManager is null
1651739060469	Marionette	INFO	Stopped listening on port 39435

###!!! [Parent][PImageBridgeParent] Error: RunMessage(msgname=PImageBridge::Msg_WillClose) Channel closing: too late to send/recv, messages will be lost

console.error: services.settings: 
  main/fxmonitor-breaches Signature failed  InvalidSignatureError: Invalid content signature (main/fxmonitor-breaches)
console.error: services.settings: 
  main/fxmonitor-breaches local data was corrupted
console.warn: services.settings: main/fxmonitor-breaches Signature verified failed. Retry from scratch
console.error: services.settings: 
  main/fxmonitor-breaches Signature failed again InvalidSignatureError: Invalid content signature (main/fxmonitor-breaches)
console.error: services.settings: 
  Message: InvalidSignatureError: Invalid content signature (main/fxmonitor-breaches)
  Stack:
    InvalidSignatureError@resource://services-settings/RemoteSettingsClient.jsm:135:5
_validateCollectionSignature@resource://services-settings/RemoteSettingsClient.jsm:875:13

console.error: services.settings: 
  main/public-suffix-list Signature failed  InvalidSignatureError: Invalid content signature (main/public-suffix-list)
console.error: services.settings: 
  main/public-suffix-list local data was corrupted
console.warn: services.settings: main/public-suffix-list Signature verified failed. Retry from scratch
console.error: services.settings: 
  main/public-suffix-list Signature failed again InvalidSignatureError: Invalid content signature (main/public-suffix-list)
console.error: services.settings: 
  Message: InvalidSignatureError: Invalid content signature (main/public-suffix-list)
  Stack:
    InvalidSignatureError@resource://services-settings/RemoteSettingsClient.jsm:135:5
_validateCollectionSignature@resource://services-settings/RemoteSettingsClient.jsm:875:13

console.error: services.settings: 
  main/top-sites Signature failed  InvalidSignatureError: Invalid content signature (main/top-sites)
console.error: services.settings: 
  main/top-sites local data was corrupted
console.warn: services.settings: main/top-sites Signature verified failed. Retry from scratch
console.error: services.settings: 
  main/doh-providers Signature failed  InvalidSignatureError: Invalid content signature (main/doh-providers)
console.error: services.settings: 
  main/doh-providers local data was corrupted
console.warn: services.settings: main/doh-providers Signature verified failed. Retry from scratch
console.error: services.settings: 
  main/doh-config Signature failed  InvalidSignatureError: Invalid content signature (main/doh-config)
console.error: services.settings: 
  main/doh-config local data was corrupted
console.warn: services.settings: main/doh-config Signature verified failed. Retry from scratch
console.error: services.settings: 
  main/search-config Signature failed  InvalidSignatureError: Invalid content signature (main/search-config)
console.error: services.settings: 
  main/search-config local data was corrupted
console.warn: services.settings: main/search-config Signature verified failed. Retry from scratch
1651739971228	Marionette	INFO	Stopped listening on port 44765
1651739974576	Marionette	INFO	Stopped listening on port 45151

###!!! [Parent][PImageBridgeParent] Error: RunMessage(msgname=PImageBridge::Msg_WillClose) Channel closing: too late to send/recv, messages will be lost

1651741406222	geckodriver	INFO	Listening on 127.0.0.1:35815
1651741407228	mozrunner::runner	INFO	Running command: "/usr/bin/firefox" "--marionette" "-no-remote" "-profile" "/tmp/rust_mozprofileaNI7FL"
ATTENTION: default value of option mesa_glthread overridden by environment.
ATTENTION: default value of option mesa_glthread overridden by environment.
ATTENTION: default value of option mesa_glthread overridden by environment.
1651741407872	Marionette	INFO	Marionette enabled
ATTENTION: default value of option mesa_glthread overridden by environment.
console.warn: SearchSettings: "get: No settings file exists, new profile?" (new NotFoundError("Could not open the file at /tmp/rust_mozprofileaNI7FL/search.json.mozlz4", (void 0)))
1651741409220	Marionette	INFO	Listening on port 33787
1651741409264	RemoteAgent	WARN	TLS certificate errors will be ignored for this session
console.warn: LoginRecipes: "getRecipes: falling back to a synchronous message for:" "https://orcid.org"
console.warn: LoginRecipes: "getRecipes: falling back to a synchronous message for:" "https://orcid.org"
JavaScript error: resource://gre/modules/LoginManagerParent.jsm, line 136: TypeError: gRecipeManager is null
1651741413942	Marionette	INFO	Stopped listening on port 33787

###!!! [Parent][PImageBridgeParent] Error: RunMessage(msgname=PImageBridge::Msg_WillClose) Channel closing: too late to send/recv, messages will be lost

1651741633809	geckodriver	INFO	Listening on 127.0.0.1:47873
1651741634814	mozrunner::runner	INFO	Running command: "/usr/bin/firefox" "--marionette" "-no-remote" "-profile" "/tmp/rust_mozprofileX2ZndK"
ATTENTION: default value of option mesa_glthread overridden by environment.
ATTENTION: default value of option mesa_glthread overridden by environment.
ATTENTION: default value of option mesa_glthread overridden by environment.
1651741635485	Marionette	INFO	Marionette enabled
ATTENTION: default value of option mesa_glthread overridden by environment.
console.warn: SearchSettings: "get: No settings file exists, new profile?" (new NotFoundError("Could not open the file at /tmp/rust_mozprofileX2ZndK/search.json.mozlz4", (void 0)))
1651741636811	Marionette	INFO	Listening on port 43943
1651741636914	RemoteAgent	WARN	TLS certificate errors will be ignored for this session
console.warn: LoginRecipes: "getRecipes: falling back to a synchronous message for:" "https://orcid.org"
console.warn: LoginRecipes: "getRecipes: falling back to a synchronous message for:" "https://orcid.org"
JavaScript error: resource://gre/modules/LoginManagerParent.jsm, line 136: TypeError: gRecipeManager is null
1651741643166	Marionette	INFO	Stopped listening on port 43943

###!!! [Parent][PImageBridgeParent] Error: RunMessage(msgname=PImageBridge::Msg_WillClose) Channel closing: too late to send/recv, messages will be lost

1651741681189	geckodriver	INFO	Listening on 127.0.0.1:34033
1651741682195	mozrunner::runner	INFO	Running command: "/usr/bin/firefox" "--marionette" "-no-remote" "-profile" "/tmp/rust_mozprofiley0DYCx"
ATTENTION: default value of option mesa_glthread overridden by environment.
ATTENTION: default value of option mesa_glthread overridden by environment.
ATTENTION: default value of option mesa_glthread overridden by environment.
ATTENTION: default value of option mesa_glthread overridden by environment.
1651741682831	Marionette	INFO	Marionette enabled
console.warn: SearchSettings: "get: No settings file exists, new profile?" (new NotFoundError("Could not open the file at /tmp/rust_mozprofiley0DYCx/search.json.mozlz4", (void 0)))
1651741683977	Marionette	INFO	Listening on port 35791
1651741684012	RemoteAgent	WARN	TLS certificate errors will be ignored for this session
1651741826344	geckodriver	INFO	Listening on 127.0.0.1:44493
1651741827356	mozrunner::runner	INFO	Running command: "/usr/bin/firefox" "--marionette" "-no-remote" "-profile" "/tmp/rust_mozprofilekRn40B"
ATTENTION: default value of option mesa_glthread overridden by environment.
ATTENTION: default value of option mesa_glthread overridden by environment.
ATTENTION: default value of option mesa_glthread overridden by environment.
1651741828129	Marionette	INFO	Marionette enabled
ATTENTION: default value of option mesa_glthread overridden by environment.
console.warn: SearchSettings: "get: No settings file exists, new profile?" (new NotFoundError("Could not open the file at /tmp/rust_mozprofilekRn40B/search.json.mozlz4", (void 0)))
1651741829684	Marionette	INFO	Listening on port 35769
1651741829806	RemoteAgent	WARN	TLS certificate errors will be ignored for this session
1651741845630	Marionette	INFO	Stopped listening on port 35769
console.error: services.settings: 
  main/public-suffix-list Signature failed  InvalidSignatureError: Invalid content signature (main/public-suffix-list)
console.error: services.settings: 
  main/public-suffix-list local data was corrupted
console.warn: services.settings: main/public-suffix-list Signature verified failed. Retry from scratch
console.error: services.settings: 
  main/public-suffix-list Signature failed again InvalidSignatureError: Invalid content signature (main/public-suffix-list)
console.error: services.settings: 
  Message: InvalidSignatureError: Invalid content signature (main/public-suffix-list)
  Stack:
    InvalidSignatureError@resource://services-settings/RemoteSettingsClient.jsm:135:5
_validateCollectionSignature@resource://services-settings/RemoteSettingsClient.jsm:875:13

console.error: services.settings: 
  main/doh-config Signature failed  InvalidSignatureError: Invalid content signature (main/doh-config)
console.error: services.settings: 
  main/doh-config local data was corrupted
console.warn: services.settings: main/doh-config Signature verified failed. Retry from scratch
1651742979156	geckodriver	INFO	Listening on 127.0.0.1:46477
1651742980167	mozrunner::runner	INFO	Running command: "/usr/bin/firefox" "--marionette" "-no-remote" "-profile" "/tmp/rust_mozprofileMfDCFT"
ATTENTION: default value of option mesa_glthread overridden by environment.
ATTENTION: default value of option mesa_glthread overridden by environment.
ATTENTION: default value of option mesa_glthread overridden by environment.
ATTENTION: default value of option mesa_glthread overridden by environment.
1651742980953	Marionette	INFO	Marionette enabled
console.warn: SearchSettings: "get: No settings file exists, new profile?" (new NotFoundError("Could not open the file at /tmp/rust_mozprofileMfDCFT/search.json.mozlz4", (void 0)))
1651742982231	Marionette	INFO	Listening on port 46821
1651742982297	RemoteAgent	WARN	TLS certificate errors will be ignored for this session
console.error: services.settings: 
  main/doh-config Signature failed  InvalidSignatureError: Invalid content signature (main/doh-config)
console.error: services.settings: 
  main/doh-config local data was corrupted
console.warn: services.settings: main/doh-config Signature verified failed. Retry from scratch
1651743309957	geckodriver	INFO	Listening on 127.0.0.1:53525
1651743310961	mozrunner::runner	INFO	Running command: "/usr/bin/firefox" "--marionette" "-no-remote" "-profile" "/tmp/rust_mozprofileSKHJcE"
ATTENTION: default value of option mesa_glthread overridden by environment.
ATTENTION: default value of option mesa_glthread overridden by environment.
ATTENTION: default value of option mesa_glthread overridden by environment.
ATTENTION: default value of option mesa_glthread overridden by environment.
1651743311787	Marionette	INFO	Marionette enabled
console.warn: SearchSettings: "get: No settings file exists, new profile?" (new NotFoundError("Could not open the file at /tmp/rust_mozprofileSKHJcE/search.json.mozlz4", (void 0)))
1651743313109	Marionette	INFO	Listening on port 41227
1651743313196	RemoteAgent	WARN	TLS certificate errors will be ignored for this session
console.warn: LoginRecipes: "getRecipes: falling back to a synchronous message for:" "https://orcid.org"
console.warn: LoginRecipes: "getRecipes: falling back to a synchronous message for:" "https://orcid.org"
JavaScript error: resource://gre/modules/LoginManagerParent.jsm, line 136: TypeError: gRecipeManager is null
1651743318957	Marionette	INFO	Stopped listening on port 41227

###!!! [Parent][PImageBridgeParent] Error: RunMessage(msgname=PImageBridge::Msg_WillClose) Channel closing: too late to send/recv, messages will be lost

1651743492155	geckodriver	INFO	Listening on 127.0.0.1:39663
1651743493167	mozrunner::runner	INFO	Running command: "/usr/bin/firefox" "--marionette" "-no-remote" "-profile" "/tmp/rust_mozprofilejPeeQU"
ATTENTION: default value of option mesa_glthread overridden by environment.
ATTENTION: default value of option mesa_glthread overridden by environment.
ATTENTION: default value of option mesa_glthread overridden by environment.
ATTENTION: default value of option mesa_glthread overridden by environment.
1651743493865	Marionette	INFO	Marionette enabled
console.warn: SearchSettings: "get: No settings file exists, new profile?" (new NotFoundError("Could not open the file at /tmp/rust_mozprofilejPeeQU/search.json.mozlz4", (void 0)))
1651743495055	Marionette	INFO	Listening on port 37933
1651743495083	RemoteAgent	WARN	TLS certificate errors will be ignored for this session
console.warn: LoginRecipes: "getRecipes: falling back to a synchronous message for:" "https://orcid.org"
console.warn: LoginRecipes: "getRecipes: falling back to a synchronous message for:" "https://orcid.org"
JavaScript error: resource://gre/modules/LoginManagerParent.jsm, line 136: TypeError: gRecipeManager is null
1651743501003	Marionette	INFO	Stopped listening on port 37933

###!!! [Child][PContentChild] Error: RunMessage(msgname=PHttpChannel::Msg_DeleteSelf) Channel closing: too late to send/recv, messages will be lost

1651743588744	geckodriver	INFO	Listening on 127.0.0.1:60955
1651743588748	mozrunner::runner	INFO	Running command: "/usr/bin/firefox" "--marionette" "-no-remote" "-profile" "/tmp/rust_mozprofileyOvSr9"
ATTENTION: default value of option mesa_glthread overridden by environment.
ATTENTION: default value of option mesa_glthread overridden by environment.
ATTENTION: default value of option mesa_glthread overridden by environment.
ATTENTION: default value of option mesa_glthread overridden by environment.
1651743589387	Marionette	INFO	Marionette enabled
console.warn: SearchSettings: "get: No settings file exists, new profile?" (new NotFoundError("Could not open the file at /tmp/rust_mozprofileyOvSr9/search.json.mozlz4", (void 0)))
1651743590763	Marionette	INFO	Listening on port 41125
1651743590883	RemoteAgent	WARN	TLS certificate errors will be ignored for this session
console.warn: LoginRecipes: "getRecipes: falling back to a synchronous message for:" "https://orcid.org"
console.warn: LoginRecipes: "getRecipes: falling back to a synchronous message for:" "https://orcid.org"
JavaScript error: resource://gre/modules/LoginManagerParent.jsm, line 136: TypeError: gRecipeManager is null
console.error: services.settings: 
  main/doh-config Signature failed  InvalidSignatureError: Invalid content signature (main/doh-config)
console.error: services.settings: 
  main/doh-config local data was corrupted
console.warn: services.settings: main/doh-config Signature verified failed. Retry from scratch
1651744202042	Marionette	INFO	Stopped listening on port 35791
Exiting due to channel error.
Exiting due to channel error.
1651750326985	geckodriver	INFO	Listening on 127.0.0.1:57903
1651750327989	mozrunner::runner	INFO	Running command: "/usr/bin/firefox" "--marionette" "-no-remote" "-profile" "/tmp/rust_mozprofilebHKuZK"
ATTENTION: default value of option mesa_glthread overridden by environment.
ATTENTION: default value of option mesa_glthread overridden by environment.
ATTENTION: default value of option mesa_glthread overridden by environment.
ATTENTION: default value of option mesa_glthread overridden by environment.
1651750328678	Marionette	INFO	Marionette enabled
console.warn: SearchSettings: "get: No settings file exists, new profile?" (new NotFoundError("Could not open the file at /tmp/rust_mozprofilebHKuZK/search.json.mozlz4", (void 0)))
1651750330071	Marionette	INFO	Listening on port 43565
1651750330146	RemoteAgent	WARN	TLS certificate errors will be ignored for this session
console.error: services.settings: 
  main/doh-config Signature failed  InvalidSignatureError: Invalid content signature (main/doh-config)
console.error: services.settings: 
  main/doh-config local data was corrupted
console.warn: services.settings: main/doh-config Signature verified failed. Retry from scratch

###!!! [Parent][PBackgroundParent] Error: Send(msgname=PIdleScheduler::Reply_RequestGC) Channel error: cannot send/recv

Exiting due to channel error.
Exiting due to channel error.
1651750943209	geckodriver	INFO	Listening on 127.0.0.1:59323
1651750944213	mozrunner::runner	INFO	Running command: "/usr/bin/firefox" "--marionette" "-no-remote" "-profile" "/tmp/rust_mozprofileunzenm"
ATTENTION: default value of option mesa_glthread overridden by environment.
ATTENTION: default value of option mesa_glthread overridden by environment.
ATTENTION: default value of option mesa_glthread overridden by environment.
ATTENTION: default value of option mesa_glthread overridden by environment.
1651750945022	Marionette	INFO	Marionette enabled
console.warn: SearchSettings: "get: No settings file exists, new profile?" (new NotFoundError("Could not open the file at /tmp/rust_mozprofileunzenm/search.json.mozlz4", (void 0)))
1651750946345	Marionette	INFO	Listening on port 32865
1651750946434	RemoteAgent	WARN	TLS certificate errors will be ignored for this session
1651751107533	geckodriver	INFO	Listening on 127.0.0.1:47687
1651751108538	mozrunner::runner	INFO	Running command: "/usr/bin/firefox" "--marionette" "-no-remote" "-profile" "/tmp/rust_mozprofileJqeR4b"
ATTENTION: default value of option mesa_glthread overridden by environment.
ATTENTION: default value of option mesa_glthread overridden by environment.
ATTENTION: default value of option mesa_glthread overridden by environment.
ATTENTION: default value of option mesa_glthread overridden by environment.
1651751109479	Marionette	INFO	Marionette enabled
console.warn: SearchSettings: "get: No settings file exists, new profile?" (new NotFoundError("Could not open the file at /tmp/rust_mozprofileJqeR4b/search.json.mozlz4", (void 0)))
1651751111481	Marionette	INFO	Listening on port 38247
1651751111654	RemoteAgent	WARN	TLS certificate errors will be ignored for this session
1651751151814	geckodriver	INFO	Listening on 127.0.0.1:48275
1651751152828	mozrunner::runner	INFO	Running command: "/usr/bin/firefox" "--marionette" "-no-remote" "-profile" "/tmp/rust_mozprofileI1LBBe"
ATTENTION: default value of option mesa_glthread overridden by environment.
ATTENTION: default value of option mesa_glthread overridden by environment.
ATTENTION: default value of option mesa_glthread overridden by environment.
ATTENTION: default value of option mesa_glthread overridden by environment.
1651751153698	Marionette	INFO	Marionette enabled
console.warn: SearchSettings: "get: No settings file exists, new profile?" (new NotFoundError("Could not open the file at /tmp/rust_mozprofileI1LBBe/search.json.mozlz4", (void 0)))
1651751155544	Marionette	INFO	Listening on port 41069
1651751155678	RemoteAgent	WARN	TLS certificate errors will be ignored for this session
console.error: services.settings: 
  main/doh-config Signature failed  InvalidSignatureError: Invalid content signature (main/doh-config)
console.error: services.settings: 
  main/doh-config local data was corrupted
console.warn: services.settings: main/doh-config Signature verified failed. Retry from scratch
console.error: services.settings: 
  main/doh-config Signature failed  InvalidSignatureError: Invalid content signature (main/doh-config)
console.error: services.settings: 
  main/doh-config local data was corrupted
console.warn: services.settings: main/doh-config Signature verified failed. Retry from scratch
console.error: services.settings: 
  main/doh-config Signature failed  InvalidSignatureError: Invalid content signature (main/doh-config)
console.error: services.settings: 
  main/doh-config local data was corrupted
console.warn: services.settings: main/doh-config Signature verified failed. Retry from scratch
Exiting due to channel error.
Exiting due to channel error.
Exiting due to channel error.
Exiting due to channel error.
Exiting due to channel error.
1651751807224	Marionette	INFO	Stopped listening on port 38247
1651751810449	Marionette	INFO	Stopped listening on port 32865

###!!! [Parent][PImageBridgeParent] Error: RunMessage(msgname=PImageBridge::Msg_WillClose) Channel closing: too late to send/recv, messages will be lost

1651751813494	Marionette	INFO	Stopped listening on port 46821
1651751932501	geckodriver	INFO	Listening on 127.0.0.1:33115
1651751933513	mozrunner::runner	INFO	Running command: "/usr/bin/firefox" "--marionette" "-no-remote" "-profile" "/tmp/rust_mozprofile2yJ0Es"
ATTENTION: default value of option mesa_glthread overridden by environment.
ATTENTION: default value of option mesa_glthread overridden by environment.
ATTENTION: default value of option mesa_glthread overridden by environment.
1651751934184	Marionette	INFO	Marionette enabled
ATTENTION: default value of option mesa_glthread overridden by environment.
console.warn: SearchSettings: "get: No settings file exists, new profile?" (new NotFoundError("Could not open the file at /tmp/rust_mozprofile2yJ0Es/search.json.mozlz4", (void 0)))
1651751935457	Marionette	INFO	Listening on port 45671
1651751935541	RemoteAgent	WARN	TLS certificate errors will be ignored for this session
console.error: services.settings: 
  main/doh-config Signature failed  InvalidSignatureError: Invalid content signature (main/doh-config)
console.error: services.settings: 
  main/doh-config local data was corrupted
console.warn: services.settings: main/doh-config Signature verified failed. Retry from scratch
1651752906849	Marionette	INFO	Stopped listening on port 45671

###!!! [Parent][PImageBridgeParent] Error: RunMessage(msgname=PImageBridge::Msg_WillClose) Channel closing: too late to send/recv, messages will be lost

1651752944352	geckodriver	INFO	Listening on 127.0.0.1:54537
1651752944356	mozrunner::runner	INFO	Running command: "/usr/bin/firefox" "--marionette" "-no-remote" "-profile" "/tmp/rust_mozprofileMSRru1"
ATTENTION: default value of option mesa_glthread overridden by environment.
ATTENTION: default value of option mesa_glthread overridden by environment.
ATTENTION: default value of option mesa_glthread overridden by environment.
ATTENTION: default value of option mesa_glthread overridden by environment.
1651752944932	Marionette	INFO	Marionette enabled
console.warn: SearchSettings: "get: No settings file exists, new profile?" (new NotFoundError("Could not open the file at /tmp/rust_mozprofileMSRru1/search.json.mozlz4", (void 0)))
1651752945932	Marionette	INFO	Listening on port 41791
1651752945976	RemoteAgent	WARN	TLS certificate errors will be ignored for this session
1651752992405	geckodriver	INFO	Listening on 127.0.0.1:39935
1651752992408	mozrunner::runner	INFO	Running command: "/usr/bin/firefox" "--marionette" "-no-remote" "-profile" "/tmp/rust_mozprofileQAoCo0"
ATTENTION: default value of option mesa_glthread overridden by environment.
ATTENTION: default value of option mesa_glthread overridden by environment.
ATTENTION: default value of option mesa_glthread overridden by environment.
ATTENTION: default value of option mesa_glthread overridden by environment.
1651752992969	Marionette	INFO	Marionette enabled
console.warn: SearchSettings: "get: No settings file exists, new profile?" (new NotFoundError("Could not open the file at /tmp/rust_mozprofileQAoCo0/search.json.mozlz4", (void 0)))
1651752993862	Marionette	INFO	Listening on port 36707
1651752993974	RemoteAgent	WARN	TLS certificate errors will be ignored for this session
1651753159964	geckodriver	INFO	Listening on 127.0.0.1:41175
1651753159969	mozrunner::runner	INFO	Running command: "/usr/bin/firefox" "--marionette" "-no-remote" "-profile" "/tmp/rust_mozprofile8Njp4M"
ATTENTION: default value of option mesa_glthread overridden by environment.
ATTENTION: default value of option mesa_glthread overridden by environment.
ATTENTION: default value of option mesa_glthread overridden by environment.
ATTENTION: default value of option mesa_glthread overridden by environment.
1651753160643	Marionette	INFO	Marionette enabled
console.warn: SearchSettings: "get: No settings file exists, new profile?" (new NotFoundError("Could not open the file at /tmp/rust_mozprofile8Njp4M/search.json.mozlz4", (void 0)))
1651753161754	Marionette	INFO	Listening on port 35233
1651753161794	RemoteAgent	WARN	TLS certificate errors will be ignored for this session
1651753162031	geckodriver	INFO	Listening on 127.0.0.1:39299
1651753162036	mozrunner::runner	INFO	Running command: "/usr/bin/firefox" "--marionette" "-no-remote" "-profile" "/tmp/rust_mozprofilezT1Rb0"
ATTENTION: default value of option mesa_glthread overridden by environment.
ATTENTION: default value of option mesa_glthread overridden by environment.
ATTENTION: default value of option mesa_glthread overridden by environment.
ATTENTION: default value of option mesa_glthread overridden by environment.
1651753162733	Marionette	INFO	Marionette enabled
console.warn: SearchSettings: "get: No settings file exists, new profile?" (new NotFoundError("Could not open the file at /tmp/rust_mozprofilezT1Rb0/search.json.mozlz4", (void 0)))
1651753163820	Marionette	INFO	Listening on port 37975
1651753163856	RemoteAgent	WARN	TLS certificate errors will be ignored for this session
1651753164002	geckodriver	INFO	Listening on 127.0.0.1:36879
1651753164006	mozrunner::runner	INFO	Running command: "/usr/bin/firefox" "--marionette" "-no-remote" "-profile" "/tmp/rust_mozprofileNxrSbr"
ATTENTION: default value of option mesa_glthread overridden by environment.
ATTENTION: default value of option mesa_glthread overridden by environment.
ATTENTION: default value of option mesa_glthread overridden by environment.
ATTENTION: default value of option mesa_glthread overridden by environment.
1651753164604	Marionette	INFO	Marionette enabled
console.warn: SearchSettings: "get: No settings file exists, new profile?" (new NotFoundError("Could not open the file at /tmp/rust_mozprofileNxrSbr/search.json.mozlz4", (void 0)))
1651753165571	Marionette	INFO	Listening on port 40117
1651753165631	RemoteAgent	WARN	TLS certificate errors will be ignored for this session
1651753165781	geckodriver	INFO	Listening on 127.0.0.1:54297
1651753165785	mozrunner::runner	INFO	Running command: "/usr/bin/firefox" "--marionette" "-no-remote" "-profile" "/tmp/rust_mozprofileK6MmQL"
ATTENTION: default value of option mesa_glthread overridden by environment.
ATTENTION: default value of option mesa_glthread overridden by environment.
ATTENTION: default value of option mesa_glthread overridden by environment.
ATTENTION: default value of option mesa_glthread overridden by environment.
1651753166472	Marionette	INFO	Marionette enabled
console.warn: SearchSettings: "get: No settings file exists, new profile?" (new NotFoundError("Could not open the file at /tmp/rust_mozprofileK6MmQL/search.json.mozlz4", (void 0)))
1651753167412	Marionette	INFO	Listening on port 41969
1651753167510	RemoteAgent	WARN	TLS certificate errors will be ignored for this session
1651753167658	geckodriver	INFO	Listening on 127.0.0.1:55975
1651753168668	mozrunner::runner	INFO	Running command: "/usr/bin/firefox" "--marionette" "-no-remote" "-profile" "/tmp/rust_mozprofileuRAZwd"
ATTENTION: default value of option mesa_glthread overridden by environment.
ATTENTION: default value of option mesa_glthread overridden by environment.
ATTENTION: default value of option mesa_glthread overridden by environment.
ATTENTION: default value of option mesa_glthread overridden by environment.
1651753169274	Marionette	INFO	Marionette enabled
console.warn: SearchSettings: "get: No settings file exists, new profile?" (new NotFoundError("Could not open the file at /tmp/rust_mozprofileuRAZwd/search.json.mozlz4", (void 0)))
1651753170285	Marionette	INFO	Listening on port 37859
1651753170388	RemoteAgent	WARN	TLS certificate errors will be ignored for this session
1651753170568	geckodriver	INFO	Listening on 127.0.0.1:39687
1651753170578	mozrunner::runner	INFO	Running command: "/usr/bin/firefox" "--marionette" "-no-remote" "-profile" "/tmp/rust_mozprofileP4r9fp"
ATTENTION: default value of option mesa_glthread overridden by environment.
ATTENTION: default value of option mesa_glthread overridden by environment.
ATTENTION: default value of option mesa_glthread overridden by environment.
ATTENTION: default value of option mesa_glthread overridden by environment.
1651753171199	Marionette	INFO	Marionette enabled
console.warn: SearchSettings: "get: No settings file exists, new profile?" (new NotFoundError("Could not open the file at /tmp/rust_mozprofileP4r9fp/search.json.mozlz4", (void 0)))
1651753172545	Marionette	INFO	Listening on port 34785
1651753172624	RemoteAgent	WARN	TLS certificate errors will be ignored for this session
1651753172879	geckodriver	INFO	Listening on 127.0.0.1:39263
1651753172885	mozrunner::runner	INFO	Running command: "/usr/bin/firefox" "--marionette" "-no-remote" "-profile" "/tmp/rust_mozprofiletLTdzt"
ATTENTION: default value of option mesa_glthread overridden by environment.
ATTENTION: default value of option mesa_glthread overridden by environment.
ATTENTION: default value of option mesa_glthread overridden by environment.
ATTENTION: default value of option mesa_glthread overridden by environment.
1651753173636	Marionette	INFO	Marionette enabled
console.warn: SearchSettings: "get: No settings file exists, new profile?" (new NotFoundError("Could not open the file at /tmp/rust_mozprofiletLTdzt/search.json.mozlz4", (void 0)))
1651753175044	Marionette	INFO	Listening on port 41307
1651753175124	RemoteAgent	WARN	TLS certificate errors will be ignored for this session
1651753175309	geckodriver	INFO	Listening on 127.0.0.1:47983
1651753175313	mozrunner::runner	INFO	Running command: "/usr/bin/firefox" "--marionette" "-no-remote" "-profile" "/tmp/rust_mozprofile2b8633"
ATTENTION: default value of option mesa_glthread overridden by environment.
ATTENTION: default value of option mesa_glthread overridden by environment.
ATTENTION: default value of option mesa_glthread overridden by environment.
1651753175993	Marionette	INFO	Marionette enabled
ATTENTION: default value of option mesa_glthread overridden by environment.
console.warn: SearchSettings: "get: No settings file exists, new profile?" (new NotFoundError("Could not open the file at /tmp/rust_mozprofile2b8633/search.json.mozlz4", (void 0)))
1651753177169	Marionette	INFO	Listening on port 41559
1651753177275	RemoteAgent	WARN	TLS certificate errors will be ignored for this session
1651753177535	geckodriver	INFO	Listening on 127.0.0.1:41245
1651753177549	mozrunner::runner	INFO	Running command: "/usr/bin/firefox" "--marionette" "-no-remote" "-profile" "/tmp/rust_mozprofileIY9qIR"
ATTENTION: default value of option mesa_glthread overridden by environment.
ATTENTION: default value of option mesa_glthread overridden by environment.
ATTENTION: default value of option mesa_glthread overridden by environment.
ATTENTION: default value of option mesa_glthread overridden by environment.
1651753178187	Marionette	INFO	Marionette enabled
console.warn: SearchSettings: "get: No settings file exists, new profile?" (new NotFoundError("Could not open the file at /tmp/rust_mozprofileIY9qIR/search.json.mozlz4", (void 0)))
1651753179173	Marionette	INFO	Listening on port 46145
1651753179268	RemoteAgent	WARN	TLS certificate errors will be ignored for this session
1651753179412	geckodriver	INFO	Listening on 127.0.0.1:52925
1651753179415	mozrunner::runner	INFO	Running command: "/usr/bin/firefox" "--marionette" "-no-remote" "-profile" "/tmp/rust_mozprofileky9DhO"
ATTENTION: default value of option mesa_glthread overridden by environment.
ATTENTION: default value of option mesa_glthread overridden by environment.
ATTENTION: default value of option mesa_glthread overridden by environment.
1651753180119	Marionette	INFO	Marionette enabled
ATTENTION: default value of option mesa_glthread overridden by environment.
console.warn: SearchSettings: "get: No settings file exists, new profile?" (new NotFoundError("Could not open the file at /tmp/rust_mozprofileky9DhO/search.json.mozlz4", (void 0)))
1651753182078	Marionette	INFO	Listening on port 39819
1651753182216	RemoteAgent	WARN	TLS certificate errors will be ignored for this session
1651753182353	Marionette	INFO	Stopped listening on port 39819
Exiting due to channel error.
Exiting due to channel error.
Exiting due to channel error.
Exiting due to channel error.
Exiting due to channel error.
Exiting due to channel error.
Exiting due to channel error.
Exiting due to channel error.
Exiting due to channel error.
Exiting due to channel error.
Exiting due to channel error.
Exiting due to channel error.
Exiting due to channel error.
Exiting due to channel error.
Exiting due to channel error.
Exiting due to channel error.
Exiting due to channel error.
Exiting due to channel error.
Exiting due to channel error.
Exiting due to channel error.
Exiting due to channel error.
Exiting due to channel error.
Exiting due to channel error.
console.error: services.settings: 
  main/public-suffix-list Signature failed  InvalidSignatureError: Invalid content signature (main/public-suffix-list)
console.error: services.settings: 
  main/public-suffix-list local data was corrupted
console.warn: services.settings: main/public-suffix-list Signature verified failed. Retry from scratch
console.error: services.settings: 
  main/public-suffix-list Signature failed again InvalidSignatureError: Invalid content signature (main/public-suffix-list)
console.error: services.settings: 
  Message: InvalidSignatureError: Invalid content signature (main/public-suffix-list)
  Stack:
    InvalidSignatureError@resource://services-settings/RemoteSettingsClient.jsm:135:5
_validateCollectionSignature@resource://services-settings/RemoteSettingsClient.jsm:875:13

console.error: services.settings: 
  main/doh-config Signature failed  InvalidSignatureError: Invalid content signature (main/doh-config)
console.error: services.settings: 
  main/doh-config local data was corrupted
console.warn: services.settings: main/doh-config Signature verified failed. Retry from scratch
console.error: services.settings: 
  main/public-suffix-list Signature failed  InvalidSignatureError: Invalid content signature (main/public-suffix-list)
console.error: services.settings: 
  main/public-suffix-list local data was corrupted
console.warn: services.settings: main/public-suffix-list Signature verified failed. Retry from scratch
console.error: services.settings: 
  main/public-suffix-list Signature failed again InvalidSignatureError: Invalid content signature (main/public-suffix-list)
console.error: services.settings: 
  Message: InvalidSignatureError: Invalid content signature (main/public-suffix-list)
  Stack:
    InvalidSignatureError@resource://services-settings/RemoteSettingsClient.jsm:135:5
_validateCollectionSignature@resource://services-settings/RemoteSettingsClient.jsm:875:13

console.error: services.settings: 
  main/doh-config Signature failed  InvalidSignatureError: Invalid content signature (main/doh-config)
console.error: services.settings: 
  main/doh-config local data was corrupted
console.warn: services.settings: main/doh-config Signature verified failed. Retry from scratch
1651753272206	geckodriver	INFO	Listening on 127.0.0.1:56073
1651753273218	mozrunner::runner	INFO	Running command: "/usr/bin/firefox" "--marionette" "-no-remote" "-profile" "/tmp/rust_mozprofileu4dnak"
ATTENTION: default value of option mesa_glthread overridden by environment.
ATTENTION: default value of option mesa_glthread overridden by environment.
ATTENTION: default value of option mesa_glthread overridden by environment.
1651753273885	Marionette	INFO	Marionette enabled
ATTENTION: default value of option mesa_glthread overridden by environment.
console.warn: SearchSettings: "get: No settings file exists, new profile?" (new NotFoundError("Could not open the file at /tmp/rust_mozprofileu4dnak/search.json.mozlz4", (void 0)))
1651753275006	Marionette	INFO	Listening on port 36933
1651753275042	RemoteAgent	WARN	TLS certificate errors will be ignored for this session
1651753275192	geckodriver	INFO	Listening on 127.0.0.1:41835
1651753275196	mozrunner::runner	INFO	Running command: "/usr/bin/firefox" "--marionette" "-no-remote" "-profile" "/tmp/rust_mozprofileEId5a8"
ATTENTION: default value of option mesa_glthread overridden by environment.
ATTENTION: default value of option mesa_glthread overridden by environment.
ATTENTION: default value of option mesa_glthread overridden by environment.
ATTENTION: default value of option mesa_glthread overridden by environment.
1651753275767	Marionette	INFO	Marionette enabled
console.warn: SearchSettings: "get: No settings file exists, new profile?" (new NotFoundError("Could not open the file at /tmp/rust_mozprofileEId5a8/search.json.mozlz4", (void 0)))
1651753276651	Marionette	INFO	Listening on port 39291
1651753276711	RemoteAgent	WARN	TLS certificate errors will be ignored for this session
1651753276857	geckodriver	INFO	Listening on 127.0.0.1:43143
1651753276862	mozrunner::runner	INFO	Running command: "/usr/bin/firefox" "--marionette" "-no-remote" "-profile" "/tmp/rust_mozprofileBi7Ov0"
ATTENTION: default value of option mesa_glthread overridden by environment.
ATTENTION: default value of option mesa_glthread overridden by environment.
ATTENTION: default value of option mesa_glthread overridden by environment.
ATTENTION: default value of option mesa_glthread overridden by environment.
1651753277463	Marionette	INFO	Marionette enabled
console.warn: SearchSettings: "get: No settings file exists, new profile?" (new NotFoundError("Could not open the file at /tmp/rust_mozprofileBi7Ov0/search.json.mozlz4", (void 0)))
1651753278396	Marionette	INFO	Listening on port 39985
1651753278487	RemoteAgent	WARN	TLS certificate errors will be ignored for this session
1651753278648	geckodriver	INFO	Listening on 127.0.0.1:40873
1651753278651	mozrunner::runner	INFO	Running command: "/usr/bin/firefox" "--marionette" "-no-remote" "-profile" "/tmp/rust_mozprofilepDanZg"
ATTENTION: default value of option mesa_glthread overridden by environment.
ATTENTION: default value of option mesa_glthread overridden by environment.
ATTENTION: default value of option mesa_glthread overridden by environment.
ATTENTION: default value of option mesa_glthread overridden by environment.
1651753279276	Marionette	INFO	Marionette enabled
console.warn: SearchSettings: "get: No settings file exists, new profile?" (new NotFoundError("Could not open the file at /tmp/rust_mozprofilepDanZg/search.json.mozlz4", (void 0)))
1651753280289	Marionette	INFO	Listening on port 44149
1651753280365	RemoteAgent	WARN	TLS certificate errors will be ignored for this session
1651753280522	geckodriver	INFO	Listening on 127.0.0.1:55651
1651753280526	mozrunner::runner	INFO	Running command: "/usr/bin/firefox" "--marionette" "-no-remote" "-profile" "/tmp/rust_mozprofile69kpYG"
ATTENTION: default value of option mesa_glthread overridden by environment.
ATTENTION: default value of option mesa_glthread overridden by environment.
ATTENTION: default value of option mesa_glthread overridden by environment.
ATTENTION: default value of option mesa_glthread overridden by environment.
1651753281177	Marionette	INFO	Marionette enabled
Exiting due to channel error.
Exiting due to channel error.
Exiting due to channel error.
Exiting due to channel error.
Exiting due to channel error.
Exiting due to channel error.
Exiting due to channel error.
Exiting due to channel error.
Exiting due to channel error.
Exiting due to channel error.
Exiting due to channel error.
Exiting due to channel error.
Exiting due to channel error.
Exiting due to channel error.
Exiting due to channel error.
Exiting due to channel error.
Exiting due to channel error.
1651753281848	geckodriver	INFO	Listening on 127.0.0.1:58993
1651753282852	mozrunner::runner	INFO	Running command: "/usr/bin/firefox" "--marionette" "-no-remote" "-profile" "/tmp/rust_mozprofiletlrdFF"
ATTENTION: default value of option mesa_glthread overridden by environment.
ATTENTION: default value of option mesa_glthread overridden by environment.
ATTENTION: default value of option mesa_glthread overridden by environment.
ATTENTION: default value of option mesa_glthread overridden by environment.
1651753283508	Marionette	INFO	Marionette enabled
console.warn: SearchSettings: "get: No settings file exists, new profile?" (new NotFoundError("Could not open the file at /tmp/rust_mozprofiletlrdFF/search.json.mozlz4", (void 0)))
1651753284581	Marionette	INFO	Listening on port 42307
1651753284669	RemoteAgent	WARN	TLS certificate errors will be ignored for this session
1651753284854	geckodriver	INFO	Listening on 127.0.0.1:59313
1651753284857	mozrunner::runner	INFO	Running command: "/usr/bin/firefox" "--marionette" "-no-remote" "-profile" "/tmp/rust_mozprofileONnZB6"
ATTENTION: default value of option mesa_glthread overridden by environment.
ATTENTION: default value of option mesa_glthread overridden by environment.
ATTENTION: default value of option mesa_glthread overridden by environment.
ATTENTION: default value of option mesa_glthread overridden by environment.
1651753285617	Marionette	INFO	Marionette enabled
console.warn: SearchSettings: "get: No settings file exists, new profile?" (new NotFoundError("Could not open the file at /tmp/rust_mozprofileONnZB6/search.json.mozlz4", (void 0)))
1651753286854	Marionette	INFO	Listening on port 38643
1651753286885	RemoteAgent	WARN	TLS certificate errors will be ignored for this session
1651753287118	geckodriver	INFO	Listening on 127.0.0.1:57887
1651753287123	mozrunner::runner	INFO	Running command: "/usr/bin/firefox" "--marionette" "-no-remote" "-profile" "/tmp/rust_mozprofileZsazRb"
ATTENTION: default value of option mesa_glthread overridden by environment.
ATTENTION: default value of option mesa_glthread overridden by environment.
ATTENTION: default value of option mesa_glthread overridden by environment.
ATTENTION: default value of option mesa_glthread overridden by environment.
1651753287894	Marionette	INFO	Marionette enabled
console.warn: SearchSettings: "get: No settings file exists, new profile?" (new NotFoundError("Could not open the file at /tmp/rust_mozprofileZsazRb/search.json.mozlz4", (void 0)))
1651753289353	Marionette	INFO	Listening on port 37981
1651753289447	RemoteAgent	WARN	TLS certificate errors will be ignored for this session
1651753289613	geckodriver	INFO	Listening on 127.0.0.1:57477
1651753289618	mozrunner::runner	INFO	Running command: "/usr/bin/firefox" "--marionette" "-no-remote" "-profile" "/tmp/rust_mozprofilerOrrNY"
ATTENTION: default value of option mesa_glthread overridden by environment.
ATTENTION: default value of option mesa_glthread overridden by environment.
ATTENTION: default value of option mesa_glthread overridden by environment.
ATTENTION: default value of option mesa_glthread overridden by environment.
1651753290318	Marionette	INFO	Marionette enabled
console.warn: SearchSettings: "get: No settings file exists, new profile?" (new NotFoundError("Could not open the file at /tmp/rust_mozprofilerOrrNY/search.json.mozlz4", (void 0)))
1651753291889	Marionette	INFO	Listening on port 39945
1651753291953	RemoteAgent	WARN	TLS certificate errors will be ignored for this session
1651753292176	geckodriver	INFO	Listening on 127.0.0.1:32885
1651753293182	mozrunner::runner	INFO	Running command: "/usr/bin/firefox" "--marionette" "-no-remote" "-profile" "/tmp/rust_mozprofileq9wcBo"
ATTENTION: default value of option mesa_glthread overridden by environment.
ATTENTION: default value of option mesa_glthread overridden by environment.
ATTENTION: default value of option mesa_glthread overridden by environment.
ATTENTION: default value of option mesa_glthread overridden by environment.
1651753294017	Marionette	INFO	Marionette enabled
console.error: services.settings: 
  main/doh-config Signature failed  InvalidSignatureError: Invalid content signature (main/doh-config)
console.error: services.settings: 
  main/doh-config local data was corrupted
console.warn: services.settings: main/doh-config Signature verified failed. Retry from scratch
console.error: services.settings: 
  main/doh-config Signature failed  InvalidSignatureError: Invalid content signature (main/doh-config)
console.error: services.settings: 
  main/doh-config local data was corrupted
console.warn: services.settings: main/doh-config Signature verified failed. Retry from scratch
console.error: services.settings: 
  main/doh-config Signature failed  InvalidSignatureError: Invalid content signature (main/doh-config)
console.error: services.settings: 
  main/doh-config local data was corrupted
console.warn: services.settings: main/doh-config Signature verified failed. Retry from scratch
console.error: services.settings: 
  main/doh-config Signature failed  InvalidSignatureError: Invalid content signature (main/doh-config)
console.error: services.settings: 
  main/doh-config local data was corrupted
console.warn: services.settings: main/doh-config Signature verified failed. Retry from scratch
1651757205049	Marionette	INFO	Stopped listening on port 36707
1651757209374	Marionette	INFO	Stopped listening on port 41791
1651757319223	Marionette	INFO	Stopped listening on port 38643
1651757319244	Marionette	INFO	Stopped listening on port 41559
1651757319252	Marionette	INFO	Stopped listening on port 39985
1651757319262	Marionette	INFO	Stopped listening on port 37859

###!!! [Parent][PImageBridgeParent] Error: RunMessage(msgname=PImageBridge::Msg_WillClose) Channel closing: too late to send/recv, messages will be lost

1651757650827	geckodriver	INFO	Listening on 127.0.0.1:56567
1651757651829	mozrunner::runner	INFO	Running command: "/usr/bin/firefox" "--marionette" "-no-remote" "-profile" "/tmp/rust_mozprofileUTa4Ef"
ATTENTION: default value of option mesa_glthread overridden by environment.
ATTENTION: default value of option mesa_glthread overridden by environment.
ATTENTION: default value of option mesa_glthread overridden by environment.
ATTENTION: default value of option mesa_glthread overridden by environment.
1651757652520	Marionette	INFO	Marionette enabled
console.warn: SearchSettings: "get: No settings file exists, new profile?" (new NotFoundError("Could not open the file at /tmp/rust_mozprofileUTa4Ef/search.json.mozlz4", (void 0)))
1651757654608	Marionette	INFO	Listening on port 44941
1651757654687	RemoteAgent	WARN	TLS certificate errors will be ignored for this session
1651757654982	geckodriver	INFO	Listening on 127.0.0.1:39767
1651757654989	mozrunner::runner	INFO	Running command: "/usr/bin/firefox" "--marionette" "-no-remote" "-profile" "/tmp/rust_mozprofileXlr9E0"
ATTENTION: default value of option mesa_glthread overridden by environment.
ATTENTION: default value of option mesa_glthread overridden by environment.
ATTENTION: default value of option mesa_glthread overridden by environment.
ATTENTION: default value of option mesa_glthread overridden by environment.
1651757655981	Marionette	INFO	Marionette enabled
console.warn: SearchSettings: "get: No settings file exists, new profile?" (new NotFoundError("Could not open the file at /tmp/rust_mozprofileXlr9E0/search.json.mozlz4", (void 0)))
1651757658144	Marionette	INFO	Listening on port 40789
1651757658221	RemoteAgent	WARN	TLS certificate errors will be ignored for this session
1651757658416	geckodriver	INFO	Listening on 127.0.0.1:34543
1651757658420	mozrunner::runner	INFO	Running command: "/usr/bin/firefox" "--marionette" "-no-remote" "-profile" "/tmp/rust_mozprofilegCRTgT"
ATTENTION: default value of option mesa_glthread overridden by environment.
ATTENTION: default value of option mesa_glthread overridden by environment.
ATTENTION: default value of option mesa_glthread overridden by environment.
ATTENTION: default value of option mesa_glthread overridden by environment.
1651757659199	Marionette	INFO	Marionette enabled
console.warn: SearchSettings: "get: No settings file exists, new profile?" (new NotFoundError("Could not open the file at /tmp/rust_mozprofilegCRTgT/search.json.mozlz4", (void 0)))
1651757660515	Marionette	INFO	Listening on port 40419
1651757660555	RemoteAgent	WARN	TLS certificate errors will be ignored for this session
1651757660778	geckodriver	INFO	Listening on 127.0.0.1:39343
1651757660783	mozrunner::runner	INFO	Running command: "/usr/bin/firefox" "--marionette" "-no-remote" "-profile" "/tmp/rust_mozprofileNayKXL"
ATTENTION: default value of option mesa_glthread overridden by environment.
ATTENTION: default value of option mesa_glthread overridden by environment.
ATTENTION: default value of option mesa_glthread overridden by environment.
ATTENTION: default value of option mesa_glthread overridden by environment.
1651757661561	Marionette	INFO	Marionette enabled
console.warn: SearchSettings: "get: No settings file exists, new profile?" (new NotFoundError("Could not open the file at /tmp/rust_mozprofileNayKXL/search.json.mozlz4", (void 0)))
1651757663195	Marionette	INFO	Listening on port 33879
1651757663343	RemoteAgent	WARN	TLS certificate errors will be ignored for this session
1651757663662	geckodriver	INFO	Listening on 127.0.0.1:46365
1651757664669	mozrunner::runner	INFO	Running command: "/usr/bin/firefox" "--marionette" "-no-remote" "-profile" "/tmp/rust_mozprofilesMLymk"
ATTENTION: default value of option mesa_glthread overridden by environment.
ATTENTION: default value of option mesa_glthread overridden by environment.
ATTENTION: default value of option mesa_glthread overridden by environment.
1651757665558	Marionette	INFO	Marionette enabled
ATTENTION: default value of option mesa_glthread overridden by environment.
[GFX1-]: Failed to create EGLContext!: 0x3001
ATTENTION: default value of option mesa_glthread overridden by environment.
console.warn: SearchSettings: "get: No settings file exists, new profile?" (new NotFoundError("Could not open the file at /tmp/rust_mozprofilesMLymk/search.json.mozlz4", (void 0)))
1651757670326	Marionette	INFO	Listening on port 35085
1651757670407	RemoteAgent	WARN	TLS certificate errors will be ignored for this session
1651757670789	geckodriver	INFO	Listening on 127.0.0.1:46479
1651757671799	mozrunner::runner	INFO	Running command: "/usr/bin/firefox" "--marionette" "-no-remote" "-profile" "/tmp/rust_mozprofileMqJOfK"
ATTENTION: default value of option mesa_glthread overridden by environment.
ATTENTION: default value of option mesa_glthread overridden by environment.
ATTENTION: default value of option mesa_glthread overridden by environment.
ATTENTION: default value of option mesa_glthread overridden by environment.
1651757673284	Marionette	INFO	Marionette enabled
console.warn: SearchSettings: "get: No settings file exists, new profile?" (new NotFoundError("Could not open the file at /tmp/rust_mozprofileMqJOfK/search.json.mozlz4", (void 0)))
console.error: Region.jsm: "Error fetching region" (new AbortError("The operation was aborted. ", (void 0), 770))
console.error: Region.jsm: "Failed to fetch region" (new Error("NO_RESULT", "resource://gre/modules/Region.jsm", 419))
1651757723379	Marionette	INFO	Listening on port 36631
Exiting due to channel error.
Exiting due to channel error.
Exiting due to channel error.
Exiting due to channel error.
1651757807180	geckodriver	INFO	Listening on 127.0.0.1:54459
1651757808241	mozrunner::runner	INFO	Running command: "/usr/bin/firefox" "--marionette" "-no-remote" "-profile" "/tmp/rust_mozprofilexXFRma"
ATTENTION: default value of option mesa_glthread overridden by environment.
ATTENTION: default value of option mesa_glthread overridden by environment.
ATTENTION: default value of option mesa_glthread overridden by environment.
ATTENTION: default value of option mesa_glthread overridden by environment.
1651757812258	Marionette	INFO	Marionette enabled
console.warn: SearchSettings: "get: No settings file exists, new profile?" (new NotFoundError("Could not open the file at /tmp/rust_mozprofilexXFRma/search.json.mozlz4", (void 0)))
1651757820375	Marionette	INFO	Listening on port 40889
1651757821181	RemoteAgent	WARN	TLS certificate errors will be ignored for this session
1651757821803	geckodriver	INFO	Listening on 127.0.0.1:36795
1651757822818	mozrunner::runner	INFO	Running command: "/usr/bin/firefox" "--marionette" "-no-remote" "-profile" "/tmp/rust_mozprofileDy2PnC"
ATTENTION: default value of option mesa_glthread overridden by environment.
ATTENTION: default value of option mesa_glthread overridden by environment.
ATTENTION: default value of option mesa_glthread overridden by environment.
ATTENTION: default value of option mesa_glthread overridden by environment.
1651757824564	Marionette	INFO	Marionette enabled
JavaScript error: resource:///modules/PanelMultiView.jsm, line 1259: TypeError: mainPanelView is undefined
console.warn: SearchSettings: "get: No settings file exists, new profile?" (new NotFoundError("Could not open the file at /tmp/rust_mozprofileDy2PnC/search.json.mozlz4", (void 0)))
console.error: Region.jsm: "Error fetching region" (new AbortError("The operation was aborted. ", (void 0), 770))
console.error: Region.jsm: "Failed to fetch region" (new Error("NO_RESULT", "resource://gre/modules/Region.jsm", 419))
1651757929028	Marionette	INFO	Listening on port 41785
console.error: services.settings: 
  main/public-suffix-list Signature failed  InvalidSignatureError: Invalid content signature (main/public-suffix-list)
console.error: services.settings: 
  main/public-suffix-list local data was corrupted
console.warn: services.settings: main/public-suffix-list Signature verified failed. Retry from scratch
console.error: services.settings: 
  main/public-suffix-list Signature failed again InvalidSignatureError: Invalid content signature (main/public-suffix-list)
console.error: services.settings: 
  Message: InvalidSignatureError: Invalid content signature (main/public-suffix-list)
  Stack:
    InvalidSignatureError@resource://services-settings/RemoteSettingsClient.jsm:135:5
_validateCollectionSignature@resource://services-settings/RemoteSettingsClient.jsm:875:13

Exiting due to channel error.
Exiting due to channel error.
Exiting due to channel error.
Exiting due to channel error.
Exiting due to channel error.
Exiting due to channel error.
Exiting due to channel error.
Exiting due to channel error.
Exiting due to channel error.
Exiting due to channel error.
Exiting due to channel error.
Exiting due to channel error.
Exiting due to channel error.
Exiting due to channel error.
Exiting due to channel error.
Exiting due to channel error.
Exiting due to channel error.
Exiting due to channel error.
Exiting due to channel error.
Exiting due to channel error.
Exiting due to channel error.
Exiting due to channel error.
Exiting due to channel error.
Exiting due to channel error.
1651757942544	geckodriver	INFO	Listening on 127.0.0.1:58047
1651757943551	mozrunner::runner	INFO	Running command: "/usr/bin/firefox" "--marionette" "-no-remote" "-profile" "/tmp/rust_mozprofilelzKvZR"
ATTENTION: default value of option mesa_glthread overridden by environment.
ATTENTION: default value of option mesa_glthread overridden by environment.
ATTENTION: default value of option mesa_glthread overridden by environment.
ATTENTION: default value of option mesa_glthread overridden by environment.
1651757944172	Marionette	INFO	Marionette enabled
console.warn: SearchSettings: "get: No settings file exists, new profile?" (new NotFoundError("Could not open the file at /tmp/rust_mozprofilelzKvZR/search.json.mozlz4", (void 0)))
1651757945204	Marionette	INFO	Listening on port 34271
1651757945264	RemoteAgent	WARN	TLS certificate errors will be ignored for this session
1651757945410	geckodriver	INFO	Listening on 127.0.0.1:43265
1651757945413	mozrunner::runner	INFO	Running command: "/usr/bin/firefox" "--marionette" "-no-remote" "-profile" "/tmp/rust_mozprofile4Qwu5G"
ATTENTION: default value of option mesa_glthread overridden by environment.
ATTENTION: default value of option mesa_glthread overridden by environment.
ATTENTION: default value of option mesa_glthread overridden by environment.
ATTENTION: default value of option mesa_glthread overridden by environment.
1651757946051	Marionette	INFO	Marionette enabled
console.warn: SearchSettings: "get: No settings file exists, new profile?" (new NotFoundError("Could not open the file at /tmp/rust_mozprofile4Qwu5G/search.json.mozlz4", (void 0)))
1651757947074	Marionette	INFO	Listening on port 43135
1651757947128	RemoteAgent	WARN	TLS certificate errors will be ignored for this session
1651757947207	Marionette	INFO	Stopped listening on port 43135

###!!! [Parent][PImageBridgeParent] Error: RunMessage(msgname=PImageBridge::Msg_WillClose) Channel closing: too late to send/recv, messages will be lost

1651757951950	Marionette	INFO	Stopped listening on port 34271
1651757952609	Marionette	INFO	Stopped listening on port 33879
1651758881029	geckodriver	INFO	Listening on 127.0.0.1:51997
1651758882039	mozrunner::runner	INFO	Running command: "/usr/bin/firefox" "--marionette" "-no-remote" "-profile" "/tmp/rust_mozprofile3zG62Z"
ATTENTION: default value of option mesa_glthread overridden by environment.
ATTENTION: default value of option mesa_glthread overridden by environment.
ATTENTION: default value of option mesa_glthread overridden by environment.
ATTENTION: default value of option mesa_glthread overridden by environment.
1651758882655	Marionette	INFO	Marionette enabled
console.warn: SearchSettings: "get: No settings file exists, new profile?" (new NotFoundError("Could not open the file at /tmp/rust_mozprofile3zG62Z/search.json.mozlz4", (void 0)))
1651758883804	Marionette	INFO	Listening on port 41087
1651758883855	RemoteAgent	WARN	TLS certificate errors will be ignored for this session
1651758884056	geckodriver	INFO	Listening on 127.0.0.1:33985
1651758884062	mozrunner::runner	INFO	Running command: "/usr/bin/firefox" "--marionette" "-no-remote" "-profile" "/tmp/rust_mozprofileXimD4Q"
ATTENTION: default value of option mesa_glthread overridden by environment.
ATTENTION: default value of option mesa_glthread overridden by environment.
ATTENTION: default value of option mesa_glthread overridden by environment.
ATTENTION: default value of option mesa_glthread overridden by environment.
1651758884681	Marionette	INFO	Marionette enabled
console.warn: SearchSettings: "get: No settings file exists, new profile?" (new NotFoundError("Could not open the file at /tmp/rust_mozprofileXimD4Q/search.json.mozlz4", (void 0)))
1651758885745	Marionette	INFO	Listening on port 45485
1651758885775	RemoteAgent	WARN	TLS certificate errors will be ignored for this session
1651758885913	geckodriver	INFO	Listening on 127.0.0.1:44953
1651758885917	mozrunner::runner	INFO	Running command: "/usr/bin/firefox" "--marionette" "-no-remote" "-profile" "/tmp/rust_mozprofileyeskd3"
ATTENTION: default value of option mesa_glthread overridden by environment.
ATTENTION: default value of option mesa_glthread overridden by environment.
ATTENTION: default value of option mesa_glthread overridden by environment.
ATTENTION: default value of option mesa_glthread overridden by environment.
1651758886578	Marionette	INFO	Marionette enabled
console.warn: SearchSettings: "get: No settings file exists, new profile?" (new NotFoundError("Could not open the file at /tmp/rust_mozprofileyeskd3/search.json.mozlz4", (void 0)))
1651758887600	Marionette	INFO	Listening on port 41989
1651758887632	RemoteAgent	WARN	TLS certificate errors will be ignored for this session
1651758887761	geckodriver	INFO	Listening on 127.0.0.1:53011
1651758887764	mozrunner::runner	INFO	Running command: "/usr/bin/firefox" "--marionette" "-no-remote" "-profile" "/tmp/rust_mozprofileaP3EBl"
ATTENTION: default value of option mesa_glthread overridden by environment.
ATTENTION: default value of option mesa_glthread overridden by environment.
ATTENTION: default value of option mesa_glthread overridden by environment.
ATTENTION: default value of option mesa_glthread overridden by environment.
1651758888441	Marionette	INFO	Marionette enabled
console.warn: SearchSettings: "get: No settings file exists, new profile?" (new NotFoundError("Could not open the file at /tmp/rust_mozprofileaP3EBl/search.json.mozlz4", (void 0)))
1651758889547	Marionette	INFO	Listening on port 44197
1651758889581	RemoteAgent	WARN	TLS certificate errors will be ignored for this session
1651758889742	geckodriver	INFO	Listening on 127.0.0.1:53749
1651758889747	mozrunner::runner	INFO	Running command: "/usr/bin/firefox" "--marionette" "-no-remote" "-profile" "/tmp/rust_mozprofileyN284h"
ATTENTION: default value of option mesa_glthread overridden by environment.
ATTENTION: default value of option mesa_glthread overridden by environment.
ATTENTION: default value of option mesa_glthread overridden by environment.
ATTENTION: default value of option mesa_glthread overridden by environment.
1651758890415	Marionette	INFO	Marionette enabled
console.warn: SearchSettings: "get: No settings file exists, new profile?" (new NotFoundError("Could not open the file at /tmp/rust_mozprofileyN284h/search.json.mozlz4", (void 0)))
1651758891556	Marionette	INFO	Listening on port 44539
1651758891661	RemoteAgent	WARN	TLS certificate errors will be ignored for this session
1651758891834	geckodriver	INFO	Listening on 127.0.0.1:41765
1651758891837	mozrunner::runner	INFO	Running command: "/usr/bin/firefox" "--marionette" "-no-remote" "-profile" "/tmp/rust_mozprofilev9uWmc"
ATTENTION: default value of option mesa_glthread overridden by environment.
ATTENTION: default value of option mesa_glthread overridden by environment.
ATTENTION: default value of option mesa_glthread overridden by environment.
ATTENTION: default value of option mesa_glthread overridden by environment.
1651758892477	Marionette	INFO	Marionette enabled
console.warn: SearchSettings: "get: No settings file exists, new profile?" (new NotFoundError("Could not open the file at /tmp/rust_mozprofilev9uWmc/search.json.mozlz4", (void 0)))
1651758893541	Marionette	INFO	Listening on port 38823
1651758893652	RemoteAgent	WARN	TLS certificate errors will be ignored for this session
1651758893810	geckodriver	INFO	Listening on 127.0.0.1:56179
1651758893815	mozrunner::runner	INFO	Running command: "/usr/bin/firefox" "--marionette" "-no-remote" "-profile" "/tmp/rust_mozprofile4Xd4DP"
ATTENTION: default value of option mesa_glthread overridden by environment.
ATTENTION: default value of option mesa_glthread overridden by environment.
ATTENTION: default value of option mesa_glthread overridden by environment.
1651758894457	Marionette	INFO	Marionette enabled
ATTENTION: default value of option mesa_glthread overridden by environment.
console.warn: SearchSettings: "get: No settings file exists, new profile?" (new NotFoundError("Could not open the file at /tmp/rust_mozprofile4Xd4DP/search.json.mozlz4", (void 0)))
1651758895529	Marionette	INFO	Listening on port 34787
1651758895630	RemoteAgent	WARN	TLS certificate errors will be ignored for this session
1651758895801	geckodriver	INFO	Listening on 127.0.0.1:39803
1651758895805	mozrunner::runner	INFO	Running command: "/usr/bin/firefox" "--marionette" "-no-remote" "-profile" "/tmp/rust_mozprofileoia6ja"
ATTENTION: default value of option mesa_glthread overridden by environment.
ATTENTION: default value of option mesa_glthread overridden by environment.
ATTENTION: default value of option mesa_glthread overridden by environment.
1651758896432	Marionette	INFO	Marionette enabled
ATTENTION: default value of option mesa_glthread overridden by environment.
console.warn: SearchSettings: "get: No settings file exists, new profile?" (new NotFoundError("Could not open the file at /tmp/rust_mozprofileoia6ja/search.json.mozlz4", (void 0)))
1651758897505	Marionette	INFO	Listening on port 41759
1651758897536	RemoteAgent	WARN	TLS certificate errors will be ignored for this session
1651758897679	geckodriver	INFO	Listening on 127.0.0.1:46937
1651758897684	mozrunner::runner	INFO	Running command: "/usr/bin/firefox" "--marionette" "-no-remote" "-profile" "/tmp/rust_mozprofileS845mm"
ATTENTION: default value of option mesa_glthread overridden by environment.
ATTENTION: default value of option mesa_glthread overridden by environment.
ATTENTION: default value of option mesa_glthread overridden by environment.
ATTENTION: default value of option mesa_glthread overridden by environment.
1651758898375	Marionette	INFO	Marionette enabled
console.warn: SearchSettings: "get: No settings file exists, new profile?" (new NotFoundError("Could not open the file at /tmp/rust_mozprofileS845mm/search.json.mozlz4", (void 0)))
1651758899762	Marionette	INFO	Listening on port 46197
1651758899805	RemoteAgent	WARN	TLS certificate errors will be ignored for this session
1651758899967	geckodriver	INFO	Listening on 127.0.0.1:52361
1651758900973	mozrunner::runner	INFO	Running command: "/usr/bin/firefox" "--marionette" "-no-remote" "-profile" "/tmp/rust_mozprofileX33Hz3"
Exiting due to channel error.
Exiting due to channel error.
Exiting due to channel error.
Exiting due to channel error.
Exiting due to channel error.
Exiting due to channel error.
Exiting due to channel error.
Exiting due to channel error.
Exiting due to channel error.
Exiting due to channel error.
Exiting due to channel error.
Exiting due to channel error.
Exiting due to channel error.
Exiting due to channel error.
Exiting due to channel error.
1651758928524	geckodriver	INFO	Listening on 127.0.0.1:58969
1651758928528	mozrunner::runner	INFO	Running command: "/usr/bin/firefox" "--marionette" "-no-remote" "-profile" "/tmp/rust_mozprofile5kNsg0"
ATTENTION: default value of option mesa_glthread overridden by environment.
ATTENTION: default value of option mesa_glthread overridden by environment.
ATTENTION: default value of option mesa_glthread overridden by environment.
ATTENTION: default value of option mesa_glthread overridden by environment.
1651758929118	Marionette	INFO	Marionette enabled
console.warn: SearchSettings: "get: No settings file exists, new profile?" (new NotFoundError("Could not open the file at /tmp/rust_mozprofile5kNsg0/search.json.mozlz4", (void 0)))
1651758930245	Marionette	INFO	Listening on port 41283
1651758930367	RemoteAgent	WARN	TLS certificate errors will be ignored for this session
1651758930621	geckodriver	INFO	Listening on 127.0.0.1:53349
1651758930625	mozrunner::runner	INFO	Running command: "/usr/bin/firefox" "--marionette" "-no-remote" "-profile" "/tmp/rust_mozprofileIKJlso"
ATTENTION: default value of option mesa_glthread overridden by environment.
ATTENTION: default value of option mesa_glthread overridden by environment.
ATTENTION: default value of option mesa_glthread overridden by environment.
ATTENTION: default value of option mesa_glthread overridden by environment.
1651758931365	Marionette	INFO	Marionette enabled
console.warn: SearchSettings: "get: No settings file exists, new profile?" (new NotFoundError("Could not open the file at /tmp/rust_mozprofileIKJlso/search.json.mozlz4", (void 0)))
1651758932468	Marionette	INFO	Listening on port 34785
1651758932542	RemoteAgent	WARN	TLS certificate errors will be ignored for this session
1651758932702	geckodriver	INFO	Listening on 127.0.0.1:40599
1651758932712	mozrunner::runner	INFO	Running command: "/usr/bin/firefox" "--marionette" "-no-remote" "-profile" "/tmp/rust_mozprofileUXlGX8"
ATTENTION: default value of option mesa_glthread overridden by environment.
ATTENTION: default value of option mesa_glthread overridden by environment.
ATTENTION: default value of option mesa_glthread overridden by environment.
ATTENTION: default value of option mesa_glthread overridden by environment.
1651758933415	Marionette	INFO	Marionette enabled
console.warn: SearchSettings: "get: No settings file exists, new profile?" (new NotFoundError("Could not open the file at /tmp/rust_mozprofileUXlGX8/search.json.mozlz4", (void 0)))
1651758934517	Marionette	INFO	Listening on port 35317
1651758934630	RemoteAgent	WARN	TLS certificate errors will be ignored for this session
1651758934883	geckodriver	INFO	Listening on 127.0.0.1:36605
1651758934887	mozrunner::runner	INFO	Running command: "/usr/bin/firefox" "--marionette" "-no-remote" "-profile" "/tmp/rust_mozprofileSHwuuj"
ATTENTION: default value of option mesa_glthread overridden by environment.
ATTENTION: default value of option mesa_glthread overridden by environment.
ATTENTION: default value of option mesa_glthread overridden by environment.
1651758935564	Marionette	INFO	Marionette enabled
ATTENTION: default value of option mesa_glthread overridden by environment.
console.warn: SearchSettings: "get: No settings file exists, new profile?" (new NotFoundError("Could not open the file at /tmp/rust_mozprofileSHwuuj/search.json.mozlz4", (void 0)))
1651758936639	Marionette	INFO	Listening on port 33581
1651758936703	RemoteAgent	WARN	TLS certificate errors will be ignored for this session
1651758936858	geckodriver	INFO	Listening on 127.0.0.1:58579
1651758937864	mozrunner::runner	INFO	Running command: "/usr/bin/firefox" "--marionette" "-no-remote" "-profile" "/tmp/rust_mozprofileZ1gyB5"
ATTENTION: default value of option mesa_glthread overridden by environment.
ATTENTION: default value of option mesa_glthread overridden by environment.
ATTENTION: default value of option mesa_glthread overridden by environment.
1651758938548	Marionette	INFO	Marionette enabled
ATTENTION: default value of option mesa_glthread overridden by environment.
console.warn: SearchSettings: "get: No settings file exists, new profile?" (new NotFoundError("Could not open the file at /tmp/rust_mozprofileZ1gyB5/search.json.mozlz4", (void 0)))
1651758940800	Marionette	INFO	Listening on port 45997
1651758940891	RemoteAgent	WARN	TLS certificate errors will be ignored for this session
1651758941154	geckodriver	INFO	Listening on 127.0.0.1:43103
1651758942159	mozrunner::runner	INFO	Running command: "/usr/bin/firefox" "--marionette" "-no-remote" "-profile" "/tmp/rust_mozprofileKHT4Tx"
Exiting due to channel error.
Exiting due to channel error.
Exiting due to channel error.
Exiting due to channel error.
Exiting due to channel error.
Exiting due to channel error.
Exiting due to channel error.
Exiting due to channel error.
Exiting due to channel error.
Exiting due to channel error.
Exiting due to channel error.
Exiting due to channel error.
Exiting due to channel error.
Exiting due to channel error.
1651758943118	geckodriver	INFO	Listening on 127.0.0.1:47555
1651758944127	mozrunner::runner	INFO	Running command: "/usr/bin/firefox" "--marionette" "-no-remote" "-profile" "/tmp/rust_mozprofileKdBTio"
ATTENTION: default value of option mesa_glthread overridden by environment.
ATTENTION: default value of option mesa_glthread overridden by environment.
ATTENTION: default value of option mesa_glthread overridden by environment.
ATTENTION: default value of option mesa_glthread overridden by environment.
1651758944849	Marionette	INFO	Marionette enabled
1651758981176	geckodriver	INFO	Listening on 127.0.0.1:33813
1651758981180	mozrunner::runner	INFO	Running command: "/usr/bin/firefox" "--marionette" "-no-remote" "-profile" "/tmp/rust_mozprofilem1nwXc"
ATTENTION: default value of option mesa_glthread overridden by environment.
ATTENTION: default value of option mesa_glthread overridden by environment.
ATTENTION: default value of option mesa_glthread overridden by environment.
ATTENTION: default value of option mesa_glthread overridden by environment.
1651758981819	Marionette	INFO	Marionette enabled
console.warn: SearchSettings: "get: No settings file exists, new profile?" (new NotFoundError("Could not open the file at /tmp/rust_mozprofilem1nwXc/search.json.mozlz4", (void 0)))
1651758982943	Marionette	INFO	Listening on port 45039
1651758983013	RemoteAgent	WARN	TLS certificate errors will be ignored for this session
1651758983252	geckodriver	INFO	Listening on 127.0.0.1:35575
1651758983257	mozrunner::runner	INFO	Running command: "/usr/bin/firefox" "--marionette" "-no-remote" "-profile" "/tmp/rust_mozprofileMzwPBQ"
ATTENTION: default value of option mesa_glthread overridden by environment.
ATTENTION: default value of option mesa_glthread overridden by environment.
ATTENTION: default value of option mesa_glthread overridden by environment.
ATTENTION: default value of option mesa_glthread overridden by environment.
1651758983937	Marionette	INFO	Marionette enabled
console.warn: SearchSettings: "get: No settings file exists, new profile?" (new NotFoundError("Could not open the file at /tmp/rust_mozprofileMzwPBQ/search.json.mozlz4", (void 0)))
1651758985388	Marionette	INFO	Listening on port 40011
1651758985487	RemoteAgent	WARN	TLS certificate errors will be ignored for this session
1651758985682	geckodriver	INFO	Listening on 127.0.0.1:44321
1651758986689	mozrunner::runner	INFO	Running command: "/usr/bin/firefox" "--marionette" "-no-remote" "-profile" "/tmp/rust_mozprofileJ0kY6C"
ATTENTION: default value of option mesa_glthread overridden by environment.
ATTENTION: default value of option mesa_glthread overridden by environment.
ATTENTION: default value of option mesa_glthread overridden by environment.
1651758987383	Marionette	INFO	Marionette enabled
ATTENTION: default value of option mesa_glthread overridden by environment.
console.warn: SearchSettings: "get: No settings file exists, new profile?" (new NotFoundError("Could not open the file at /tmp/rust_mozprofileJ0kY6C/search.json.mozlz4", (void 0)))
1651758988601	Marionette	INFO	Listening on port 35629
1651758988749	RemoteAgent	WARN	TLS certificate errors will be ignored for this session
1651758988966	geckodriver	INFO	Listening on 127.0.0.1:53841
1651758989971	mozrunner::runner	INFO	Running command: "/usr/bin/firefox" "--marionette" "-no-remote" "-profile" "/tmp/rust_mozprofilethsPxv"
ATTENTION: default value of option mesa_glthread overridden by environment.
ATTENTION: default value of option mesa_glthread overridden by environment.
ATTENTION: default value of option mesa_glthread overridden by environment.
ATTENTION: default value of option mesa_glthread overridden by environment.
1651758990786	Marionette	INFO	Marionette enabled
console.warn: SearchSettings: "get: No settings file exists, new profile?" (new NotFoundError("Could not open the file at /tmp/rust_mozprofilethsPxv/search.json.mozlz4", (void 0)))
1651758993139	Marionette	INFO	Listening on port 43629
1651758993255	RemoteAgent	WARN	TLS certificate errors will be ignored for this session
1651758993565	geckodriver	INFO	Listening on 127.0.0.1:33553
1651758994577	mozrunner::runner	INFO	Running command: "/usr/bin/firefox" "--marionette" "-no-remote" "-profile" "/tmp/rust_mozprofileMY7hR8"
ATTENTION: default value of option mesa_glthread overridden by environment.
ATTENTION: default value of option mesa_glthread overridden by environment.
ATTENTION: default value of option mesa_glthread overridden by environment.
ATTENTION: default value of option mesa_glthread overridden by environment.
1651758996305	Marionette	INFO	Marionette enabled
console.warn: SearchSettings: "get: No settings file exists, new profile?" (new NotFoundError("Could not open the file at /tmp/rust_mozprofileMY7hR8/search.json.mozlz4", (void 0)))
Exiting due to channel error.
Exiting due to channel error.
Exiting due to channel error.
Exiting due to channel error.
Exiting due to channel error.
Exiting due to channel error.
Exiting due to channel error.
Exiting due to channel error.
1651759002994	geckodriver	INFO	Listening on 127.0.0.1:60879
1651759003997	mozrunner::runner	INFO	Running command: "/usr/bin/firefox" "--marionette" "-no-remote" "-profile" "/tmp/rust_mozprofileVPPdwr"
ATTENTION: default value of option mesa_glthread overridden by environment.
ATTENTION: default value of option mesa_glthread overridden by environment.
ATTENTION: default value of option mesa_glthread overridden by environment.
1651759004941	Marionette	INFO	Marionette enabled
ATTENTION: default value of option mesa_glthread overridden by environment.
console.warn: SearchSettings: "get: No settings file exists, new profile?" (new NotFoundError("Could not open the file at /tmp/rust_mozprofileVPPdwr/search.json.mozlz4", (void 0)))
1651759034816	geckodriver	INFO	Listening on 127.0.0.1:44885
1651759034819	mozrunner::runner	INFO	Running command: "/usr/bin/firefox" "--marionette" "-no-remote" "-profile" "/tmp/rust_mozprofilebwkcaa"
ATTENTION: default value of option mesa_glthread overridden by environment.
ATTENTION: default value of option mesa_glthread overridden by environment.
ATTENTION: default value of option mesa_glthread overridden by environment.
ATTENTION: default value of option mesa_glthread overridden by environment.
1651759035410	Marionette	INFO	Marionette enabled
console.warn: SearchSettings: "get: No settings file exists, new profile?" (new NotFoundError("Could not open the file at /tmp/rust_mozprofilebwkcaa/search.json.mozlz4", (void 0)))
1651759036417	Marionette	INFO	Listening on port 34669
1651759036441	RemoteAgent	WARN	TLS certificate errors will be ignored for this session
1651759036525	geckodriver	INFO	Listening on 127.0.0.1:55031
1651759037528	mozrunner::runner	INFO	Running command: "/usr/bin/firefox" "--marionette" "-no-remote" "-profile" "/tmp/rust_mozprofile76pw5u"
ATTENTION: default value of option mesa_glthread overridden by environment.
ATTENTION: default value of option mesa_glthread overridden by environment.
ATTENTION: default value of option mesa_glthread overridden by environment.
ATTENTION: default value of option mesa_glthread overridden by environment.
1651759038184	Marionette	INFO	Marionette enabled
console.warn: SearchSettings: "get: No settings file exists, new profile?" (new NotFoundError("Could not open the file at /tmp/rust_mozprofile76pw5u/search.json.mozlz4", (void 0)))
1651759039372	Marionette	INFO	Listening on port 37623
1651759039443	RemoteAgent	WARN	TLS certificate errors will be ignored for this session
1651759039552	geckodriver	INFO	Listening on 127.0.0.1:39043
1651759040555	mozrunner::runner	INFO	Running command: "/usr/bin/firefox" "--marionette" "-no-remote" "-profile" "/tmp/rust_mozprofileVN2OVW"
ATTENTION: default value of option mesa_glthread overridden by environment.
ATTENTION: default value of option mesa_glthread overridden by environment.
ATTENTION: default value of option mesa_glthread overridden by environment.
ATTENTION: default value of option mesa_glthread overridden by environment.
1651759041236	Marionette	INFO	Marionette enabled
console.warn: SearchSettings: "get: No settings file exists, new profile?" (new NotFoundError("Could not open the file at /tmp/rust_mozprofileVN2OVW/search.json.mozlz4", (void 0)))

###!!! [Parent][PProfilerParent] Error: RunMessage(msgname=PProfiler::Reply_Stop) Channel closing: too late to send/recv, messages will be lost


###!!! [Parent][PProfilerParent] Error: RunMessage(msgname=PProfiler::Reply_Stop) Channel closing: too late to send/recv, messages will be lost

1651759055188	Marionette	INFO	Listening on port 35113
1651759055853	RemoteAgent	WARN	TLS certificate errors will be ignored for this session
1651759057086	geckodriver	INFO	Listening on 127.0.0.1:45749
1651759058102	mozrunner::runner	INFO	Running command: "/usr/bin/firefox" "--marionette" "-no-remote" "-profile" "/tmp/rust_mozprofilewtsm5o"
ATTENTION: default value of option mesa_glthread overridden by environment.
ATTENTION: default value of option mesa_glthread overridden by environment.
ATTENTION: default value of option mesa_glthread overridden by environment.
ATTENTION: default value of option mesa_glthread overridden by environment.
1651759059506	Marionette	INFO	Marionette enabled
Exiting due to channel error.
Exiting due to channel error.
1651759191495	geckodriver	INFO	Listening on 127.0.0.1:38603
1651759192537	mozrunner::runner	INFO	Running command: "/usr/bin/firefox" "--marionette" "-no-remote" "-profile" "/tmp/rust_mozprofile3EBcTV"
ATTENTION: default value of option mesa_glthread overridden by environment.
ATTENTION: default value of option mesa_glthread overridden by environment.
ATTENTION: default value of option mesa_glthread overridden by environment.
ATTENTION: default value of option mesa_glthread overridden by environment.
1651759195235	Marionette	INFO	Marionette enabled
console.warn: SearchSettings: "get: No settings file exists, new profile?" (new NotFoundError("Could not open the file at /tmp/rust_mozprofile3EBcTV/search.json.mozlz4", (void 0)))
1651759196936	Marionette	INFO	Listening on port 40399
1651759197029	RemoteAgent	WARN	TLS certificate errors will be ignored for this session
1651759197429	geckodriver	INFO	Listening on 127.0.0.1:39375
1651759198491	mozrunner::runner	INFO	Running command: "/usr/bin/firefox" "--marionette" "-no-remote" "-profile" "/tmp/rust_mozprofileqa7ZRU"
1651759199694	Marionette	INFO	Stopped listening on port 35629
1651759205746	Marionette	INFO	Stopped listening on port 35317
1651759206500	Marionette	INFO	Stopped listening on port 38823
1651759207093	Marionette	INFO	Stopped listening on port 44539
1651759207625	Marionette	INFO	Stopped listening on port 44197
1651759208161	Marionette	INFO	Stopped listening on port 41989
1651759208702	Marionette	INFO	Stopped listening on port 45485

###!!! [Parent][PImageBridgeParent] Error: RunMessage(msgname=PImageBridge::Msg_WillClose) Channel closing: too late to send/recv, messages will be lost

1651759209237	Marionette	INFO	Stopped listening on port 41087
1651759624037	geckodriver	INFO	Listening on 127.0.0.1:59295
1651759625040	mozrunner::runner	INFO	Running command: "/usr/bin/firefox" "--marionette" "-no-remote" "-profile" "/tmp/rust_mozprofileNV7RyX"
ATTENTION: default value of option mesa_glthread overridden by environment.
ATTENTION: default value of option mesa_glthread overridden by environment.
ATTENTION: default value of option mesa_glthread overridden by environment.
1651759625693	Marionette	INFO	Marionette enabled
ATTENTION: default value of option mesa_glthread overridden by environment.
console.warn: SearchSettings: "get: No settings file exists, new profile?" (new NotFoundError("Could not open the file at /tmp/rust_mozprofileNV7RyX/search.json.mozlz4", (void 0)))
1651759626701	Marionette	INFO	Listening on port 44657
1651759626754	RemoteAgent	WARN	TLS certificate errors will be ignored for this session
1651759626836	geckodriver	INFO	Listening on 127.0.0.1:53861
1651759626838	mozrunner::runner	INFO	Running command: "/usr/bin/firefox" "--marionette" "-no-remote" "-profile" "/tmp/rust_mozprofileiDhb38"
ATTENTION: default value of option mesa_glthread overridden by environment.
ATTENTION: default value of option mesa_glthread overridden by environment.
ATTENTION: default value of option mesa_glthread overridden by environment.
1651759627464	Marionette	INFO	Marionette enabled
ATTENTION: default value of option mesa_glthread overridden by environment.
console.warn: SearchSettings: "get: No settings file exists, new profile?" (new NotFoundError("Could not open the file at /tmp/rust_mozprofileiDhb38/search.json.mozlz4", (void 0)))
1651759629081	Marionette	INFO	Listening on port 37157
1651759629172	RemoteAgent	WARN	TLS certificate errors will be ignored for this session
1651759629313	geckodriver	INFO	Listening on 127.0.0.1:40283
1651759629317	mozrunner::runner	INFO	Running command: "/usr/bin/firefox" "--marionette" "-no-remote" "-profile" "/tmp/rust_mozprofile77WnH7"
ATTENTION: default value of option mesa_glthread overridden by environment.
ATTENTION: default value of option mesa_glthread overridden by environment.
ATTENTION: default value of option mesa_glthread overridden by environment.
1651759630046	Marionette	INFO	Marionette enabled
ATTENTION: default value of option mesa_glthread overridden by environment.
Exiting due to channel error.
Exiting due to channel error.
Exiting due to channel error.
Exiting due to channel error.
Exiting due to channel error.
Exiting due to channel error.
Exiting due to channel error.
Exiting due to channel error.
Exiting due to channel error.
Exiting due to channel error.
Exiting due to channel error.
Exiting due to channel error.
1651759839576	geckodriver	INFO	Listening on 127.0.0.1:60229
1651759839578	mozrunner::runner	INFO	Running command: "/usr/bin/firefox" "--marionette" "-no-remote" "-profile" "/tmp/rust_mozprofileWGEcSr"
ATTENTION: default value of option mesa_glthread overridden by environment.
ATTENTION: default value of option mesa_glthread overridden by environment.
ATTENTION: default value of option mesa_glthread overridden by environment.
ATTENTION: default value of option mesa_glthread overridden by environment.
1651759840184	Marionette	INFO	Marionette enabled
console.warn: SearchSettings: "get: No settings file exists, new profile?" (new NotFoundError("Could not open the file at /tmp/rust_mozprofileWGEcSr/search.json.mozlz4", (void 0)))
1651759841152	Marionette	INFO	Listening on port 40209
1651759841195	RemoteAgent	WARN	TLS certificate errors will be ignored for this session
1651759841268	Marionette	INFO	Stopped listening on port 40209

###!!! [Parent][PImageBridgeParent] Error: RunMessage(msgname=PImageBridge::Msg_WillClose) Channel closing: too late to send/recv, messages will be lost

1651759895254	geckodriver	INFO	Listening on 127.0.0.1:41563
1651759895256	mozrunner::runner	INFO	Running command: "/usr/bin/firefox" "--marionette" "-no-remote" "-profile" "/tmp/rust_mozprofilex5rw1W"
ATTENTION: default value of option mesa_glthread overridden by environment.
ATTENTION: default value of option mesa_glthread overridden by environment.
ATTENTION: default value of option mesa_glthread overridden by environment.
ATTENTION: default value of option mesa_glthread overridden by environment.
1651759895864	Marionette	INFO	Marionette enabled
console.warn: SearchSettings: "get: No settings file exists, new profile?" (new NotFoundError("Could not open the file at /tmp/rust_mozprofilex5rw1W/search.json.mozlz4", (void 0)))
1651759896819	Marionette	INFO	Listening on port 33759
1651759896872	RemoteAgent	WARN	TLS certificate errors will be ignored for this session
1651759896941	Marionette	INFO	Stopped listening on port 33759
1651759972685	geckodriver	INFO	Listening on 127.0.0.1:54451
1651759972688	mozrunner::runner	INFO	Running command: "/usr/bin/firefox" "--marionette" "-no-remote" "-profile" "/tmp/rust_mozprofileZftsxO"
ATTENTION: default value of option mesa_glthread overridden by environment.
ATTENTION: default value of option mesa_glthread overridden by environment.
ATTENTION: default value of option mesa_glthread overridden by environment.
ATTENTION: default value of option mesa_glthread overridden by environment.
1651759973299	Marionette	INFO	Marionette enabled
console.warn: SearchSettings: "get: No settings file exists, new profile?" (new NotFoundError("Could not open the file at /tmp/rust_mozprofileZftsxO/search.json.mozlz4", (void 0)))
1651759974359	Marionette	INFO	Listening on port 37529
1651759974406	RemoteAgent	WARN	TLS certificate errors will be ignored for this session
1651759974517	Marionette	INFO	Stopped listening on port 37529
console.error: services.settings: 
  main/query-stripping Signature failed  TypeError: NetworkError: Network request failed
1651760015632	geckodriver	INFO	Listening on 127.0.0.1:45965
1651760015636	mozrunner::runner	INFO	Running command: "/usr/bin/firefox" "--marionette" "-no-remote" "-profile" "/tmp/rust_mozprofilexV2vvL"
ATTENTION: default value of option mesa_glthread overridden by environment.
ATTENTION: default value of option mesa_glthread overridden by environment.
ATTENTION: default value of option mesa_glthread overridden by environment.
1651760016204	Marionette	INFO	Marionette enabled
ATTENTION: default value of option mesa_glthread overridden by environment.
console.warn: SearchSettings: "get: No settings file exists, new profile?" (new NotFoundError("Could not open the file at /tmp/rust_mozprofilexV2vvL/search.json.mozlz4", (void 0)))
1651760017381	Marionette	INFO	Listening on port 44789
1651760017450	RemoteAgent	WARN	TLS certificate errors will be ignored for this session
1651760017622	geckodriver	INFO	Listening on 127.0.0.1:54307
1651760017626	mozrunner::runner	INFO	Running command: "/usr/bin/firefox" "--marionette" "-no-remote" "-profile" "/tmp/rust_mozprofileXD3AsV"
ATTENTION: default value of option mesa_glthread overridden by environment.
ATTENTION: default value of option mesa_glthread overridden by environment.
ATTENTION: default value of option mesa_glthread overridden by environment.
ATTENTION: default value of option mesa_glthread overridden by environment.
1651760018245	Marionette	INFO	Marionette enabled
console.warn: SearchSettings: "get: No settings file exists, new profile?" (new NotFoundError("Could not open the file at /tmp/rust_mozprofileXD3AsV/search.json.mozlz4", (void 0)))
1651760019223	Marionette	INFO	Listening on port 41789
1651760019242	RemoteAgent	WARN	TLS certificate errors will be ignored for this session
1651760019394	geckodriver	INFO	Listening on 127.0.0.1:41097
1651760019398	mozrunner::runner	INFO	Running command: "/usr/bin/firefox" "--marionette" "-no-remote" "-profile" "/tmp/rust_mozprofileT8Thv5"
ATTENTION: default value of option mesa_glthread overridden by environment.
ATTENTION: default value of option mesa_glthread overridden by environment.
ATTENTION: default value of option mesa_glthread overridden by environment.
ATTENTION: default value of option mesa_glthread overridden by environment.
1651760020113	Marionette	INFO	Marionette enabled
Exiting due to channel error.
Exiting due to channel error.
Exiting due to channel error.
Exiting due to channel error.
Exiting due to channel error.
Exiting due to channel error.
Exiting due to channel error.
Exiting due to channel error.
Exiting due to channel error.
Exiting due to channel error.
Exiting due to channel error.
Exiting due to channel error.
1651760020758	geckodriver	INFO	Listening on 127.0.0.1:57221
1651760020762	mozrunner::runner	INFO	Running command: "/usr/bin/firefox" "--marionette" "-no-remote" "-profile" "/tmp/rust_mozprofileCwK3NT"
ATTENTION: default value of option mesa_glthread overridden by environment.
ATTENTION: default value of option mesa_glthread overridden by environment.
ATTENTION: default value of option mesa_glthread overridden by environment.
ATTENTION: default value of option mesa_glthread overridden by environment.
1651760021449	Marionette	INFO	Marionette enabled
console.warn: SearchSettings: "get: No settings file exists, new profile?" (new NotFoundError("Could not open the file at /tmp/rust_mozprofileCwK3NT/search.json.mozlz4", (void 0)))
1651760022483	Marionette	INFO	Listening on port 37129
1651760022577	RemoteAgent	WARN	TLS certificate errors will be ignored for this session
1651760022727	geckodriver	INFO	Listening on 127.0.0.1:38529
1651760022731	mozrunner::runner	INFO	Running command: "/usr/bin/firefox" "--marionette" "-no-remote" "-profile" "/tmp/rust_mozprofileycul67"
ATTENTION: default value of option mesa_glthread overridden by environment.
ATTENTION: default value of option mesa_glthread overridden by environment.
ATTENTION: default value of option mesa_glthread overridden by environment.
ATTENTION: default value of option mesa_glthread overridden by environment.
1651760023365	Marionette	INFO	Marionette enabled
1651760110407	geckodriver	INFO	Listening on 127.0.0.1:45933
1651760110410	mozrunner::runner	INFO	Running command: "/usr/bin/firefox" "--marionette" "-no-remote" "-profile" "/tmp/rust_mozprofilei6gXW2"
ATTENTION: default value of option mesa_glthread overridden by environment.
ATTENTION: default value of option mesa_glthread overridden by environment.
ATTENTION: default value of option mesa_glthread overridden by environment.
ATTENTION: default value of option mesa_glthread overridden by environment.
1651760110993	Marionette	INFO	Marionette enabled
console.warn: SearchSettings: "get: No settings file exists, new profile?" (new NotFoundError("Could not open the file at /tmp/rust_mozprofilei6gXW2/search.json.mozlz4", (void 0)))
1651760111966	Marionette	INFO	Listening on port 39963
1651760112025	RemoteAgent	WARN	TLS certificate errors will be ignored for this session
1651760112107	geckodriver	INFO	Listening on 127.0.0.1:36239
1651760112109	mozrunner::runner	INFO	Running command: "/usr/bin/firefox" "--marionette" "-no-remote" "-profile" "/tmp/rust_mozprofileN3S8r7"
ATTENTION: default value of option mesa_glthread overridden by environment.
ATTENTION: default value of option mesa_glthread overridden by environment.
ATTENTION: default value of option mesa_glthread overridden by environment.
ATTENTION: default value of option mesa_glthread overridden by environment.
1651760112734	Marionette	INFO	Marionette enabled
console.warn: SearchSettings: "get: No settings file exists, new profile?" (new NotFoundError("Could not open the file at /tmp/rust_mozprofileN3S8r7/search.json.mozlz4", (void 0)))
1651760113694	Marionette	INFO	Listening on port 39031
1651760113723	RemoteAgent	WARN	TLS certificate errors will be ignored for this session
1651760113807	geckodriver	INFO	Listening on 127.0.0.1:48647
1651760113809	mozrunner::runner	INFO	Running command: "/usr/bin/firefox" "--marionette" "-no-remote" "-profile" "/tmp/rust_mozprofileK9ng7z"
ATTENTION: default value of option mesa_glthread overridden by environment.
ATTENTION: default value of option mesa_glthread overridden by environment.
ATTENTION: default value of option mesa_glthread overridden by environment.
ATTENTION: default value of option mesa_glthread overridden by environment.
1651760114448	Marionette	INFO	Marionette enabled
console.warn: SearchSettings: "get: No settings file exists, new profile?" (new NotFoundError("Could not open the file at /tmp/rust_mozprofileK9ng7z/search.json.mozlz4", (void 0)))
1651760115442	Marionette	INFO	Listening on port 45297
1651760115524	RemoteAgent	WARN	TLS certificate errors will be ignored for this session
1651760115604	geckodriver	INFO	Listening on 127.0.0.1:51707
1651760116608	mozrunner::runner	INFO	Running command: "/usr/bin/firefox" "--marionette" "-no-remote" "-profile" "/tmp/rust_mozprofileSH1VjZ"
ATTENTION: default value of option mesa_glthread overridden by environment.
ATTENTION: default value of option mesa_glthread overridden by environment.
ATTENTION: default value of option mesa_glthread overridden by environment.
ATTENTION: default value of option mesa_glthread overridden by environment.
1651760117238	Marionette	INFO	Marionette enabled
console.warn: SearchSettings: "get: No settings file exists, new profile?" (new NotFoundError("Could not open the file at /tmp/rust_mozprofileSH1VjZ/search.json.mozlz4", (void 0)))
1651760118223	Marionette	INFO	Listening on port 32927
1651760118323	RemoteAgent	WARN	TLS certificate errors will be ignored for this session
1651760118400	geckodriver	INFO	Listening on 127.0.0.1:57529
1651760118403	mozrunner::runner	INFO	Running command: "/usr/bin/firefox" "--marionette" "-no-remote" "-profile" "/tmp/rust_mozprofilerOLp50"
ATTENTION: default value of option mesa_glthread overridden by environment.
ATTENTION: default value of option mesa_glthread overridden by environment.
ATTENTION: default value of option mesa_glthread overridden by environment.
1651760119027	Marionette	INFO	Marionette enabled
ATTENTION: default value of option mesa_glthread overridden by environment.
console.warn: SearchSettings: "get: No settings file exists, new profile?" (new NotFoundError("Could not open the file at /tmp/rust_mozprofilerOLp50/search.json.mozlz4", (void 0)))
1651760120068	Marionette	INFO	Listening on port 37143
1651760120118	RemoteAgent	WARN	TLS certificate errors will be ignored for this session
1651760120199	geckodriver	INFO	Listening on 127.0.0.1:55123
1651760120201	mozrunner::runner	INFO	Running command: "/usr/bin/firefox" "--marionette" "-no-remote" "-profile" "/tmp/rust_mozprofilejYDH8Y"
ATTENTION: default value of option mesa_glthread overridden by environment.
ATTENTION: default value of option mesa_glthread overridden by environment.
ATTENTION: default value of option mesa_glthread overridden by environment.
ATTENTION: default value of option mesa_glthread overridden by environment.
1651760120825	Marionette	INFO	Marionette enabled
console.warn: SearchSettings: "get: No settings file exists, new profile?" (new NotFoundError("Could not open the file at /tmp/rust_mozprofilejYDH8Y/search.json.mozlz4", (void 0)))
1651760121872	Marionette	INFO	Listening on port 46153
1651760121920	RemoteAgent	WARN	TLS certificate errors will be ignored for this session
1651760122019	geckodriver	INFO	Listening on 127.0.0.1:46201
1651760123022	mozrunner::runner	INFO	Running command: "/usr/bin/firefox" "--marionette" "-no-remote" "-profile" "/tmp/rust_mozprofile9fd4on"
ATTENTION: default value of option mesa_glthread overridden by environment.
ATTENTION: default value of option mesa_glthread overridden by environment.
ATTENTION: default value of option mesa_glthread overridden by environment.
1651760123642	Marionette	INFO	Marionette enabled
ATTENTION: default value of option mesa_glthread overridden by environment.
console.warn: SearchSettings: "get: No settings file exists, new profile?" (new NotFoundError("Could not open the file at /tmp/rust_mozprofile9fd4on/search.json.mozlz4", (void 0)))
1651760124754	Marionette	INFO	Listening on port 33359
1651760124839	RemoteAgent	WARN	TLS certificate errors will be ignored for this session
1651760124965	geckodriver	INFO	Listening on 127.0.0.1:35973
1651760125965	mozrunner::runner	INFO	Running command: "/usr/bin/firefox" "--marionette" "-no-remote" "-profile" "/tmp/rust_mozprofileSDaRFu"
ATTENTION: default value of option mesa_glthread overridden by environment.
ATTENTION: default value of option mesa_glthread overridden by environment.
ATTENTION: default value of option mesa_glthread overridden by environment.
1651760126593	Marionette	INFO	Marionette enabled
ATTENTION: default value of option mesa_glthread overridden by environment.
console.warn: SearchSettings: "get: No settings file exists, new profile?" (new NotFoundError("Could not open the file at /tmp/rust_mozprofileSDaRFu/search.json.mozlz4", (void 0)))
1651760127608	Marionette	INFO	Listening on port 37481
1651760127692	RemoteAgent	WARN	TLS certificate errors will be ignored for this session
1651760127796	geckodriver	INFO	Listening on 127.0.0.1:56465
1651760128800	mozrunner::runner	INFO	Running command: "/usr/bin/firefox" "--marionette" "-no-remote" "-profile" "/tmp/rust_mozprofile37Ds4p"
ATTENTION: default value of option mesa_glthread overridden by environment.
ATTENTION: default value of option mesa_glthread overridden by environment.
ATTENTION: default value of option mesa_glthread overridden by environment.
1651760129498	Marionette	INFO	Marionette enabled
ATTENTION: default value of option mesa_glthread overridden by environment.
console.warn: SearchSettings: "get: No settings file exists, new profile?" (new NotFoundError("Could not open the file at /tmp/rust_mozprofile37Ds4p/search.json.mozlz4", (void 0)))
Exiting due to channel error.
Exiting due to channel error.
Exiting due to channel error.
Exiting due to channel error.
Exiting due to channel error.
Exiting due to channel error.
Exiting due to channel error.
Exiting due to channel error.
Exiting due to channel error.
Exiting due to channel error.
Exiting due to channel error.
Exiting due to channel error.
Exiting due to channel error.
Exiting due to channel error.
Exiting due to channel error.
Exiting due to channel error.
Exiting due to channel error.
Exiting due to channel error.
Exiting due to channel error.
Exiting due to channel error.
Exiting due to channel error.
Exiting due to channel error.
Exiting due to channel error.
Exiting due to channel error.
Exiting due to channel error.
Exiting due to channel error.
Exiting due to channel error.
Exiting due to channel error.
Exiting due to channel error.
Exiting due to channel error.
Exiting due to channel error.
Exiting due to channel error.
Exiting due to channel error.
Exiting due to channel error.
Exiting due to channel error.
Exiting due to channel error.
Exiting due to channel error.
Exiting due to channel error.
Exiting due to channel error.
Exiting due to channel error.
Exiting due to channel error.
Exiting due to channel error.
1651760236905	geckodriver	INFO	Listening on 127.0.0.1:43643
1651760237919	mozrunner::runner	INFO	Running command: "/usr/bin/firefox" "--marionette" "-no-remote" "-profile" "/tmp/rust_mozprofile6cQDqZ"
ATTENTION: default value of option mesa_glthread overridden by environment.
ATTENTION: default value of option mesa_glthread overridden by environment.
ATTENTION: default value of option mesa_glthread overridden by environment.
ATTENTION: default value of option mesa_glthread overridden by environment.
1651760238694	Marionette	INFO	Marionette enabled
console.warn: SearchSettings: "get: No settings file exists, new profile?" (new NotFoundError("Could not open the file at /tmp/rust_mozprofile6cQDqZ/search.json.mozlz4", (void 0)))
1651760239976	Marionette	INFO	Listening on port 35745
1651760240045	RemoteAgent	WARN	TLS certificate errors will be ignored for this session
1651760240245	geckodriver	INFO	Listening on 127.0.0.1:45347
1651760240250	mozrunner::runner	INFO	Running command: "/usr/bin/firefox" "--marionette" "-no-remote" "-profile" "/tmp/rust_mozprofileUsEjYX"
ATTENTION: default value of option mesa_glthread overridden by environment.
ATTENTION: default value of option mesa_glthread overridden by environment.
ATTENTION: default value of option mesa_glthread overridden by environment.
ATTENTION: default value of option mesa_glthread overridden by environment.
1651760240984	Marionette	INFO	Marionette enabled
console.warn: SearchSettings: "get: No settings file exists, new profile?" (new NotFoundError("Could not open the file at /tmp/rust_mozprofileUsEjYX/search.json.mozlz4", (void 0)))
1651760241995	Marionette	INFO	Listening on port 33941
1651760242065	RemoteAgent	WARN	TLS certificate errors will be ignored for this session
1651760242218	geckodriver	INFO	Listening on 127.0.0.1:43347
1651760242222	mozrunner::runner	INFO	Running command: "/usr/bin/firefox" "--marionette" "-no-remote" "-profile" "/tmp/rust_mozprofilegPRSBs"
ATTENTION: default value of option mesa_glthread overridden by environment.
ATTENTION: default value of option mesa_glthread overridden by environment.
ATTENTION: default value of option mesa_glthread overridden by environment.
ATTENTION: default value of option mesa_glthread overridden by environment.
1651760242833	Marionette	INFO	Marionette enabled
console.warn: SearchSettings: "get: No settings file exists, new profile?" (new NotFoundError("Could not open the file at /tmp/rust_mozprofilegPRSBs/search.json.mozlz4", (void 0)))
1651760243828	Marionette	INFO	Listening on port 45563
1651760243937	RemoteAgent	WARN	TLS certificate errors will be ignored for this session
1651760244096	geckodriver	INFO	Listening on 127.0.0.1:33123
1651760244100	mozrunner::runner	INFO	Running command: "/usr/bin/firefox" "--marionette" "-no-remote" "-profile" "/tmp/rust_mozprofileBVaChs"
ATTENTION: default value of option mesa_glthread overridden by environment.
ATTENTION: default value of option mesa_glthread overridden by environment.
ATTENTION: default value of option mesa_glthread overridden by environment.
ATTENTION: default value of option mesa_glthread overridden by environment.
1651760244713	Marionette	INFO	Marionette enabled
console.warn: SearchSettings: "get: No settings file exists, new profile?" (new NotFoundError("Could not open the file at /tmp/rust_mozprofileBVaChs/search.json.mozlz4", (void 0)))
1651760245764	Marionette	INFO	Listening on port 41843
1651760245819	RemoteAgent	WARN	TLS certificate errors will be ignored for this session
1651760245977	geckodriver	INFO	Listening on 127.0.0.1:50705
1651760245981	mozrunner::runner	INFO	Running command: "/usr/bin/firefox" "--marionette" "-no-remote" "-profile" "/tmp/rust_mozprofilef5fKzy"
ATTENTION: default value of option mesa_glthread overridden by environment.
ATTENTION: default value of option mesa_glthread overridden by environment.
ATTENTION: default value of option mesa_glthread overridden by environment.
ATTENTION: default value of option mesa_glthread overridden by environment.
1651760246615	Marionette	INFO	Marionette enabled
console.warn: SearchSettings: "get: No settings file exists, new profile?" (new NotFoundError("Could not open the file at /tmp/rust_mozprofilef5fKzy/search.json.mozlz4", (void 0)))
Exiting due to channel error.
Exiting due to channel error.
Exiting due to channel error.
Exiting due to channel error.
Exiting due to channel error.
Exiting due to channel error.
Exiting due to channel error.
Exiting due to channel error.
Exiting due to channel error.
Exiting due to channel error.
Exiting due to channel error.
Exiting due to channel error.
Exiting due to channel error.
Exiting due to channel error.
Exiting due to channel error.
Exiting due to channel error.
Exiting due to channel error.
1651760247317	geckodriver	INFO	Listening on 127.0.0.1:45433
1651760247321	mozrunner::runner	INFO	Running command: "/usr/bin/firefox" "--marionette" "-no-remote" "-profile" "/tmp/rust_mozprofileAwyFav"
ATTENTION: default value of option mesa_glthread overridden by environment.
ATTENTION: default value of option mesa_glthread overridden by environment.
ATTENTION: default value of option mesa_glthread overridden by environment.
ATTENTION: default value of option mesa_glthread overridden by environment.
1651760247984	Marionette	INFO	Marionette enabled
console.warn: SearchSettings: "get: No settings file exists, new profile?" (new NotFoundError("Could not open the file at /tmp/rust_mozprofileAwyFav/search.json.mozlz4", (void 0)))
1651760249001	Marionette	INFO	Listening on port 32835
1651760249048	RemoteAgent	WARN	TLS certificate errors will be ignored for this session
1651760249219	geckodriver	INFO	Listening on 127.0.0.1:44041
1651760249223	mozrunner::runner	INFO	Running command: "/usr/bin/firefox" "--marionette" "-no-remote" "-profile" "/tmp/rust_mozprofilelRtr90"
ATTENTION: default value of option mesa_glthread overridden by environment.
ATTENTION: default value of option mesa_glthread overridden by environment.
ATTENTION: default value of option mesa_glthread overridden by environment.
ATTENTION: default value of option mesa_glthread overridden by environment.
1651760250010	Marionette	INFO	Marionette enabled
Gdk-Message: 17:15:35.243: firefox: Fatal IO error 11 (Resource temporarily unavailable) on X server :0.

Exiting due to channel error.
Exiting due to channel error.
1651844328392	geckodriver	INFO	Listening on 127.0.0.1:37589
1651844329401	mozrunner::runner	INFO	Running command: "/usr/bin/firefox" "--marionette" "-no-remote" "-profile" "/tmp/rust_mozprofileOBvGje"
ATTENTION: default value of option mesa_glthread overridden by environment.
ATTENTION: default value of option mesa_glthread overridden by environment.
ATTENTION: default value of option mesa_glthread overridden by environment.
1651844330040	Marionette	INFO	Marionette enabled
ATTENTION: default value of option mesa_glthread overridden by environment.
console.warn: SearchSettings: "get: No settings file exists, new profile?" (new NotFoundError("Could not open the file at /tmp/rust_mozprofileOBvGje/search.json.mozlz4", (void 0)))
1651844331112	Marionette	INFO	Listening on port 46249
1651844331233	RemoteAgent	WARN	TLS certificate errors will be ignored for this session
1651844331500	geckodriver	INFO	Listening on 127.0.0.1:50687
1651844332487	mozrunner::runner	INFO	Running command: "/usr/bin/firefox" "--marionette" "-no-remote" "-profile" "/tmp/rust_mozprofileSNxKUk"
ATTENTION: default value of option mesa_glthread overridden by environment.
ATTENTION: default value of option mesa_glthread overridden by environment.
ATTENTION: default value of option mesa_glthread overridden by environment.
1651844333207	Marionette	INFO	Marionette enabled
ATTENTION: default value of option mesa_glthread overridden by environment.
console.warn: SearchSettings: "get: No settings file exists, new profile?" (new NotFoundError("Could not open the file at /tmp/rust_mozprofileSNxKUk/search.json.mozlz4", (void 0)))
1651844334741	Marionette	INFO	Listening on port 34529
1651844334810	RemoteAgent	WARN	TLS certificate errors will be ignored for this session
1651844334975	geckodriver	INFO	Listening on 127.0.0.1:57833
1651844334980	mozrunner::runner	INFO	Running command: "/usr/bin/firefox" "--marionette" "-no-remote" "-profile" "/tmp/rust_mozprofilerftpyg"
ATTENTION: default value of option mesa_glthread overridden by environment.
ATTENTION: default value of option mesa_glthread overridden by environment.
ATTENTION: default value of option mesa_glthread overridden by environment.
ATTENTION: default value of option mesa_glthread overridden by environment.
1651844335606	Marionette	INFO	Marionette enabled
console.warn: SearchSettings: "get: No settings file exists, new profile?" (new NotFoundError("Could not open the file at /tmp/rust_mozprofilerftpyg/search.json.mozlz4", (void 0)))
1651844336785	Marionette	INFO	Listening on port 45527
1651844336920	RemoteAgent	WARN	TLS certificate errors will be ignored for this session
1651844337087	geckodriver	INFO	Listening on 127.0.0.1:45447
1651844337452	Marionette	INFO	Stopped listening on port 45527
JavaScript error: chrome://remote/content/marionette/cert.js, line 55: NS_ERROR_NOT_AVAILABLE: Component returned failure code: 0x80040111 (NS_ERROR_NOT_AVAILABLE) [nsICertOverrideService.setDisableAllSecurityChecksAndLetAttackersInterceptMyData]
1651844338023	Marionette	INFO	Stopped listening on port 34529
JavaScript error: chrome://remote/content/marionette/cert.js, line 55: NS_ERROR_NOT_AVAILABLE: Component returned failure code: 0x80040111 (NS_ERROR_NOT_AVAILABLE) [nsICertOverrideService.setDisableAllSecurityChecksAndLetAttackersInterceptMyData]
1651844338093	mozrunner::runner	INFO	Running command: "/usr/bin/firefox" "--marionette" "-no-remote" "-profile" "/tmp/rust_mozprofileql7vk8"

###!!! [Parent][PImageBridgeParent] Error: RunMessage(msgname=PImageBridge::Msg_WillClose) Channel closing: too late to send/recv, messages will be lost

ATTENTION: default value of option mesa_glthread overridden by environment.
ATTENTION: default value of option mesa_glthread overridden by environment.
ATTENTION: default value of option mesa_glthread overridden by environment.
ATTENTION: default value of option mesa_glthread overridden by environment.
1651844338827	Marionette	INFO	Marionette enabled
console.warn: SearchSettings: "get: No settings file exists, new profile?" (new NotFoundError("Could not open the file at /tmp/rust_mozprofileql7vk8/search.json.mozlz4", (void 0)))
1651844340044	Marionette	INFO	Listening on port 35569
1651844340128	RemoteAgent	WARN	TLS certificate errors will be ignored for this session
1651844340309	Marionette	INFO	Stopped listening on port 35569
JavaScript error: chrome://remote/content/marionette/cert.js, line 55: NS_ERROR_NOT_AVAILABLE: Component returned failure code: 0x80040111 (NS_ERROR_NOT_AVAILABLE) [nsICertOverrideService.setDisableAllSecurityChecksAndLetAttackersInterceptMyData]
1651844340367	geckodriver	INFO	Listening on 127.0.0.1:60855
1651844340374	mozrunner::runner	INFO	Running command: "/usr/bin/firefox" "--marionette" "-no-remote" "-profile" "/tmp/rust_mozprofileDhok5V"
ATTENTION: default value of option mesa_glthread overridden by environment.
ATTENTION: default value of option mesa_glthread overridden by environment.
ATTENTION: default value of option mesa_glthread overridden by environment.
ATTENTION: default value of option mesa_glthread overridden by environment.
1651844341033	Marionette	INFO	Marionette enabled
console.warn: SearchSettings: "get: No settings file exists, new profile?" (new NotFoundError("Could not open the file at /tmp/rust_mozprofileDhok5V/search.json.mozlz4", (void 0)))
1651844342317	Marionette	INFO	Listening on port 33427
1651844342394	RemoteAgent	WARN	TLS certificate errors will be ignored for this session
1651844342536	Marionette	INFO	Stopped listening on port 33427
JavaScript error: chrome://remote/content/marionette/cert.js, line 55: NS_ERROR_NOT_AVAILABLE: Component returned failure code: 0x80040111 (NS_ERROR_NOT_AVAILABLE) [nsICertOverrideService.setDisableAllSecurityChecksAndLetAttackersInterceptMyData]
console.error: services.settings: 
  main/query-stripping Signature failed  TypeError: NetworkError: Network request failed
1651844342613	geckodriver	INFO	Listening on 127.0.0.1:39733
1651844342617	mozrunner::runner	INFO	Running command: "/usr/bin/firefox" "--marionette" "-no-remote" "-profile" "/tmp/rust_mozprofileL4NwMT"

###!!! [Parent][PImageBridgeParent] Error: RunMessage(msgname=PImageBridge::Msg_WillClose) Channel closing: too late to send/recv, messages will be lost

ATTENTION: default value of option mesa_glthread overridden by environment.
ATTENTION: default value of option mesa_glthread overridden by environment.
ATTENTION: default value of option mesa_glthread overridden by environment.
ATTENTION: default value of option mesa_glthread overridden by environment.
1651844343379	Marionette	INFO	Marionette enabled
console.warn: SearchSettings: "get: No settings file exists, new profile?" (new NotFoundError("Could not open the file at /tmp/rust_mozprofileL4NwMT/search.json.mozlz4", (void 0)))
1651844344554	Marionette	INFO	Listening on port 41535
1651844344647	RemoteAgent	WARN	TLS certificate errors will be ignored for this session
1651844344914	geckodriver	INFO	Listening on 127.0.0.1:36087
1651844344920	mozrunner::runner	INFO	Running command: "/usr/bin/firefox" "--marionette" "-no-remote" "-profile" "/tmp/rust_mozprofile7OgpQM"
ATTENTION: default value of option mesa_glthread overridden by environment.
ATTENTION: default value of option mesa_glthread overridden by environment.
ATTENTION: default value of option mesa_glthread overridden by environment.
ATTENTION: default value of option mesa_glthread overridden by environment.
1651844345540	Marionette	INFO	Marionette enabled
console.warn: SearchSettings: "get: No settings file exists, new profile?" (new NotFoundError("Could not open the file at /tmp/rust_mozprofile7OgpQM/search.json.mozlz4", (void 0)))
1651844346458	Marionette	INFO	Listening on port 36331
1651844346533	RemoteAgent	WARN	TLS certificate errors will be ignored for this session
1651844346685	geckodriver	INFO	Listening on 127.0.0.1:40201
1651844346689	mozrunner::runner	INFO	Running command: "/usr/bin/firefox" "--marionette" "-no-remote" "-profile" "/tmp/rust_mozprofileJ8RKef"
ATTENTION: default value of option mesa_glthread overridden by environment.
ATTENTION: default value of option mesa_glthread overridden by environment.
ATTENTION: default value of option mesa_glthread overridden by environment.
ATTENTION: default value of option mesa_glthread overridden by environment.
1651844347337	Marionette	INFO	Marionette enabled
console.warn: SearchSettings: "get: No settings file exists, new profile?" (new NotFoundError("Could not open the file at /tmp/rust_mozprofileJ8RKef/search.json.mozlz4", (void 0)))
1651844348272	Marionette	INFO	Listening on port 38921
1651844348307	RemoteAgent	WARN	TLS certificate errors will be ignored for this session
1651844348447	geckodriver	INFO	Listening on 127.0.0.1:58405
1651844348450	mozrunner::runner	INFO	Running command: "/usr/bin/firefox" "--marionette" "-no-remote" "-profile" "/tmp/rust_mozprofileYuqpRv"
1651844348922	Marionette	INFO	Stopped listening on port 38921
console.warn: TopSitesFeed: Failed to fetch data from Contile server: NetworkError when attempting to fetch resource.
JavaScript error: chrome://remote/content/marionette/cert.js, line 55: NS_ERROR_NOT_AVAILABLE: Component returned failure code: 0x80040111 (NS_ERROR_NOT_AVAILABLE) [nsICertOverrideService.setDisableAllSecurityChecksAndLetAttackersInterceptMyData]
ATTENTION: default value of option mesa_glthread overridden by environment.
ATTENTION: default value of option mesa_glthread overridden by environment.
ATTENTION: default value of option mesa_glthread overridden by environment.
ATTENTION: default value of option mesa_glthread overridden by environment.
1651844349093	Marionette	INFO	Marionette enabled
console.warn: SearchSettings: "get: No settings file exists, new profile?" (new NotFoundError("Could not open the file at /tmp/rust_mozprofileYuqpRv/search.json.mozlz4", (void 0)))
1651844350439	geckodriver	INFO	Listening on 127.0.0.1:57461
1651844350442	mozrunner::runner	INFO	Running command: "/usr/bin/firefox" "--marionette" "-no-remote" "-profile" "/tmp/rust_mozprofileq8SVMK"
1651844350765	Marionette	INFO	Stopped listening on port 36331
JavaScript error: chrome://remote/content/marionette/cert.js, line 55: NS_ERROR_NOT_AVAILABLE: Component returned failure code: 0x80040111 (NS_ERROR_NOT_AVAILABLE) [nsICertOverrideService.setDisableAllSecurityChecksAndLetAttackersInterceptMyData]
ATTENTION: default value of option mesa_glthread overridden by environment.
ATTENTION: default value of option mesa_glthread overridden by environment.
ATTENTION: default value of option mesa_glthread overridden by environment.
ATTENTION: default value of option mesa_glthread overridden by environment.
1651844351084	Marionette	INFO	Marionette enabled
console.warn: SearchSettings: "get: No settings file exists, new profile?" (new NotFoundError("Could not open the file at /tmp/rust_mozprofileq8SVMK/search.json.mozlz4", (void 0)))
console.error: Region.jsm: "Error fetching region" (new TypeError("NetworkError when attempting to fetch resource.", ""))
console.error: Region.jsm: "Failed to fetch region" (new Error("NO_RESULT", "resource://gre/modules/Region.jsm", 419))
console.warn: TopSitesFeed: Failed to fetch data from Contile server: NetworkError when attempting to fetch resource.
console.error: "Could not load engine amazondotcom@search.mozilla.org: Error: Data is not ready."
console.error: "Could not load engine wikipedia@search.mozilla.org: [Exception... \"AddonManager is not initialized\"  nsresult: \"0xc1f30001 (NS_ERROR_NOT_INITIALIZED)\"  location: \"JS frame :: resource://gre/modules/AddonManager.jsm :: installBuiltinAddon :: line 2462\"  data: no]"
console.error: "Could not load engine bing@search.mozilla.org: [Exception... \"AddonManager is not initialized\"  nsresult: \"0xc1f30001 (NS_ERROR_NOT_INITIALIZED)\"  location: \"JS frame :: resource://gre/modules/AddonManager.jsm :: installBuiltinAddon :: line 2462\"  data: no]"
console.error: "Could not load engine ddg@search.mozilla.org: [Exception... \"AddonManager is not initialized\"  nsresult: \"0xc1f30001 (NS_ERROR_NOT_INITIALIZED)\"  location: \"JS frame :: resource://gre/modules/AddonManager.jsm :: installBuiltinAddon :: line 2462\"  data: no]"
console.error: "Could not load engine ebay@search.mozilla.org: [Exception... \"AddonManager is not initialized\"  nsresult: \"0xc1f30001 (NS_ERROR_NOT_INITIALIZED)\"  location: \"JS frame :: resource://gre/modules/AddonManager.jsm :: installBuiltinAddon :: line 2462\"  data: no]"
console.warn: SearchService: "_init: abandoning init due to shutting down"
JavaScript error: , line 0: uncaught exception: 2147500036
JavaScript error: , line 0: uncaught exception: 2147500036
JavaScript error: , line 0: uncaught exception: 2147500036
JavaScript error: , line 0: uncaught exception: 2147500036
JavaScript error: , line 0: uncaught exception: 2147500036
JavaScript error: , line 0: uncaught exception: 2147500036

###!!! [Parent][PImageBridgeParent] Error: RunMessage(msgname=PImageBridge::Msg_WillClose) Channel closing: too late to send/recv, messages will be lost

1651844352057	geckodriver::marionette	ERROR	Failed to close browser connection: Socket not connected (os error 107)
1651844352416	Marionette	INFO	Stopped listening on port 41535
1651844393989	geckodriver	INFO	Listening on 127.0.0.1:52861
1651844393992	mozrunner::runner	INFO	Running command: "/usr/bin/firefox" "--marionette" "-no-remote" "-profile" "/tmp/rust_mozprofileV49NEa"
ATTENTION: default value of option mesa_glthread overridden by environment.
ATTENTION: default value of option mesa_glthread overridden by environment.
ATTENTION: default value of option mesa_glthread overridden by environment.
ATTENTION: default value of option mesa_glthread overridden by environment.
1651844394618	Marionette	INFO	Marionette enabled
console.warn: SearchSettings: "get: No settings file exists, new profile?" (new NotFoundError("Could not open the file at /tmp/rust_mozprofileV49NEa/search.json.mozlz4", (void 0)))
1651844395528	Marionette	INFO	Listening on port 39513
1651844395606	RemoteAgent	WARN	TLS certificate errors will be ignored for this session
1651844395806	geckodriver	INFO	Listening on 127.0.0.1:51169
1651844395816	mozrunner::runner	INFO	Running command: "/usr/bin/firefox" "--marionette" "-no-remote" "-profile" "/tmp/rust_mozprofileP1kebK"
ATTENTION: default value of option mesa_glthread overridden by environment.
ATTENTION: default value of option mesa_glthread overridden by environment.
ATTENTION: default value of option mesa_glthread overridden by environment.
ATTENTION: default value of option mesa_glthread overridden by environment.
1651844396471	Marionette	INFO	Marionette enabled
console.warn: SearchSettings: "get: No settings file exists, new profile?" (new NotFoundError("Could not open the file at /tmp/rust_mozprofileP1kebK/search.json.mozlz4", (void 0)))
1651844397378	Marionette	INFO	Listening on port 44521
1651844397435	RemoteAgent	WARN	TLS certificate errors will be ignored for this session
1651844397581	geckodriver	INFO	Listening on 127.0.0.1:49749
1651844397584	mozrunner::runner	INFO	Running command: "/usr/bin/firefox" "--marionette" "-no-remote" "-profile" "/tmp/rust_mozprofilewOILTx"
ATTENTION: default value of option mesa_glthread overridden by environment.
ATTENTION: default value of option mesa_glthread overridden by environment.
ATTENTION: default value of option mesa_glthread overridden by environment.
ATTENTION: default value of option mesa_glthread overridden by environment.
1651844398223	Marionette	INFO	Marionette enabled
console.warn: SearchSettings: "get: No settings file exists, new profile?" (new NotFoundError("Could not open the file at /tmp/rust_mozprofilewOILTx/search.json.mozlz4", (void 0)))
1651844399146	Marionette	INFO	Listening on port 44169
1651844399213	RemoteAgent	WARN	TLS certificate errors will be ignored for this session
1651844399359	geckodriver	INFO	Listening on 127.0.0.1:49421
1651844399363	mozrunner::runner	INFO	Running command: "/usr/bin/firefox" "--marionette" "-no-remote" "-profile" "/tmp/rust_mozprofilep2VkC7"
ATTENTION: default value of option mesa_glthread overridden by environment.
ATTENTION: default value of option mesa_glthread overridden by environment.
ATTENTION: default value of option mesa_glthread overridden by environment.
ATTENTION: default value of option mesa_glthread overridden by environment.
1651844400003	Marionette	INFO	Marionette enabled
console.warn: SearchSettings: "get: No settings file exists, new profile?" (new NotFoundError("Could not open the file at /tmp/rust_mozprofilep2VkC7/search.json.mozlz4", (void 0)))
1651844400959	Marionette	INFO	Listening on port 37895
1651844401001	RemoteAgent	WARN	TLS certificate errors will be ignored for this session
1651844401148	geckodriver	INFO	Listening on 127.0.0.1:33375
1651844401151	mozrunner::runner	INFO	Running command: "/usr/bin/firefox" "--marionette" "-no-remote" "-profile" "/tmp/rust_mozprofileLqKz96"
1651844401584	Marionette	INFO	Stopped listening on port 37895
JavaScript error: chrome://remote/content/marionette/cert.js, line 55: NS_ERROR_NOT_AVAILABLE: Component returned failure code: 0x80040111 (NS_ERROR_NOT_AVAILABLE) [nsICertOverrideService.setDisableAllSecurityChecksAndLetAttackersInterceptMyData]
ATTENTION: default value of option mesa_glthread overridden by environment.
ATTENTION: default value of option mesa_glthread overridden by environment.
ATTENTION: default value of option mesa_glthread overridden by environment.
ATTENTION: default value of option mesa_glthread overridden by environment.
1651844401888	Marionette	INFO	Marionette enabled
1651844402337	Marionette	INFO	Stopped listening on port 44169
JavaScript error: chrome://remote/content/marionette/cert.js, line 55: NS_ERROR_NOT_AVAILABLE: Component returned failure code: 0x80040111 (NS_ERROR_NOT_AVAILABLE) [nsICertOverrideService.setDisableAllSecurityChecksAndLetAttackersInterceptMyData]
console.warn: SearchSettings: "get: No settings file exists, new profile?" (new NotFoundError("Could not open the file at /tmp/rust_mozprofileLqKz96/search.json.mozlz4", (void 0)))
1651844402960	Marionette	INFO	Listening on port 32939
1651844403045	Marionette	INFO	Stopped listening on port 32939
1651844403446	geckodriver	INFO	Listening on 127.0.0.1:44461
1651844403450	mozrunner::runner	INFO	Running command: "/usr/bin/firefox" "--marionette" "-no-remote" "-profile" "/tmp/rust_mozprofileDH3Yww"
ATTENTION: default value of option mesa_glthread overridden by environment.
ATTENTION: default value of option mesa_glthread overridden by environment.
ATTENTION: default value of option mesa_glthread overridden by environment.
ATTENTION: default value of option mesa_glthread overridden by environment.
1651844404022	Marionette	INFO	Marionette enabled
console.warn: SearchSettings: "get: No settings file exists, new profile?" (new NotFoundError("Could not open the file at /tmp/rust_mozprofileDH3Yww/search.json.mozlz4", (void 0)))
1651844404955	Marionette	INFO	Listening on port 34707
1651844405064	RemoteAgent	WARN	TLS certificate errors will be ignored for this session
1651844405210	geckodriver	INFO	Listening on 127.0.0.1:51433
1651844405214	mozrunner::runner	INFO	Running command: "/usr/bin/firefox" "--marionette" "-no-remote" "-profile" "/tmp/rust_mozprofilehzpVG2"
ATTENTION: default value of option mesa_glthread overridden by environment.
ATTENTION: default value of option mesa_glthread overridden by environment.
ATTENTION: default value of option mesa_glthread overridden by environment.
ATTENTION: default value of option mesa_glthread overridden by environment.
1651844405821	Marionette	INFO	Marionette enabled
1651844405922	Marionette	INFO	Stopped listening on port 34707
JavaScript error: chrome://remote/content/marionette/cert.js, line 55: NS_ERROR_NOT_AVAILABLE: Component returned failure code: 0x80040111 (NS_ERROR_NOT_AVAILABLE) [nsICertOverrideService.setDisableAllSecurityChecksAndLetAttackersInterceptMyData]
console.warn: SearchSettings: "get: No settings file exists, new profile?" (new NotFoundError("Could not open the file at /tmp/rust_mozprofilehzpVG2/search.json.mozlz4", (void 0)))
1651844406792	Marionette	INFO	Listening on port 38779
1651844406829	RemoteAgent	WARN	TLS certificate errors will be ignored for this session
1651844406884	Marionette	INFO	Stopped listening on port 38779
JavaScript error: chrome://remote/content/marionette/cert.js, line 55: NS_ERROR_NOT_AVAILABLE: Component returned failure code: 0x80040111 (NS_ERROR_NOT_AVAILABLE) [nsICertOverrideService.setDisableAllSecurityChecksAndLetAttackersInterceptMyData]
console.error: SearchService: "maybeReloadEngines failed" (new TypeError("policy is null", "resource://gre/modules/SearchService.jsm", 2683))
JavaScript error: resource://gre/modules/ExtensionSettingsStore.jsm, line 122: Error: The ExtensionSettingsStore was accessed before the initialize promise resolved.
console.log: "RemoteSettingsWorker error: Error: Can't import when we've started shutting down."
1651844407014	geckodriver	INFO	Listening on 127.0.0.1:56697
1651844407018	mozrunner::runner	INFO	Running command: "/usr/bin/firefox" "--marionette" "-no-remote" "-profile" "/tmp/rust_mozprofileLhwoJH"
ATTENTION: default value of option mesa_glthread overridden by environment.
ATTENTION: default value of option mesa_glthread overridden by environment.
ATTENTION: default value of option mesa_glthread overridden by environment.
1651844407603	Marionette	INFO	Marionette enabled
1651844407622	Marionette	INFO	Stopped listening on port 44521
ATTENTION: default value of option mesa_glthread overridden by environment.
JavaScript error: chrome://remote/content/marionette/cert.js, line 55: NS_ERROR_NOT_AVAILABLE: Component returned failure code: 0x80040111 (NS_ERROR_NOT_AVAILABLE) [nsICertOverrideService.setDisableAllSecurityChecksAndLetAttackersInterceptMyData]
console.warn: SearchSettings: "get: No settings file exists, new profile?" (new NotFoundError("Could not open the file at /tmp/rust_mozprofileLhwoJH/search.json.mozlz4", (void 0)))
console.error: Region.jsm: "Error fetching region" (new TypeError("NetworkError when attempting to fetch resource.", ""))
console.error: Region.jsm: "Failed to fetch region" (new Error("NO_RESULT", "resource://gre/modules/Region.jsm", 419))

###!!! [Parent][PImageBridgeParent] Error: RunMessage(msgname=PImageBridge::Msg_WillClose) Channel closing: too late to send/recv, messages will be lost

1651844408801	geckodriver	INFO	Listening on 127.0.0.1:40249
1651844408805	mozrunner::runner	INFO	Running command: "/usr/bin/firefox" "--marionette" "-no-remote" "-profile" "/tmp/rust_mozprofileQs3eRX"
ATTENTION: default value of option mesa_glthread overridden by environment.
ATTENTION: default value of option mesa_glthread overridden by environment.
ATTENTION: default value of option mesa_glthread overridden by environment.
ATTENTION: default value of option mesa_glthread overridden by environment.
1651844409386	Marionette	INFO	Marionette enabled
1651844409725	Marionette	INFO	Stopped listening on port 39513
JavaScript error: chrome://remote/content/marionette/cert.js, line 55: NS_ERROR_NOT_AVAILABLE: Component returned failure code: 0x80040111 (NS_ERROR_NOT_AVAILABLE) [nsICertOverrideService.setDisableAllSecurityChecksAndLetAttackersInterceptMyData]
console.warn: SearchSettings: "get: No settings file exists, new profile?" (new NotFoundError("Could not open the file at /tmp/rust_mozprofileQs3eRX/search.json.mozlz4", (void 0)))
1651844410592	Marionette	INFO	Listening on port 42983
1651844410624	RemoteAgent	WARN	TLS certificate errors will be ignored for this session
1651844410798	geckodriver	INFO	Listening on 127.0.0.1:58523
1651844410802	mozrunner::runner	INFO	Running command: "/usr/bin/firefox" "--marionette" "-no-remote" "-profile" "/tmp/rust_mozprofileK8girt"
ATTENTION: default value of option mesa_glthread overridden by environment.
ATTENTION: default value of option mesa_glthread overridden by environment.
ATTENTION: default value of option mesa_glthread overridden by environment.
ATTENTION: default value of option mesa_glthread overridden by environment.
1651844411443	Marionette	INFO	Marionette enabled
console.warn: SearchSettings: "get: No settings file exists, new profile?" (new NotFoundError("Could not open the file at /tmp/rust_mozprofileK8girt/search.json.mozlz4", (void 0)))
1651844412654	Marionette	INFO	Listening on port 40635
1651844412717	RemoteAgent	WARN	TLS certificate errors will be ignored for this session
1651844412831	Marionette	INFO	Stopped listening on port 40635
console.error: services.settings: 
  main/query-stripping Signature failed  TypeError: NetworkError: Network request failed
1651844414196	Marionette	INFO	Stopped listening on port 42983
1651844517609	geckodriver	INFO	Listening on 127.0.0.1:34889
1651844517613	mozrunner::runner	INFO	Running command: "/usr/bin/firefox" "--marionette" "-no-remote" "-profile" "/tmp/rust_mozprofileVx1aVX"
ATTENTION: default value of option mesa_glthread overridden by environment.
ATTENTION: default value of option mesa_glthread overridden by environment.
ATTENTION: default value of option mesa_glthread overridden by environment.
ATTENTION: default value of option mesa_glthread overridden by environment.
1651844518222	Marionette	INFO	Marionette enabled
console.warn: SearchSettings: "get: No settings file exists, new profile?" (new NotFoundError("Could not open the file at /tmp/rust_mozprofileVx1aVX/search.json.mozlz4", (void 0)))
1651844519115	Marionette	INFO	Listening on port 41859
1651844519132	RemoteAgent	WARN	TLS certificate errors will be ignored for this session
1651844519331	geckodriver	INFO	Listening on 127.0.0.1:44589
1651844519335	mozrunner::runner	INFO	Running command: "/usr/bin/firefox" "--marionette" "-no-remote" "-profile" "/tmp/rust_mozprofileQKut5R"
ATTENTION: default value of option mesa_glthread overridden by environment.
ATTENTION: default value of option mesa_glthread overridden by environment.
ATTENTION: default value of option mesa_glthread overridden by environment.
ATTENTION: default value of option mesa_glthread overridden by environment.
1651844519962	Marionette	INFO	Marionette enabled
console.warn: SearchSettings: "get: No settings file exists, new profile?" (new NotFoundError("Could not open the file at /tmp/rust_mozprofileQKut5R/search.json.mozlz4", (void 0)))
1651844520906	Marionette	INFO	Listening on port 39413
1651844520949	RemoteAgent	WARN	TLS certificate errors will be ignored for this session
1651844521123	geckodriver	INFO	Listening on 127.0.0.1:41177
1651844522127	mozrunner::runner	INFO	Running command: "/usr/bin/firefox" "--marionette" "-no-remote" "-profile" "/tmp/rust_mozprofileRaQq1D"
ATTENTION: default value of option mesa_glthread overridden by environment.
ATTENTION: default value of option mesa_glthread overridden by environment.
ATTENTION: default value of option mesa_glthread overridden by environment.
ATTENTION: default value of option mesa_glthread overridden by environment.
1651844522759	Marionette	INFO	Marionette enabled
console.warn: SearchSettings: "get: No settings file exists, new profile?" (new NotFoundError("Could not open the file at /tmp/rust_mozprofileRaQq1D/search.json.mozlz4", (void 0)))
1651844523694	Marionette	INFO	Listening on port 35593
1651844523746	RemoteAgent	WARN	TLS certificate errors will be ignored for this session
1651844523896	geckodriver	INFO	Listening on 127.0.0.1:50875
1651844523901	mozrunner::runner	INFO	Running command: "/usr/bin/firefox" "--marionette" "-no-remote" "-profile" "/tmp/rust_mozprofileqF5ad1"
1651844523927	Marionette	INFO	Stopped listening on port 35593
JavaScript error: chrome://remote/content/marionette/cert.js, line 55: NS_ERROR_NOT_AVAILABLE: Component returned failure code: 0x80040111 (NS_ERROR_NOT_AVAILABLE) [nsICertOverrideService.setDisableAllSecurityChecksAndLetAttackersInterceptMyData]
1651844524450	Marionette	INFO	Stopped listening on port 39413
ATTENTION: default value of option mesa_glthread overridden by environment.
JavaScript error: chrome://remote/content/marionette/cert.js, line 55: NS_ERROR_NOT_AVAILABLE: Component returned failure code: 0x80040111 (NS_ERROR_NOT_AVAILABLE) [nsICertOverrideService.setDisableAllSecurityChecksAndLetAttackersInterceptMyData]
ATTENTION: default value of option mesa_glthread overridden by environment.
ATTENTION: default value of option mesa_glthread overridden by environment.
ATTENTION: default value of option mesa_glthread overridden by environment.
1651844524583	Marionette	INFO	Marionette enabled
1651844525053	Marionette	INFO	Stopped listening on port 41859
JavaScript error: chrome://remote/content/marionette/cert.js, line 55: NS_ERROR_NOT_AVAILABLE: Component returned failure code: 0x80040111 (NS_ERROR_NOT_AVAILABLE) [nsICertOverrideService.setDisableAllSecurityChecksAndLetAttackersInterceptMyData]
console.warn: SearchSettings: "get: No settings file exists, new profile?" (new NotFoundError("Could not open the file at /tmp/rust_mozprofileqF5ad1/search.json.mozlz4", (void 0)))

###!!! [Parent][PImageBridgeParent] Error: RunMessage(msgname=PImageBridge::Msg_WillClose) Channel closing: too late to send/recv, messages will be lost

console.error: Region.jsm: "Error fetching region" (new TypeError("NetworkError when attempting to fetch resource.", ""))
console.error: Region.jsm: "Failed to fetch region" (new Error("NO_RESULT", "resource://gre/modules/Region.jsm", 419))
JavaScript error: resource://gre/modules/NewTabUtils.jsm, line 674: NS_ERROR_UNEXPECTED: Component returned failure code: 0x8000ffff (NS_ERROR_UNEXPECTED) [nsINavHistoryService.asyncExecuteLegacyQuery]
1651844525884	geckodriver	INFO	Listening on 127.0.0.1:40955
1651844525891	mozrunner::runner	INFO	Running command: "/usr/bin/firefox" "--marionette" "-no-remote" "-profile" "/tmp/rust_mozprofileufjnV4"
ATTENTION: default value of option mesa_glthread overridden by environment.
ATTENTION: default value of option mesa_glthread overridden by environment.
ATTENTION: default value of option mesa_glthread overridden by environment.
ATTENTION: default value of option mesa_glthread overridden by environment.
1651844526519	Marionette	INFO	Marionette enabled
console.warn: SearchSettings: "get: No settings file exists, new profile?" (new NotFoundError("Could not open the file at /tmp/rust_mozprofileufjnV4/search.json.mozlz4", (void 0)))
1651844527583	Marionette	INFO	Listening on port 38745
1651844527628	RemoteAgent	WARN	TLS certificate errors will be ignored for this session
1651844527842	geckodriver	INFO	Listening on 127.0.0.1:40107
1651844527846	mozrunner::runner	INFO	Running command: "/usr/bin/firefox" "--marionette" "-no-remote" "-profile" "/tmp/rust_mozprofileVgNRbf"
1651844528369	Marionette	INFO	Stopped listening on port 38745
JavaScript error: chrome://remote/content/marionette/cert.js, line 55: NS_ERROR_NOT_AVAILABLE: Component returned failure code: 0x80040111 (NS_ERROR_NOT_AVAILABLE) [nsICertOverrideService.setDisableAllSecurityChecksAndLetAttackersInterceptMyData]
ATTENTION: default value of option mesa_glthread overridden by environment.
ATTENTION: default value of option mesa_glthread overridden by environment.
ATTENTION: default value of option mesa_glthread overridden by environment.
ATTENTION: default value of option mesa_glthread overridden by environment.
1651844528529	Marionette	INFO	Marionette enabled
console.warn: SearchSettings: "get: No settings file exists, new profile?" (new NotFoundError("Could not open the file at /tmp/rust_mozprofileVgNRbf/search.json.mozlz4", (void 0)))
1651844529820	Marionette	INFO	Listening on port 44495
1651844529883	RemoteAgent	WARN	TLS certificate errors will be ignored for this session
1651844530053	geckodriver	INFO	Listening on 127.0.0.1:35363
1651844530057	mozrunner::runner	INFO	Running command: "/usr/bin/firefox" "--marionette" "-no-remote" "-profile" "/tmp/rust_mozprofile5UDVht"
1651844530217	Marionette	INFO	Stopped listening on port 44495
JavaScript error: chrome://remote/content/marionette/cert.js, line 55: NS_ERROR_NOT_AVAILABLE: Component returned failure code: 0x80040111 (NS_ERROR_NOT_AVAILABLE) [nsICertOverrideService.setDisableAllSecurityChecksAndLetAttackersInterceptMyData]
ATTENTION: default value of option mesa_glthread overridden by environment.
ATTENTION: default value of option mesa_glthread overridden by environment.
ATTENTION: default value of option mesa_glthread overridden by environment.
ATTENTION: default value of option mesa_glthread overridden by environment.
1651844530723	Marionette	INFO	Marionette enabled
console.warn: SearchSettings: "get: No settings file exists, new profile?" (new NotFoundError("Could not open the file at /tmp/rust_mozprofile5UDVht/search.json.mozlz4", (void 0)))
1651844531642	Marionette	INFO	Listening on port 40527
1651844531672	RemoteAgent	WARN	TLS certificate errors will be ignored for this session
1651844531902	geckodriver	INFO	Listening on 127.0.0.1:54429
1651844532906	mozrunner::runner	INFO	Running command: "/usr/bin/firefox" "--marionette" "-no-remote" "-profile" "/tmp/rust_mozprofile488fQL"
ATTENTION: default value of option mesa_glthread overridden by environment.
ATTENTION: default value of option mesa_glthread overridden by environment.
ATTENTION: default value of option mesa_glthread overridden by environment.
ATTENTION: default value of option mesa_glthread overridden by environment.
1651844533484	Marionette	INFO	Marionette enabled
console.warn: SearchSettings: "get: No settings file exists, new profile?" (new NotFoundError("Could not open the file at /tmp/rust_mozprofile488fQL/search.json.mozlz4", (void 0)))
1651844534379	Marionette	INFO	Listening on port 36873
1651844534420	RemoteAgent	WARN	TLS certificate errors will be ignored for this session
1651844534567	geckodriver	INFO	Listening on 127.0.0.1:45421
1651844534571	mozrunner::runner	INFO	Running command: "/usr/bin/firefox" "--marionette" "-no-remote" "-profile" "/tmp/rust_mozprofileqsjcXG"
ATTENTION: default value of option mesa_glthread overridden by environment.
ATTENTION: default value of option mesa_glthread overridden by environment.
ATTENTION: default value of option mesa_glthread overridden by environment.
ATTENTION: default value of option mesa_glthread overridden by environment.
1651844535169	Marionette	INFO	Marionette enabled
1651844535289	Marionette	INFO	Stopped listening on port 36873
JavaScript error: chrome://remote/content/marionette/cert.js, line 55: NS_ERROR_NOT_AVAILABLE: Component returned failure code: 0x80040111 (NS_ERROR_NOT_AVAILABLE) [nsICertOverrideService.setDisableAllSecurityChecksAndLetAttackersInterceptMyData]
console.warn: SearchSettings: "get: No settings file exists, new profile?" (new NotFoundError("Could not open the file at /tmp/rust_mozprofileqsjcXG/search.json.mozlz4", (void 0)))
console.error: Region.jsm: "Error fetching region" (new TypeError("NetworkError when attempting to fetch resource.", ""))
console.error: Region.jsm: "Failed to fetch region" (new Error("NO_RESULT", "resource://gre/modules/Region.jsm", 419))
1651844536455	geckodriver	INFO	Listening on 127.0.0.1:53989
1651844536458	mozrunner::runner	INFO	Running command: "/usr/bin/firefox" "--marionette" "-no-remote" "-profile" "/tmp/rust_mozprofileCKRgj4"
1651844536655	Marionette	INFO	Stopped listening on port 40527
JavaScript error: chrome://remote/content/marionette/cert.js, line 55: NS_ERROR_NOT_AVAILABLE: Component returned failure code: 0x80040111 (NS_ERROR_NOT_AVAILABLE) [nsICertOverrideService.setDisableAllSecurityChecksAndLetAttackersInterceptMyData]
ATTENTION: default value of option mesa_glthread overridden by environment.
ATTENTION: default value of option mesa_glthread overridden by environment.
ATTENTION: default value of option mesa_glthread overridden by environment.
1651844537132	Marionette	INFO	Marionette enabled
ATTENTION: default value of option mesa_glthread overridden by environment.
console.warn: SearchSettings: "get: No settings file exists, new profile?" (new NotFoundError("Could not open the file at /tmp/rust_mozprofileCKRgj4/search.json.mozlz4", (void 0)))
1651844538152	Marionette	INFO	Listening on port 33569
1651844538217	RemoteAgent	WARN	TLS certificate errors will be ignored for this session
1651844538354	Marionette	INFO	Stopped listening on port 33569
console.error: services.settings: 
  main/fxmonitor-breaches Signature failed  InvalidSignatureError: Invalid content signature (main/fxmonitor-breaches)
console.error: services.settings: 
  main/fxmonitor-breaches local data was corrupted
console.warn: services.settings: main/fxmonitor-breaches Signature verified failed. Retry from scratch
console.error: services.settings: 
  main/fxmonitor-breaches Signature failed again InvalidSignatureError: Invalid content signature (main/fxmonitor-breaches)
console.error: services.settings: 
  Message: InvalidSignatureError: Invalid content signature (main/fxmonitor-breaches)
  Stack:
    InvalidSignatureError@resource://services-settings/RemoteSettingsClient.jsm:135:5
_validateCollectionSignature@resource://services-settings/RemoteSettingsClient.jsm:875:13

console.error: services.settings: 
  main/public-suffix-list Signature failed  InvalidSignatureError: Invalid content signature (main/public-suffix-list)
console.error: services.settings: 
  main/public-suffix-list local data was corrupted
console.warn: services.settings: main/public-suffix-list Signature verified failed. Retry from scratch
console.error: services.settings: 
  main/public-suffix-list Signature failed again InvalidSignatureError: Invalid content signature (main/public-suffix-list)
console.error: services.settings: 
  Message: InvalidSignatureError: Invalid content signature (main/public-suffix-list)
  Stack:
    InvalidSignatureError@resource://services-settings/RemoteSettingsClient.jsm:135:5
_validateCollectionSignature@resource://services-settings/RemoteSettingsClient.jsm:875:13

console.error: services.settings: 
  main/top-sites Signature failed  InvalidSignatureError: Invalid content signature (main/top-sites)
console.error: services.settings: 
  main/top-sites local data was corrupted
console.warn: services.settings: main/top-sites Signature verified failed. Retry from scratch
console.error: services.settings: 
  main/doh-providers Signature failed  InvalidSignatureError: Invalid content signature (main/doh-providers)
console.error: services.settings: 
  main/doh-providers local data was corrupted
console.warn: services.settings: main/doh-providers Signature verified failed. Retry from scratch
console.error: services.settings: 
  main/search-config Signature failed  InvalidSignatureError: Invalid content signature (main/search-config)
console.error: services.settings: 
  main/search-config local data was corrupted
console.warn: services.settings: main/search-config Signature verified failed. Retry from scratch
1652101559883	geckodriver	INFO	Listening on 127.0.0.1:38291
1652101560892	mozrunner::runner	INFO	Running command: "/usr/bin/firefox" "--marionette" "-no-remote" "-profile" "/tmp/rust_mozprofile9z4AvM"
ATTENTION: default value of option mesa_glthread overridden by environment.
ATTENTION: default value of option mesa_glthread overridden by environment.
ATTENTION: default value of option mesa_glthread overridden by environment.
ATTENTION: default value of option mesa_glthread overridden by environment.
1652101561467	Marionette	INFO	Marionette enabled
1652185637823	geckodriver	INFO	Listening on 127.0.0.1:48973
1652185638831	mozrunner::runner	INFO	Running command: "/usr/bin/firefox" "--marionette" "-no-remote" "-profile" "/tmp/rust_mozprofile6Za9IX"
ATTENTION: default value of option mesa_glthread overridden by environment.
ATTENTION: default value of option mesa_glthread overridden by environment.
ATTENTION: default value of option mesa_glthread overridden by environment.
1652185639486	Marionette	INFO	Marionette enabled
ATTENTION: default value of option mesa_glthread overridden by environment.
console.warn: SearchSettings: "get: No settings file exists, new profile?" (new NotFoundError("Could not open the file at /tmp/rust_mozprofile6Za9IX/search.json.mozlz4", (void 0)))
1652185640838	Marionette	INFO	Listening on port 39641
1652185640951	RemoteAgent	WARN	TLS certificate errors will be ignored for this session
1652185741738	geckodriver	INFO	Listening on 127.0.0.1:59457
1652185742753	mozrunner::runner	INFO	Running command: "/usr/bin/firefox" "--marionette" "-no-remote" "-profile" "/tmp/rust_mozprofileQQOrw9"
ATTENTION: default value of option mesa_glthread overridden by environment.
ATTENTION: default value of option mesa_glthread overridden by environment.
ATTENTION: default value of option mesa_glthread overridden by environment.
ATTENTION: default value of option mesa_glthread overridden by environment.
1652185743346	Marionette	INFO	Marionette enabled
console.warn: SearchSettings: "get: No settings file exists, new profile?" (new NotFoundError("Could not open the file at /tmp/rust_mozprofileQQOrw9/search.json.mozlz4", (void 0)))
1652185744635	Marionette	INFO	Listening on port 33079
1652185744683	RemoteAgent	WARN	TLS certificate errors will be ignored for this session
1652185748129	Marionette	INFO	Stopped listening on port 33079

###!!! [Parent][PImageBridgeParent] Error: RunMessage(msgname=PImageBridge::Msg_WillClose) Channel closing: too late to send/recv, messages will be lost

1652185824727	geckodriver	INFO	Listening on 127.0.0.1:44791
1652185824731	mozrunner::runner	INFO	Running command: "/usr/bin/firefox" "--marionette" "-no-remote" "-profile" "/tmp/rust_mozprofileYECC1K"
ATTENTION: default value of option mesa_glthread overridden by environment.
ATTENTION: default value of option mesa_glthread overridden by environment.
ATTENTION: default value of option mesa_glthread overridden by environment.
ATTENTION: default value of option mesa_glthread overridden by environment.
1652185825327	Marionette	INFO	Marionette enabled
console.warn: SearchSettings: "get: No settings file exists, new profile?" (new NotFoundError("Could not open the file at /tmp/rust_mozprofileYECC1K/search.json.mozlz4", (void 0)))
1652185826386	Marionette	INFO	Listening on port 34551
1652185826453	RemoteAgent	WARN	TLS certificate errors will be ignored for this session
1652185833072	Marionette	INFO	Stopped listening on port 34551
1652186245211	geckodriver	INFO	Listening on 127.0.0.1:35957
1652186245214	mozrunner::runner	INFO	Running command: "/usr/bin/firefox" "--marionette" "-no-remote" "-profile" "/tmp/rust_mozprofileHUk7BE"
ATTENTION: default value of option mesa_glthread overridden by environment.
ATTENTION: default value of option mesa_glthread overridden by environment.
ATTENTION: default value of option mesa_glthread overridden by environment.
1652186245775	Marionette	INFO	Marionette enabled
ATTENTION: default value of option mesa_glthread overridden by environment.
console.warn: SearchSettings: "get: No settings file exists, new profile?" (new NotFoundError("Could not open the file at /tmp/rust_mozprofileHUk7BE/search.json.mozlz4", (void 0)))
1652186247010	Marionette	INFO	Listening on port 41383
1652186247048	RemoteAgent	WARN	TLS certificate errors will be ignored for this session
console.warn: LoginRecipes: "getRecipes: falling back to a synchronous message for:" "https://orcid.org"
console.warn: LoginRecipes: "getRecipes: falling back to a synchronous message for:" "https://orcid.org"
JavaScript error: resource://gre/modules/LoginManagerParent.jsm, line 136: TypeError: gRecipeManager is null
1652186253876	Marionette	INFO	Stopped listening on port 41383

###!!! [Parent][PImageBridgeParent] Error: RunMessage(msgname=PImageBridge::Msg_WillClose) Channel closing: too late to send/recv, messages will be lost

1652186347641	Marionette	INFO	Stopped listening on port 39641
1652186351835	geckodriver	INFO	Listening on 127.0.0.1:48679
1652186351839	mozrunner::runner	INFO	Running command: "/usr/bin/firefox" "--marionette" "-no-remote" "-profile" "/tmp/rust_mozprofileWGxntW"
ATTENTION: default value of option mesa_glthread overridden by environment.
ATTENTION: default value of option mesa_glthread overridden by environment.
ATTENTION: default value of option mesa_glthread overridden by environment.
ATTENTION: default value of option mesa_glthread overridden by environment.
1652186352444	Marionette	INFO	Marionette enabled
console.warn: SearchSettings: "get: No settings file exists, new profile?" (new NotFoundError("Could not open the file at /tmp/rust_mozprofileWGxntW/search.json.mozlz4", (void 0)))
1652186353390	Marionette	INFO	Listening on port 44971
1652186353455	RemoteAgent	WARN	TLS certificate errors will be ignored for this session
console.warn: LoginRecipes: "getRecipes: falling back to a synchronous message for:" "https://orcid.org"
console.warn: LoginRecipes: "getRecipes: falling back to a synchronous message for:" "https://orcid.org"
JavaScript error: resource://gre/modules/LoginManagerParent.jsm, line 136: TypeError: gRecipeManager is null
1652186358920	Marionette	INFO	Stopped listening on port 44971

###!!! [Parent][PImageBridgeParent] Error: RunMessage(msgname=PImageBridge::Msg_WillClose) Channel closing: too late to send/recv, messages will be lost

1652186616980	geckodriver	INFO	Listening on 127.0.0.1:52425
1652186616983	mozrunner::runner	INFO	Running command: "/usr/bin/firefox" "--marionette" "-no-remote" "-profile" "/tmp/rust_mozprofilegk3v35"
ATTENTION: default value of option mesa_glthread overridden by environment.
ATTENTION: default value of option mesa_glthread overridden by environment.
ATTENTION: default value of option mesa_glthread overridden by environment.
1652186617588	Marionette	INFO	Marionette enabled
ATTENTION: default value of option mesa_glthread overridden by environment.
console.warn: SearchSettings: "get: No settings file exists, new profile?" (new NotFoundError("Could not open the file at /tmp/rust_mozprofilegk3v35/search.json.mozlz4", (void 0)))
1652186618727	Marionette	INFO	Listening on port 36997
1652186618797	RemoteAgent	WARN	TLS certificate errors will be ignored for this session
console.warn: LoginRecipes: "getRecipes: falling back to a synchronous message for:" "https://orcid.org"
console.warn: LoginRecipes: "getRecipes: falling back to a synchronous message for:" "https://orcid.org"
JavaScript error: resource://gre/modules/LoginManagerParent.jsm, line 136: TypeError: gRecipeManager is null
1652186624003	Marionette	INFO	Stopped listening on port 36997

###!!! [Parent][PContentParent] Error: Send(msgname=PContent::Msg_DestroyBrowsingContextGroup) Closed channel: cannot send/recv


###!!! [Parent][PImageBridgeParent] Error: RunMessage(msgname=PImageBridge::Msg_WillClose) Channel closing: too late to send/recv, messages will be lost

1652186665805	geckodriver	INFO	Listening on 127.0.0.1:48287
1652186666814	mozrunner::runner	INFO	Running command: "/usr/bin/firefox" "--marionette" "-no-remote" "-profile" "/tmp/rust_mozprofilei2I5Tq"
ATTENTION: default value of option mesa_glthread overridden by environment.
ATTENTION: default value of option mesa_glthread overridden by environment.
ATTENTION: default value of option mesa_glthread overridden by environment.
ATTENTION: default value of option mesa_glthread overridden by environment.
1652186667397	Marionette	INFO	Marionette enabled
console.warn: SearchSettings: "get: No settings file exists, new profile?" (new NotFoundError("Could not open the file at /tmp/rust_mozprofilei2I5Tq/search.json.mozlz4", (void 0)))
1652186668343	Marionette	INFO	Listening on port 34573
1652186668430	RemoteAgent	WARN	TLS certificate errors will be ignored for this session
1652186851114	geckodriver	INFO	Listening on 127.0.0.1:41189
1652186851117	mozrunner::runner	INFO	Running command: "/usr/bin/firefox" "--marionette" "-no-remote" "-profile" "/tmp/rust_mozprofileEZt96G"
ATTENTION: default value of option mesa_glthread overridden by environment.
ATTENTION: default value of option mesa_glthread overridden by environment.
ATTENTION: default value of option mesa_glthread overridden by environment.
ATTENTION: default value of option mesa_glthread overridden by environment.
1652186851681	Marionette	INFO	Marionette enabled
console.warn: SearchSettings: "get: No settings file exists, new profile?" (new NotFoundError("Could not open the file at /tmp/rust_mozprofileEZt96G/search.json.mozlz4", (void 0)))
1652186852701	Marionette	INFO	Listening on port 37563
1652186852731	RemoteAgent	WARN	TLS certificate errors will be ignored for this session
console.warn: LoginRecipes: "getRecipes: falling back to a synchronous message for:" "https://orcid.org"
console.warn: LoginRecipes: "getRecipes: falling back to a synchronous message for:" "https://orcid.org"
JavaScript error: resource://gre/modules/LoginManagerParent.jsm, line 136: TypeError: gRecipeManager is null
1652186858674	Marionette	INFO	Stopped listening on port 37563

###!!! [Parent][PImageBridgeParent] Error: RunMessage(msgname=PImageBridge::Msg_WillClose) Channel closing: too late to send/recv, messages will be lost

1652186918388	geckodriver	INFO	Listening on 127.0.0.1:39423
1652186919397	mozrunner::runner	INFO	Running command: "/usr/bin/firefox" "--marionette" "-no-remote" "-profile" "/tmp/rust_mozprofile8jtKpB"
ATTENTION: default value of option mesa_glthread overridden by environment.
ATTENTION: default value of option mesa_glthread overridden by environment.
ATTENTION: default value of option mesa_glthread overridden by environment.
ATTENTION: default value of option mesa_glthread overridden by environment.
1652186919993	Marionette	INFO	Marionette enabled
console.warn: SearchSettings: "get: No settings file exists, new profile?" (new NotFoundError("Could not open the file at /tmp/rust_mozprofile8jtKpB/search.json.mozlz4", (void 0)))
1652186921001	Marionette	INFO	Listening on port 34841
1652186921126	RemoteAgent	WARN	TLS certificate errors will be ignored for this session
1652186921212	Marionette	INFO	Stopped listening on port 34841
1652186982436	geckodriver	INFO	Listening on 127.0.0.1:37457
1652186982439	mozrunner::runner	INFO	Running command: "/usr/bin/firefox" "--marionette" "-no-remote" "-profile" "/tmp/rust_mozprofileeraI8S"
ATTENTION: default value of option mesa_glthread overridden by environment.
ATTENTION: default value of option mesa_glthread overridden by environment.
ATTENTION: default value of option mesa_glthread overridden by environment.
ATTENTION: default value of option mesa_glthread overridden by environment.
1652186983061	Marionette	INFO	Marionette enabled
console.warn: SearchSettings: "get: No settings file exists, new profile?" (new NotFoundError("Could not open the file at /tmp/rust_mozprofileeraI8S/search.json.mozlz4", (void 0)))
1652186984062	Marionette	INFO	Listening on port 46879
1652186984165	RemoteAgent	WARN	TLS certificate errors will be ignored for this session
console.warn: LoginRecipes: "getRecipes: falling back to a synchronous message for:" "https://orcid.org"
console.warn: LoginRecipes: "getRecipes: falling back to a synchronous message for:" "https://orcid.org"
JavaScript error: resource://gre/modules/LoginManagerParent.jsm, line 136: TypeError: gRecipeManager is null
1652186988976	Marionette	INFO	Stopped listening on port 46879

###!!! [Parent][PContentParent] Error: Send(msgname=PContent::Msg_DestroyBrowsingContextGroup) Closed channel: cannot send/recv

1652187139320	geckodriver	INFO	Listening on 127.0.0.1:37541
1652187139322	mozrunner::runner	INFO	Running command: "/usr/bin/firefox" "--marionette" "-no-remote" "-profile" "/tmp/rust_mozprofilewDiaCT"
ATTENTION: default value of option mesa_glthread overridden by environment.
ATTENTION: default value of option mesa_glthread overridden by environment.
ATTENTION: default value of option mesa_glthread overridden by environment.
1652187139928	Marionette	INFO	Marionette enabled
ATTENTION: default value of option mesa_glthread overridden by environment.
console.warn: SearchSettings: "get: No settings file exists, new profile?" (new NotFoundError("Could not open the file at /tmp/rust_mozprofilewDiaCT/search.json.mozlz4", (void 0)))
1652187140959	Marionette	INFO	Listening on port 38951
1652187141038	RemoteAgent	WARN	TLS certificate errors will be ignored for this session
console.warn: LoginRecipes: "getRecipes: falling back to a synchronous message for:" "https://orcid.org"
console.warn: LoginRecipes: "getRecipes: falling back to a synchronous message for:" "https://orcid.org"
JavaScript error: resource://gre/modules/LoginManagerParent.jsm, line 136: TypeError: gRecipeManager is null
1652187146312	Marionette	INFO	Stopped listening on port 38951

###!!! [Parent][PImageBridgeParent] Error: RunMessage(msgname=PImageBridge::Msg_WillClose) Channel closing: too late to send/recv, messages will be lost

1652187176402	Marionette	INFO	Stopped listening on port 34573
1652187284242	geckodriver	INFO	Listening on 127.0.0.1:58529
1652187285245	mozrunner::runner	INFO	Running command: "/usr/bin/firefox" "--marionette" "-no-remote" "-profile" "/tmp/rust_mozprofileEl3077"
ATTENTION: default value of option mesa_glthread overridden by environment.
ATTENTION: default value of option mesa_glthread overridden by environment.
ATTENTION: default value of option mesa_glthread overridden by environment.
ATTENTION: default value of option mesa_glthread overridden by environment.
1652187285824	Marionette	INFO	Marionette enabled
console.warn: SearchSettings: "get: No settings file exists, new profile?" (new NotFoundError("Could not open the file at /tmp/rust_mozprofileEl3077/search.json.mozlz4", (void 0)))
1652187286766	Marionette	INFO	Listening on port 44287
1652187286860	RemoteAgent	WARN	TLS certificate errors will be ignored for this session
1652190628748	Marionette	INFO	Stopped listening on port 44287
1652349326634	geckodriver	INFO	Listening on 127.0.0.1:41739
1652349327636	mozrunner::runner	INFO	Running command: "/usr/bin/firefox" "--marionette" "-no-remote" "-profile" "/tmp/rust_mozprofilei6YivU"
ATTENTION: default value of option mesa_glthread overridden by environment.
ATTENTION: default value of option mesa_glthread overridden by environment.
ATTENTION: default value of option mesa_glthread overridden by environment.
ATTENTION: default value of option mesa_glthread overridden by environment.
1652349328305	Marionette	INFO	Marionette enabled
console.warn: SearchSettings: "get: No settings file exists, new profile?" (new NotFoundError("Could not open the file at /tmp/rust_mozprofilei6YivU/search.json.mozlz4", (void 0)))
1652349329328	Marionette	INFO	Listening on port 45939
1652349329353	RemoteAgent	WARN	TLS certificate errors will be ignored for this session
1652349510016	Marionette	INFO	Stopped listening on port 45939

###!!! [Parent][PImageBridgeParent] Error: RunMessage(msgname=PImageBridge::Msg_WillClose) Channel closing: too late to send/recv, messages will be lost

Sandbox: Unexpected EOF, op 0 flags 00 path /proc/cpuinfo
1652349510519	geckodriver	INFO	Listening on 127.0.0.1:52589
1652349511533	mozrunner::runner	INFO	Running command: "/usr/bin/firefox" "--marionette" "-no-remote" "-profile" "/tmp/rust_mozprofileDRChDs"
ATTENTION: default value of option mesa_glthread overridden by environment.
ATTENTION: default value of option mesa_glthread overridden by environment.
ATTENTION: default value of option mesa_glthread overridden by environment.
ATTENTION: default value of option mesa_glthread overridden by environment.
1652349512256	Marionette	INFO	Marionette enabled
console.warn: SearchSettings: "get: No settings file exists, new profile?" (new NotFoundError("Could not open the file at /tmp/rust_mozprofileDRChDs/search.json.mozlz4", (void 0)))
1652349513206	Marionette	INFO	Listening on port 41903
1652349513249	RemoteAgent	WARN	TLS certificate errors will be ignored for this session
1652349513786	Marionette	INFO	Stopped listening on port 41903

###!!! [Parent][PImageBridgeParent] Error: RunMessage(msgname=PImageBridge::Msg_WillClose) Channel closing: too late to send/recv, messages will be lost

Sandbox: Unexpected EOF, op 0 flags 00 path /proc/cpuinfo
1652350590859	geckodriver	INFO	Listening on 127.0.0.1:42611
1652350591868	mozrunner::runner	INFO	Running command: "/usr/bin/firefox" "--marionette" "-no-remote" "-profile" "/tmp/rust_mozprofileZGGchR"
ATTENTION: default value of option mesa_glthread overridden by environment.
ATTENTION: default value of option mesa_glthread overridden by environment.
ATTENTION: default value of option mesa_glthread overridden by environment.
ATTENTION: default value of option mesa_glthread overridden by environment.
1652350592573	Marionette	INFO	Marionette enabled
console.warn: SearchSettings: "get: No settings file exists, new profile?" (new NotFoundError("Could not open the file at /tmp/rust_mozprofileZGGchR/search.json.mozlz4", (void 0)))
1652350593662	Marionette	INFO	Listening on port 36665
1652350593685	RemoteAgent	WARN	TLS certificate errors will be ignored for this session
1652350593885	Marionette	WARN	Ignoring event 'pageshow' because document has an invalid readyState of 'uninitialized'.
1652350593993	Marionette	INFO	Stopped listening on port 36665
1652350616969	geckodriver	INFO	Listening on 127.0.0.1:55335
1652350617973	mozrunner::runner	INFO	Running command: "/usr/bin/firefox" "--marionette" "-no-remote" "-profile" "/tmp/rust_mozprofilenX6hPb"
ATTENTION: default value of option mesa_glthread overridden by environment.
ATTENTION: default value of option mesa_glthread overridden by environment.
ATTENTION: default value of option mesa_glthread overridden by environment.
ATTENTION: default value of option mesa_glthread overridden by environment.
1652350618552	Marionette	INFO	Marionette enabled
console.warn: SearchSettings: "get: No settings file exists, new profile?" (new NotFoundError("Could not open the file at /tmp/rust_mozprofilenX6hPb/search.json.mozlz4", (void 0)))
1652350619645	Marionette	INFO	Listening on port 37109
1652350619690	RemoteAgent	WARN	TLS certificate errors will be ignored for this session
1652350619768	Marionette	INFO	Stopped listening on port 37109
Sandbox: Unexpected EOF, op 0 flags 00 path /proc/cpuinfo
1652350642470	geckodriver	INFO	Listening on 127.0.0.1:60891
1652350642473	mozrunner::runner	INFO	Running command: "/usr/bin/firefox" "--marionette" "-no-remote" "-profile" "/tmp/rust_mozprofile3j0SUy"
ATTENTION: default value of option mesa_glthread overridden by environment.
ATTENTION: default value of option mesa_glthread overridden by environment.
ATTENTION: default value of option mesa_glthread overridden by environment.
ATTENTION: default value of option mesa_glthread overridden by environment.
1652350643079	Marionette	INFO	Marionette enabled
console.warn: SearchSettings: "get: No settings file exists, new profile?" (new NotFoundError("Could not open the file at /tmp/rust_mozprofile3j0SUy/search.json.mozlz4", (void 0)))
1652350644122	Marionette	INFO	Listening on port 42193
1652350644225	RemoteAgent	WARN	TLS certificate errors will be ignored for this session
1652350644458	Marionette	WARN	Ignoring event 'pageshow' because document has an invalid readyState of 'uninitialized'.
1652350644590	Marionette	INFO	Stopped listening on port 42193

###!!! [Parent][PImageBridgeParent] Error: RunMessage(msgname=PImageBridge::Msg_WillClose) Channel closing: too late to send/recv, messages will be lost

Sandbox: Unexpected EOF, op 0 flags 00 path /proc/cpuinfo
1652352803247	geckodriver	INFO	Listening on 127.0.0.1:57029
1652352804260	mozrunner::runner	INFO	Running command: "/usr/bin/firefox" "--marionette" "-no-remote" "-profile" "/tmp/rust_mozprofileA2V7bE"
ATTENTION: default value of option mesa_glthread overridden by environment.
ATTENTION: default value of option mesa_glthread overridden by environment.
ATTENTION: default value of option mesa_glthread overridden by environment.
ATTENTION: default value of option mesa_glthread overridden by environment.
1652352804924	Marionette	INFO	Marionette enabled
console.warn: SearchSettings: "get: No settings file exists, new profile?" (new NotFoundError("Could not open the file at /tmp/rust_mozprofileA2V7bE/search.json.mozlz4", (void 0)))
1652352805993	Marionette	INFO	Listening on port 40735
1652352806083	RemoteAgent	WARN	TLS certificate errors will be ignored for this session
1652352806259	Marionette	WARN	Ignoring event 'pageshow' because document has an invalid readyState of 'uninitialized'.
1652352806359	Marionette	INFO	Stopped listening on port 40735
Sandbox: Unexpected EOF, op 0 flags 00 path /proc/cpuinfo
1652352839044	geckodriver	INFO	Listening on 127.0.0.1:35989
1652352840051	mozrunner::runner	INFO	Running command: "/usr/bin/firefox" "--marionette" "-no-remote" "-profile" "/tmp/rust_mozprofile44GMNt"
ATTENTION: default value of option mesa_glthread overridden by environment.
ATTENTION: default value of option mesa_glthread overridden by environment.
ATTENTION: default value of option mesa_glthread overridden by environment.
ATTENTION: default value of option mesa_glthread overridden by environment.
1652352840684	Marionette	INFO	Marionette enabled
console.warn: SearchSettings: "get: No settings file exists, new profile?" (new NotFoundError("Could not open the file at /tmp/rust_mozprofile44GMNt/search.json.mozlz4", (void 0)))
1652352841727	Marionette	INFO	Listening on port 39669
1652352841769	RemoteAgent	WARN	TLS certificate errors will be ignored for this session
1652353107116	Marionette	INFO	Stopped listening on port 39669
Sandbox: Unexpected EOF, op 0 flags 00 path /proc/cpuinfo
1652365262283	geckodriver	INFO	Listening on 127.0.0.1:38635
1652365263289	mozrunner::runner	INFO	Running command: "/usr/bin/firefox" "--marionette" "-no-remote" "-profile" "/tmp/rust_mozprofileG9UMsI"
ATTENTION: default value of option mesa_glthread overridden by environment.
ATTENTION: default value of option mesa_glthread overridden by environment.
ATTENTION: default value of option mesa_glthread overridden by environment.
ATTENTION: default value of option mesa_glthread overridden by environment.
1652365264234	Marionette	INFO	Marionette enabled
console.warn: SearchSettings: "get: No settings file exists, new profile?" (new NotFoundError("Could not open the file at /tmp/rust_mozprofileG9UMsI/search.json.mozlz4", (void 0)))
1652365266130	Marionette	INFO	Listening on port 45571
1652365266469	RemoteAgent	WARN	TLS certificate errors will be ignored for this session
1652368121312	geckodriver	INFO	Listening on 127.0.0.1:48313
1652368122326	mozrunner::runner	INFO	Running command: "/usr/bin/firefox" "--marionette" "-no-remote" "-profile" "/tmp/rust_mozprofileiSioLg"
ATTENTION: default value of option mesa_glthread overridden by environment.
ATTENTION: default value of option mesa_glthread overridden by environment.
ATTENTION: default value of option mesa_glthread overridden by environment.
ATTENTION: default value of option mesa_glthread overridden by environment.
1652368123101	Marionette	INFO	Marionette enabled
console.warn: SearchSettings: "get: No settings file exists, new profile?" (new NotFoundError("Could not open the file at /tmp/rust_mozprofileiSioLg/search.json.mozlz4", (void 0)))
1652368124298	Marionette	INFO	Listening on port 35927
1652368124348	RemoteAgent	WARN	TLS certificate errors will be ignored for this session
1652368124481	Marionette	WARN	Ignoring event 'pageshow' because document has an invalid readyState of 'uninitialized'.
1652368124591	Marionette	INFO	Stopped listening on port 35927

###!!! [Parent][PImageBridgeParent] Error: RunMessage(msgname=PImageBridge::Msg_WillClose) Channel closing: too late to send/recv, messages will be lost

Sandbox: Unexpected EOF, op 0 flags 00 path /proc/cpuinfo
1652368177342	geckodriver	INFO	Listening on 127.0.0.1:60897
1652368178344	mozrunner::runner	INFO	Running command: "/usr/bin/firefox" "--marionette" "-no-remote" "-profile" "/tmp/rust_mozprofileAVJULx"
ATTENTION: default value of option mesa_glthread overridden by environment.
ATTENTION: default value of option mesa_glthread overridden by environment.
ATTENTION: default value of option mesa_glthread overridden by environment.
ATTENTION: default value of option mesa_glthread overridden by environment.
1652368179158	Marionette	INFO	Marionette enabled
console.warn: SearchSettings: "get: No settings file exists, new profile?" (new NotFoundError("Could not open the file at /tmp/rust_mozprofileAVJULx/search.json.mozlz4", (void 0)))
1652368180328	Marionette	INFO	Listening on port 46813
1652368180363	RemoteAgent	WARN	TLS certificate errors will be ignored for this session
console.warn: LoginRecipes: "getRecipes: falling back to a synchronous message for:" "https://orcid.org"
console.warn: LoginRecipes: "getRecipes: falling back to a synchronous message for:" "https://orcid.org"
JavaScript error: resource://gre/modules/LoginManagerParent.jsm, line 136: TypeError: gRecipeManager is null
1652368185382	Marionette	INFO	Stopped listening on port 46813

###!!! [Parent][PContentParent] Error: Send(msgname=PContent::Msg_DestroyBrowsingContextGroup) Closed channel: cannot send/recv


###!!! [Parent][PImageBridgeParent] Error: RunMessage(msgname=PImageBridge::Msg_WillClose) Channel closing: too late to send/recv, messages will be lost

1652368329987	geckodriver	INFO	Listening on 127.0.0.1:53015
1652368331000	mozrunner::runner	INFO	Running command: "/usr/bin/firefox" "--marionette" "-no-remote" "-profile" "/tmp/rust_mozprofile47pKw0"
ATTENTION: default value of option mesa_glthread overridden by environment.
ATTENTION: default value of option mesa_glthread overridden by environment.
ATTENTION: default value of option mesa_glthread overridden by environment.
ATTENTION: default value of option mesa_glthread overridden by environment.
1652368331767	Marionette	INFO	Marionette enabled
console.warn: SearchSettings: "get: No settings file exists, new profile?" (new NotFoundError("Could not open the file at /tmp/rust_mozprofile47pKw0/search.json.mozlz4", (void 0)))
1652368332824	Marionette	INFO	Listening on port 39547
1652368332936	RemoteAgent	WARN	TLS certificate errors will be ignored for this session
1652368376927	geckodriver	INFO	Listening on 127.0.0.1:58827
1652368377936	mozrunner::runner	INFO	Running command: "/usr/bin/firefox" "--marionette" "-no-remote" "-profile" "/tmp/rust_mozprofileSgDLA0"
ATTENTION: default value of option mesa_glthread overridden by environment.
ATTENTION: default value of option mesa_glthread overridden by environment.
ATTENTION: default value of option mesa_glthread overridden by environment.
ATTENTION: default value of option mesa_glthread overridden by environment.
1652368378649	Marionette	INFO	Marionette enabled
console.warn: SearchSettings: "get: No settings file exists, new profile?" (new NotFoundError("Could not open the file at /tmp/rust_mozprofileSgDLA0/search.json.mozlz4", (void 0)))
1652368379625	Marionette	INFO	Listening on port 42643
1652368379664	RemoteAgent	WARN	TLS certificate errors will be ignored for this session
Exiting due to channel error.
Exiting due to channel error.
1652368556492	geckodriver	INFO	Listening on 127.0.0.1:47721
1652368557494	mozrunner::runner	INFO	Running command: "/usr/bin/firefox" "--marionette" "-no-remote" "-profile" "/tmp/rust_mozprofileLUapv0"
ATTENTION: default value of option mesa_glthread overridden by environment.
ATTENTION: default value of option mesa_glthread overridden by environment.
ATTENTION: default value of option mesa_glthread overridden by environment.
ATTENTION: default value of option mesa_glthread overridden by environment.
1652368558330	Marionette	INFO	Marionette enabled
console.warn: SearchSettings: "get: No settings file exists, new profile?" (new NotFoundError("Could not open the file at /tmp/rust_mozprofileLUapv0/search.json.mozlz4", (void 0)))
1652368559998	Marionette	INFO	Listening on port 36485
1652368560105	RemoteAgent	WARN	TLS certificate errors will be ignored for this session
1652368643578	geckodriver	INFO	Listening on 127.0.0.1:43793
1652368644588	mozrunner::runner	INFO	Running command: "/usr/bin/firefox" "--marionette" "-no-remote" "-profile" "/tmp/rust_mozprofileVUjHih"
ATTENTION: default value of option mesa_glthread overridden by environment.
ATTENTION: default value of option mesa_glthread overridden by environment.
ATTENTION: default value of option mesa_glthread overridden by environment.
ATTENTION: default value of option mesa_glthread overridden by environment.
1652368645553	Marionette	INFO	Marionette enabled
console.warn: SearchSettings: "get: No settings file exists, new profile?" (new NotFoundError("Could not open the file at /tmp/rust_mozprofileVUjHih/search.json.mozlz4", (void 0)))
console.error: Region.jsm: "Error fetching region" (new AbortError("The operation was aborted. ", (void 0), 770))
console.error: Region.jsm: "Failed to fetch region" (new Error("NO_RESULT", "resource://gre/modules/Region.jsm", 419))
Exiting due to channel error.
Exiting due to channel error.
1652368777267	addons.xpi	ERROR	System addon update list error Error: Failed downloading XML, status: 0, reason: error
1652368896011	geckodriver	INFO	Listening on 127.0.0.1:43387
1652368897017	mozrunner::runner	INFO	Running command: "/usr/bin/firefox" "--marionette" "-no-remote" "-profile" "/tmp/rust_mozprofileK8ZYpS"
ATTENTION: default value of option mesa_glthread overridden by environment.
ATTENTION: default value of option mesa_glthread overridden by environment.
ATTENTION: default value of option mesa_glthread overridden by environment.
ATTENTION: default value of option mesa_glthread overridden by environment.
1652368897767	Marionette	INFO	Marionette enabled
console.warn: SearchSettings: "get: No settings file exists, new profile?" (new NotFoundError("Could not open the file at /tmp/rust_mozprofileK8ZYpS/search.json.mozlz4", (void 0)))
1652368898841	Marionette	INFO	Listening on port 39023
1652368898933	RemoteAgent	WARN	TLS certificate errors will be ignored for this session
console.warn: LoginRecipes: "getRecipes: falling back to a synchronous message for:" "https://orcid.org"
console.warn: LoginRecipes: "getRecipes: falling back to a synchronous message for:" "https://orcid.org"
JavaScript error: resource://gre/modules/LoginManagerParent.jsm, line 136: TypeError: gRecipeManager is null
1652368919257	Marionette	INFO	Stopped listening on port 39023

###!!! [Parent][PImageBridgeParent] Error: RunMessage(msgname=PImageBridge::Msg_WillClose) Channel closing: too late to send/recv, messages will be lost

1652369332610	Marionette	INFO	Stopped listening on port 45571
Sandbox: Unexpected EOF, op 0 flags 00 path /proc/cpuinfo
1652369334048	Marionette	INFO	Stopped listening on port 39547
Sandbox: Unexpected EOF, op 0 flags 00 path /proc/cpuinfo
1652369335072	Marionette	INFO	Stopped listening on port 36485
JavaScript error: chrome://remote/content/marionette/cert.js, line 55: NS_ERROR_NOT_AVAILABLE: Component returned failure code: 0x80040111 (NS_ERROR_NOT_AVAILABLE) [nsICertOverrideService.setDisableAllSecurityChecksAndLetAttackersInterceptMyData]

###!!! [Parent][PImageBridgeParent] Error: RunMessage(msgname=PImageBridge::Msg_WillClose) Channel closing: too late to send/recv, messages will be lost

1652369782298	geckodriver	INFO	Listening on 127.0.0.1:56793
1652369783305	mozrunner::runner	INFO	Running command: "/usr/bin/firefox" "--marionette" "-no-remote" "-profile" "/tmp/rust_mozprofileC3UptO"
ATTENTION: default value of option mesa_glthread overridden by environment.
ATTENTION: default value of option mesa_glthread overridden by environment.
ATTENTION: default value of option mesa_glthread overridden by environment.
ATTENTION: default value of option mesa_glthread overridden by environment.
1652369783909	Marionette	INFO	Marionette enabled
console.warn: SearchSettings: "get: No settings file exists, new profile?" (new NotFoundError("Could not open the file at /tmp/rust_mozprofileC3UptO/search.json.mozlz4", (void 0)))
1652369784864	Marionette	INFO	Listening on port 33575
1652369784937	RemoteAgent	WARN	TLS certificate errors will be ignored for this session
console.warn: LoginRecipes: "getRecipes: falling back to a synchronous message for:" "https://orcid.org"
console.warn: LoginRecipes: "getRecipes: falling back to a synchronous message for:" "https://orcid.org"
JavaScript error: resource://gre/modules/LoginManagerParent.jsm, line 136: TypeError: gRecipeManager is null
1652369790670	Marionette	INFO	Stopped listening on port 33575

###!!! [Parent][PImageBridgeParent] Error: RunMessage(msgname=PImageBridge::Msg_WillClose) Channel closing: too late to send/recv, messages will be lost

Sandbox: Unexpected EOF, op 0 flags 00 path /proc/cpuinfo
1652369831773	geckodriver	INFO	Listening on 127.0.0.1:59159
1652369831775	mozrunner::runner	INFO	Running command: "/usr/bin/firefox" "--marionette" "-no-remote" "-profile" "/tmp/rust_mozprofileXqGFTE"
ATTENTION: default value of option mesa_glthread overridden by environment.
ATTENTION: default value of option mesa_glthread overridden by environment.
ATTENTION: default value of option mesa_glthread overridden by environment.
ATTENTION: default value of option mesa_glthread overridden by environment.
1652369832342	Marionette	INFO	Marionette enabled
console.warn: SearchSettings: "get: No settings file exists, new profile?" (new NotFoundError("Could not open the file at /tmp/rust_mozprofileXqGFTE/search.json.mozlz4", (void 0)))
1652369833214	Marionette	INFO	Listening on port 46847
1652369833297	RemoteAgent	WARN	TLS certificate errors will be ignored for this session
console.warn: LoginRecipes: "getRecipes: falling back to a synchronous message for:" "https://orcid.org"
console.warn: LoginRecipes: "getRecipes: falling back to a synchronous message for:" "https://orcid.org"
JavaScript error: resource://gre/modules/LoginManagerParent.jsm, line 136: TypeError: gRecipeManager is null
1652369838400	Marionette	INFO	Stopped listening on port 46847

###!!! [Child][PContentChild] Error: RunMessage(msgname=PHttpChannel::Msg_DeleteSelf) Channel closing: too late to send/recv, messages will be lost


###!!! [Parent][PContentParent] Error: Send(msgname=PContent::Msg_DestroyBrowsingContextGroup) Closed channel: cannot send/recv


###!!! [Parent][PImageBridgeParent] Error: RunMessage(msgname=PImageBridge::Msg_WillClose) Channel closing: too late to send/recv, messages will be lost

1652369954883	geckodriver	INFO	Listening on 127.0.0.1:47695
1652369955889	mozrunner::runner	INFO	Running command: "/usr/bin/firefox" "--marionette" "-no-remote" "-profile" "/tmp/rust_mozprofile0qq0r7"
ATTENTION: default value of option mesa_glthread overridden by environment.
ATTENTION: default value of option mesa_glthread overridden by environment.
ATTENTION: default value of option mesa_glthread overridden by environment.
ATTENTION: default value of option mesa_glthread overridden by environment.
1652369956626	Marionette	INFO	Marionette enabled
console.warn: SearchSettings: "get: No settings file exists, new profile?" (new NotFoundError("Could not open the file at /tmp/rust_mozprofile0qq0r7/search.json.mozlz4", (void 0)))
1652369957688	Marionette	INFO	Listening on port 38379
1652369957714	RemoteAgent	WARN	TLS certificate errors will be ignored for this session
1652369993266	geckodriver	INFO	Listening on 127.0.0.1:60239
1652369993269	mozrunner::runner	INFO	Running command: "/usr/bin/firefox" "--marionette" "-no-remote" "-profile" "/tmp/rust_mozprofileSgwK8Q"
ATTENTION: default value of option mesa_glthread overridden by environment.
ATTENTION: default value of option mesa_glthread overridden by environment.
ATTENTION: default value of option mesa_glthread overridden by environment.
ATTENTION: default value of option mesa_glthread overridden by environment.
1652369993901	Marionette	INFO	Marionette enabled
console.warn: SearchSettings: "get: No settings file exists, new profile?" (new NotFoundError("Could not open the file at /tmp/rust_mozprofileSgwK8Q/search.json.mozlz4", (void 0)))
1652369994951	Marionette	INFO	Listening on port 40355
1652369994993	RemoteAgent	WARN	TLS certificate errors will be ignored for this session
1652370050135	geckodriver	INFO	Listening on 127.0.0.1:45957
1652370051142	mozrunner::runner	INFO	Running command: "/usr/bin/firefox" "--marionette" "-no-remote" "-profile" "/tmp/rust_mozprofileR5Xi4c"
ATTENTION: default value of option mesa_glthread overridden by environment.
ATTENTION: default value of option mesa_glthread overridden by environment.
ATTENTION: default value of option mesa_glthread overridden by environment.
ATTENTION: default value of option mesa_glthread overridden by environment.
1652370051765	Marionette	INFO	Marionette enabled
console.warn: SearchSettings: "get: No settings file exists, new profile?" (new NotFoundError("Could not open the file at /tmp/rust_mozprofileR5Xi4c/search.json.mozlz4", (void 0)))
1652370053090	Marionette	INFO	Listening on port 38469
1652370053171	RemoteAgent	WARN	TLS certificate errors will be ignored for this session
Exiting due to channel error.
Exiting due to channel error.
Exiting due to channel error.
Exiting due to channel error.
Exiting due to channel error.
1652370239210	geckodriver	INFO	Listening on 127.0.0.1:60809
1652370240214	mozrunner::runner	INFO	Running command: "/usr/bin/firefox" "--marionette" "-no-remote" "-profile" "/tmp/rust_mozprofileEA5wam"
ATTENTION: default value of option mesa_glthread overridden by environment.
ATTENTION: default value of option mesa_glthread overridden by environment.
ATTENTION: default value of option mesa_glthread overridden by environment.
ATTENTION: default value of option mesa_glthread overridden by environment.
1652370240838	Marionette	INFO	Marionette enabled
console.warn: SearchSettings: "get: No settings file exists, new profile?" (new NotFoundError("Could not open the file at /tmp/rust_mozprofileEA5wam/search.json.mozlz4", (void 0)))
1652370241831	Marionette	INFO	Listening on port 46429
1652370241937	RemoteAgent	WARN	TLS certificate errors will be ignored for this session
Exiting due to channel error.
Exiting due to channel error.
Exiting due to channel error.
Exiting due to channel error.
Exiting due to channel error.
1652370265488	geckodriver	INFO	Listening on 127.0.0.1:42191
1652370266492	mozrunner::runner	INFO	Running command: "/usr/bin/firefox" "--marionette" "-no-remote" "-profile" "/tmp/rust_mozprofilee4BSRR"
ATTENTION: default value of option mesa_glthread overridden by environment.
ATTENTION: default value of option mesa_glthread overridden by environment.
ATTENTION: default value of option mesa_glthread overridden by environment.
ATTENTION: default value of option mesa_glthread overridden by environment.
1652370267088	Marionette	INFO	Marionette enabled
console.warn: SearchSettings: "get: No settings file exists, new profile?" (new NotFoundError("Could not open the file at /tmp/rust_mozprofilee4BSRR/search.json.mozlz4", (void 0)))
1652370268015	Marionette	INFO	Listening on port 33017
1652370268107	RemoteAgent	WARN	TLS certificate errors will be ignored for this session
console.warn: LoginRecipes: "getRecipes: falling back to a synchronous message for:" "https://orcid.org"
console.warn: LoginRecipes: "getRecipes: falling back to a synchronous message for:" "https://orcid.org"
JavaScript error: resource://gre/modules/LoginManagerParent.jsm, line 136: TypeError: gRecipeManager is null
Exiting due to channel error.
Exiting due to channel error.
Exiting due to channel error.
Exiting due to channel error.
Exiting due to channel error.
Exiting due to channel error.
1652370295212	geckodriver	INFO	Listening on 127.0.0.1:60455
1652370295215	mozrunner::runner	INFO	Running command: "/usr/bin/firefox" "--marionette" "-no-remote" "-profile" "/tmp/rust_mozprofilerIY10w"
ATTENTION: default value of option mesa_glthread overridden by environment.
ATTENTION: default value of option mesa_glthread overridden by environment.
ATTENTION: default value of option mesa_glthread overridden by environment.
ATTENTION: default value of option mesa_glthread overridden by environment.
1652370295780	Marionette	INFO	Marionette enabled
console.warn: SearchSettings: "get: No settings file exists, new profile?" (new NotFoundError("Could not open the file at /tmp/rust_mozprofilerIY10w/search.json.mozlz4", (void 0)))
1652370296679	Marionette	INFO	Listening on port 44727
1652370296738	RemoteAgent	WARN	TLS certificate errors will be ignored for this session
1652370320026	geckodriver	INFO	Listening on 127.0.0.1:40119
1652370320029	mozrunner::runner	INFO	Running command: "/usr/bin/firefox" "--marionette" "-no-remote" "-profile" "/tmp/rust_mozprofileJdNQxE"
ATTENTION: default value of option mesa_glthread overridden by environment.
ATTENTION: default value of option mesa_glthread overridden by environment.
ATTENTION: default value of option mesa_glthread overridden by environment.
ATTENTION: default value of option mesa_glthread overridden by environment.
1652370320616	Marionette	INFO	Marionette enabled
console.warn: SearchSettings: "get: No settings file exists, new profile?" (new NotFoundError("Could not open the file at /tmp/rust_mozprofileJdNQxE/search.json.mozlz4", (void 0)))
1652370321707	Marionette	INFO	Listening on port 38581
1652370321744	RemoteAgent	WARN	TLS certificate errors will be ignored for this session
console.warn: LoginRecipes: "getRecipes: falling back to a synchronous message for:" "https://orcid.org"
console.warn: LoginRecipes: "getRecipes: falling back to a synchronous message for:" "https://orcid.org"
JavaScript error: resource://gre/modules/LoginManagerParent.jsm, line 136: TypeError: gRecipeManager is null
Exiting due to channel error.
Exiting due to channel error.
1652370495268	geckodriver	INFO	Listening on 127.0.0.1:47495
1652370496275	mozrunner::runner	INFO	Running command: "/usr/bin/firefox" "--marionette" "-no-remote" "-profile" "/tmp/rust_mozprofilehyWM0G"
ATTENTION: default value of option mesa_glthread overridden by environment.
ATTENTION: default value of option mesa_glthread overridden by environment.
ATTENTION: default value of option mesa_glthread overridden by environment.
ATTENTION: default value of option mesa_glthread overridden by environment.
1652370496987	Marionette	INFO	Marionette enabled
console.warn: SearchSettings: "get: No settings file exists, new profile?" (new NotFoundError("Could not open the file at /tmp/rust_mozprofilehyWM0G/search.json.mozlz4", (void 0)))
1652370498222	Marionette	INFO	Listening on port 38019
1652370498308	RemoteAgent	WARN	TLS certificate errors will be ignored for this session
console.warn: LoginRecipes: "getRecipes: falling back to a synchronous message for:" "https://orcid.org"
console.warn: LoginRecipes: "getRecipes: falling back to a synchronous message for:" "https://orcid.org"
JavaScript error: resource://gre/modules/LoginManagerParent.jsm, line 136: TypeError: gRecipeManager is null
1652370539497	Marionette	INFO	Stopped listening on port 38019

###!!! [Parent][PImageBridgeParent] Error: RunMessage(msgname=PImageBridge::Msg_WillClose) Channel closing: too late to send/recv, messages will be lost

Sandbox: Unexpected EOF, op 0 flags 00 path /proc/cpuinfo
1652370575860	geckodriver	INFO	Listening on 127.0.0.1:58541
1652370576869	mozrunner::runner	INFO	Running command: "/usr/bin/firefox" "--marionette" "-no-remote" "-profile" "/tmp/rust_mozprofileVMFC4u"
ATTENTION: default value of option mesa_glthread overridden by environment.
ATTENTION: default value of option mesa_glthread overridden by environment.
ATTENTION: default value of option mesa_glthread overridden by environment.
ATTENTION: default value of option mesa_glthread overridden by environment.
1652370577522	Marionette	INFO	Marionette enabled
console.warn: SearchSettings: "get: No settings file exists, new profile?" (new NotFoundError("Could not open the file at /tmp/rust_mozprofileVMFC4u/search.json.mozlz4", (void 0)))
1652370578772	Marionette	INFO	Listening on port 36031
1652370578799	RemoteAgent	WARN	TLS certificate errors will be ignored for this session
console.warn: LoginRecipes: "getRecipes: falling back to a synchronous message for:" "https://orcid.org"
console.warn: LoginRecipes: "getRecipes: falling back to a synchronous message for:" "https://orcid.org"
JavaScript error: resource://gre/modules/LoginManagerParent.jsm, line 136: TypeError: gRecipeManager is null
1652370588444	Marionette	INFO	Stopped listening on port 36031

###!!! [Parent][PImageBridgeParent] Error: RunMessage(msgname=PImageBridge::Msg_WillClose) Channel closing: too late to send/recv, messages will be lost

1652370652640	geckodriver	INFO	Listening on 127.0.0.1:37503
1652370653649	mozrunner::runner	INFO	Running command: "/usr/bin/firefox" "--marionette" "-no-remote" "-profile" "/tmp/rust_mozprofileLZoBa6"
ATTENTION: default value of option mesa_glthread overridden by environment.
ATTENTION: default value of option mesa_glthread overridden by environment.
ATTENTION: default value of option mesa_glthread overridden by environment.
ATTENTION: default value of option mesa_glthread overridden by environment.
1652370654244	Marionette	INFO	Marionette enabled
console.warn: SearchSettings: "get: No settings file exists, new profile?" (new NotFoundError("Could not open the file at /tmp/rust_mozprofileLZoBa6/search.json.mozlz4", (void 0)))
1652370655374	Marionette	INFO	Listening on port 36205
1652370655471	RemoteAgent	WARN	TLS certificate errors will be ignored for this session
console.warn: LoginRecipes: "getRecipes: falling back to a synchronous message for:" "https://orcid.org"
console.warn: LoginRecipes: "getRecipes: falling back to a synchronous message for:" "https://orcid.org"
JavaScript error: resource://gre/modules/LoginManagerParent.jsm, line 136: TypeError: gRecipeManager is null
1652370661401	Marionette	INFO	Stopped listening on port 36205

###!!! [Parent][PImageBridgeParent] Error: RunMessage(msgname=PImageBridge::Msg_WillClose) Channel closing: too late to send/recv, messages will be lost

1652370703710	geckodriver	INFO	Listening on 127.0.0.1:44165
1652370704726	mozrunner::runner	INFO	Running command: "/usr/bin/firefox" "--marionette" "-no-remote" "-profile" "/tmp/rust_mozprofile19NCn2"
ATTENTION: default value of option mesa_glthread overridden by environment.
ATTENTION: default value of option mesa_glthread overridden by environment.
ATTENTION: default value of option mesa_glthread overridden by environment.
ATTENTION: default value of option mesa_glthread overridden by environment.
1652370705348	Marionette	INFO	Marionette enabled
console.warn: SearchSettings: "get: No settings file exists, new profile?" (new NotFoundError("Could not open the file at /tmp/rust_mozprofile19NCn2/search.json.mozlz4", (void 0)))
1652370706302	Marionette	INFO	Listening on port 37177
1652370706345	RemoteAgent	WARN	TLS certificate errors will be ignored for this session
console.warn: LoginRecipes: "getRecipes: falling back to a synchronous message for:" "https://orcid.org"
console.warn: LoginRecipes: "getRecipes: falling back to a synchronous message for:" "https://orcid.org"
JavaScript error: resource://gre/modules/LoginManagerParent.jsm, line 136: TypeError: gRecipeManager is null
1652370711326	Marionette	INFO	Stopped listening on port 37177

###!!! [Parent][PImageBridgeParent] Error: RunMessage(msgname=PImageBridge::Msg_WillClose) Channel closing: too late to send/recv, messages will be lost

1652370830672	geckodriver	INFO	Listening on 127.0.0.1:53059
1652370830675	mozrunner::runner	INFO	Running command: "/usr/bin/firefox" "--marionette" "-no-remote" "-profile" "/tmp/rust_mozprofileROSZVe"
ATTENTION: default value of option mesa_glthread overridden by environment.
ATTENTION: default value of option mesa_glthread overridden by environment.
ATTENTION: default value of option mesa_glthread overridden by environment.
ATTENTION: default value of option mesa_glthread overridden by environment.
1652370831279	Marionette	INFO	Marionette enabled
console.warn: SearchSettings: "get: No settings file exists, new profile?" (new NotFoundError("Could not open the file at /tmp/rust_mozprofileROSZVe/search.json.mozlz4", (void 0)))
1652370832300	Marionette	INFO	Listening on port 40105
1652370832389	RemoteAgent	WARN	TLS certificate errors will be ignored for this session
console.warn: LoginRecipes: "getRecipes: falling back to a synchronous message for:" "https://orcid.org"
console.warn: LoginRecipes: "getRecipes: falling back to a synchronous message for:" "https://orcid.org"
JavaScript error: resource://gre/modules/LoginManagerParent.jsm, line 136: TypeError: gRecipeManager is null
1652370837567	Marionette	INFO	Stopped listening on port 40105

###!!! [Parent][PImageBridgeParent] Error: RunMessage(msgname=PImageBridge::Msg_WillClose) Channel closing: too late to send/recv, messages will be lost

Sandbox: Unexpected EOF, op 0 flags 00 path /proc/cpuinfo
1652370872444	geckodriver	INFO	Listening on 127.0.0.1:52643
1652370873452	mozrunner::runner	INFO	Running command: "/usr/bin/firefox" "--marionette" "-no-remote" "-profile" "/tmp/rust_mozprofilejp1Ami"
ATTENTION: default value of option mesa_glthread overridden by environment.
ATTENTION: default value of option mesa_glthread overridden by environment.
ATTENTION: default value of option mesa_glthread overridden by environment.
ATTENTION: default value of option mesa_glthread overridden by environment.
1652370874105	Marionette	INFO	Marionette enabled
console.warn: SearchSettings: "get: No settings file exists, new profile?" (new NotFoundError("Could not open the file at /tmp/rust_mozprofilejp1Ami/search.json.mozlz4", (void 0)))
1652370875199	Marionette	INFO	Listening on port 38241
1652370875267	RemoteAgent	WARN	TLS certificate errors will be ignored for this session

###!!! [Child][PContentChild] Error: RunMessage(msgname=PContent::Msg_CommitBrowsingContextTransaction) Channel closing: too late to send/recv, messages will be lost

console.warn: LoginRecipes: "getRecipes: falling back to a synchronous message for:" "https://orcid.org"
console.warn: LoginRecipes: "getRecipes: falling back to a synchronous message for:" "https://orcid.org"
JavaScript error: resource://gre/modules/LoginManagerParent.jsm, line 136: TypeError: gRecipeManager is null
JavaScript error: http://127.0.0.1:8000/static/copo/js/dtol_functions.js, line 381: TypeError: data[d].date_created is undefined
1652370882544	Marionette	INFO	Stopped listening on port 38241

###!!! [Child][PContentChild] Error: RunMessage(msgname=PWebSocket::Msg_OnServerClose) Channel closing: too late to send/recv, messages will be lost


###!!! [Child][PContentChild] Error: RunMessage(msgname=PWebSocket::Msg_OnStop) Channel closing: too late to send/recv, messages will be lost

Sandbox: Unexpected EOF, op 0 flags 00 path /proc/cpuinfo
1652370938153	geckodriver	INFO	Listening on 127.0.0.1:56797
1652370939162	mozrunner::runner	INFO	Running command: "/usr/bin/firefox" "--marionette" "-no-remote" "-profile" "/tmp/rust_mozprofileTfFBOZ"
ATTENTION: default value of option mesa_glthread overridden by environment.
ATTENTION: default value of option mesa_glthread overridden by environment.
ATTENTION: default value of option mesa_glthread overridden by environment.
ATTENTION: default value of option mesa_glthread overridden by environment.
1652370939818	Marionette	INFO	Marionette enabled
console.warn: SearchSettings: "get: No settings file exists, new profile?" (new NotFoundError("Could not open the file at /tmp/rust_mozprofileTfFBOZ/search.json.mozlz4", (void 0)))
1652370940905	Marionette	INFO	Listening on port 34125
1652370940978	RemoteAgent	WARN	TLS certificate errors will be ignored for this session
console.warn: LoginRecipes: "getRecipes: falling back to a synchronous message for:" "https://orcid.org"
console.warn: LoginRecipes: "getRecipes: falling back to a synchronous message for:" "https://orcid.org"
JavaScript error: resource://gre/modules/LoginManagerParent.jsm, line 136: TypeError: gRecipeManager is null
JavaScript error: http://127.0.0.1:8000/static/copo/js/dtol_functions.js, line 381: TypeError: data[d].date_created is undefined
1652370947139	Marionette	INFO	Stopped listening on port 34125
1652371129617	geckodriver	INFO	Listening on 127.0.0.1:56881
1652371130633	mozrunner::runner	INFO	Running command: "/usr/bin/firefox" "--marionette" "-no-remote" "-profile" "/tmp/rust_mozprofileQzG88X"
ATTENTION: default value of option mesa_glthread overridden by environment.
ATTENTION: default value of option mesa_glthread overridden by environment.
ATTENTION: default value of option mesa_glthread overridden by environment.
ATTENTION: default value of option mesa_glthread overridden by environment.
1652371131236	Marionette	INFO	Marionette enabled
console.warn: SearchSettings: "get: No settings file exists, new profile?" (new NotFoundError("Could not open the file at /tmp/rust_mozprofileQzG88X/search.json.mozlz4", (void 0)))
1652371132486	Marionette	INFO	Listening on port 45549
1652371132557	RemoteAgent	WARN	TLS certificate errors will be ignored for this session
console.warn: LoginRecipes: "getRecipes: falling back to a synchronous message for:" "https://orcid.org"
console.warn: LoginRecipes: "getRecipes: falling back to a synchronous message for:" "https://orcid.org"
JavaScript error: resource://gre/modules/LoginManagerParent.jsm, line 136: TypeError: gRecipeManager is null
JavaScript error: http://127.0.0.1:8000/static/copo/js/dtol_functions.js, line 381: TypeError: data[d].date_created is undefined
1652371228547	Marionette	INFO	Stopped listening on port 45549

###!!! [Parent][PImageBridgeParent] Error: RunMessage(msgname=PImageBridge::Msg_WillClose) Channel closing: too late to send/recv, messages will be lost

1652371508807	geckodriver	INFO	Listening on 127.0.0.1:36845
1652371509822	mozrunner::runner	INFO	Running command: "/usr/bin/firefox" "--marionette" "-no-remote" "-profile" "/tmp/rust_mozprofileIystxx"
ATTENTION: default value of option mesa_glthread overridden by environment.
ATTENTION: default value of option mesa_glthread overridden by environment.
ATTENTION: default value of option mesa_glthread overridden by environment.
ATTENTION: default value of option mesa_glthread overridden by environment.
1652371510507	Marionette	INFO	Marionette enabled
console.warn: SearchSettings: "get: No settings file exists, new profile?" (new NotFoundError("Could not open the file at /tmp/rust_mozprofileIystxx/search.json.mozlz4", (void 0)))
1652371511736	Marionette	INFO	Listening on port 44701
1652371511846	RemoteAgent	WARN	TLS certificate errors will be ignored for this session
console.warn: LoginRecipes: "getRecipes: falling back to a synchronous message for:" "https://orcid.org"
console.warn: LoginRecipes: "getRecipes: falling back to a synchronous message for:" "https://orcid.org"
JavaScript error: resource://gre/modules/LoginManagerParent.jsm, line 136: TypeError: gRecipeManager is null
JavaScript error: http://127.0.0.1:8000/static/copo/js/dtol_functions.js, line 381: TypeError: data[d].date_created is undefined
1652371522804	Marionette	INFO	Stopped listening on port 44701

###!!! [Parent][PImageBridgeParent] Error: RunMessage(msgname=PImageBridge::Msg_WillClose) Channel closing: too late to send/recv, messages will be lost

Sandbox: Unexpected EOF, op 0 flags 00 path /proc/cpuinfo
1652371828598	geckodriver	INFO	Listening on 127.0.0.1:54595
1652371829615	mozrunner::runner	INFO	Running command: "/usr/bin/firefox" "--marionette" "-no-remote" "-profile" "/tmp/rust_mozprofileKWbGrO"
ATTENTION: default value of option mesa_glthread overridden by environment.
ATTENTION: default value of option mesa_glthread overridden by environment.
ATTENTION: default value of option mesa_glthread overridden by environment.
ATTENTION: default value of option mesa_glthread overridden by environment.
1652371830297	Marionette	INFO	Marionette enabled
console.warn: SearchSettings: "get: No settings file exists, new profile?" (new NotFoundError("Could not open the file at /tmp/rust_mozprofileKWbGrO/search.json.mozlz4", (void 0)))
1652371831514	Marionette	INFO	Listening on port 33295
1652371831546	RemoteAgent	WARN	TLS certificate errors will be ignored for this session
console.warn: LoginRecipes: "getRecipes: falling back to a synchronous message for:" "https://orcid.org"
console.warn: LoginRecipes: "getRecipes: falling back to a synchronous message for:" "https://orcid.org"
JavaScript error: resource://gre/modules/LoginManagerParent.jsm, line 136: TypeError: gRecipeManager is null
JavaScript error: http://127.0.0.1:8000/static/copo/js/dtol_functions.js, line 381: TypeError: data[d].date_created is undefined
1652371843797	Marionette	INFO	Stopped listening on port 33295
Sandbox: Unexpected EOF, op 0 flags 00 path /proc/cpuinfo
1652371873293	geckodriver	INFO	Listening on 127.0.0.1:46699
1652371874297	mozrunner::runner	INFO	Running command: "/usr/bin/firefox" "--marionette" "-no-remote" "-profile" "/tmp/rust_mozprofilekfpJqG"
ATTENTION: default value of option mesa_glthread overridden by environment.
ATTENTION: default value of option mesa_glthread overridden by environment.
ATTENTION: default value of option mesa_glthread overridden by environment.
ATTENTION: default value of option mesa_glthread overridden by environment.
1652371874930	Marionette	INFO	Marionette enabled
console.warn: SearchSettings: "get: No settings file exists, new profile?" (new NotFoundError("Could not open the file at /tmp/rust_mozprofilekfpJqG/search.json.mozlz4", (void 0)))
1652371876128	Marionette	INFO	Listening on port 34755
1652371876231	RemoteAgent	WARN	TLS certificate errors will be ignored for this session
console.warn: LoginRecipes: "getRecipes: falling back to a synchronous message for:" "https://orcid.org"
console.warn: LoginRecipes: "getRecipes: falling back to a synchronous message for:" "https://orcid.org"
JavaScript error: resource://gre/modules/LoginManagerParent.jsm, line 136: TypeError: gRecipeManager is null
JavaScript error: http://127.0.0.1:8000/static/copo/js/dtol_functions.js, line 381: TypeError: data[d].date_created is undefined
1652371908336	Marionette	INFO	Stopped listening on port 34755

###!!! [Parent][PImageBridgeParent] Error: RunMessage(msgname=PImageBridge::Msg_WillClose) Channel closing: too late to send/recv, messages will be lost

Sandbox: Unexpected EOF, op 0 flags 00 path /proc/cpuinfo
1652371971336	geckodriver	INFO	Listening on 127.0.0.1:58501
1652371972344	mozrunner::runner	INFO	Running command: "/usr/bin/firefox" "--marionette" "-no-remote" "-profile" "/tmp/rust_mozprofileGyYtig"
ATTENTION: default value of option mesa_glthread overridden by environment.
ATTENTION: default value of option mesa_glthread overridden by environment.
ATTENTION: default value of option mesa_glthread overridden by environment.
ATTENTION: default value of option mesa_glthread overridden by environment.
1652371972989	Marionette	INFO	Marionette enabled
console.warn: SearchSettings: "get: No settings file exists, new profile?" (new NotFoundError("Could not open the file at /tmp/rust_mozprofileGyYtig/search.json.mozlz4", (void 0)))
1652371974273	Marionette	INFO	Listening on port 36673
1652371974376	RemoteAgent	WARN	TLS certificate errors will be ignored for this session
console.warn: LoginRecipes: "getRecipes: falling back to a synchronous message for:" "https://orcid.org"
console.warn: LoginRecipes: "getRecipes: falling back to a synchronous message for:" "https://orcid.org"
JavaScript error: resource://gre/modules/LoginManagerParent.jsm, line 136: TypeError: gRecipeManager is null
JavaScript error: http://127.0.0.1:8000/static/copo/js/dtol_functions.js, line 381: TypeError: data[d].date_created is undefined
1652372014540	Marionette	INFO	Stopped listening on port 36673

###!!! [Parent][PImageBridgeParent] Error: RunMessage(msgname=PImageBridge::Msg_WillClose) Channel closing: too late to send/recv, messages will be lost

1652372197368	geckodriver	INFO	Listening on 127.0.0.1:42825
1652372198373	mozrunner::runner	INFO	Running command: "/usr/bin/firefox" "--marionette" "-no-remote" "-profile" "/tmp/rust_mozprofile2AHP1Y"
ATTENTION: default value of option mesa_glthread overridden by environment.
ATTENTION: default value of option mesa_glthread overridden by environment.
ATTENTION: default value of option mesa_glthread overridden by environment.
ATTENTION: default value of option mesa_glthread overridden by environment.
1652372199166	Marionette	INFO	Marionette enabled
console.warn: SearchSettings: "get: No settings file exists, new profile?" (new NotFoundError("Could not open the file at /tmp/rust_mozprofile2AHP1Y/search.json.mozlz4", (void 0)))
1652372200322	Marionette	INFO	Listening on port 35159
1652372200389	RemoteAgent	WARN	TLS certificate errors will be ignored for this session
1652372405778	geckodriver	INFO	Listening on 127.0.0.1:43785
1652372406784	mozrunner::runner	INFO	Running command: "/usr/bin/firefox" "--marionette" "-no-remote" "-profile" "/tmp/rust_mozprofilezfltgm"
ATTENTION: default value of option mesa_glthread overridden by environment.
ATTENTION: default value of option mesa_glthread overridden by environment.
ATTENTION: default value of option mesa_glthread overridden by environment.
ATTENTION: default value of option mesa_glthread overridden by environment.
1652372407598	Marionette	INFO	Marionette enabled
console.warn: SearchSettings: "get: No settings file exists, new profile?" (new NotFoundError("Could not open the file at /tmp/rust_mozprofilezfltgm/search.json.mozlz4", (void 0)))
1652372408608	Marionette	INFO	Listening on port 38529
1652372408701	RemoteAgent	WARN	TLS certificate errors will be ignored for this session
console.warn: LoginRecipes: "getRecipes: falling back to a synchronous message for:" "https://orcid.org"
console.warn: LoginRecipes: "getRecipes: falling back to a synchronous message for:" "https://orcid.org"
JavaScript error: resource://gre/modules/LoginManagerParent.jsm, line 136: TypeError: gRecipeManager is null
JavaScript error: http://127.0.0.1:8000/static/copo/js/dtol_functions.js, line 381: TypeError: data[d].date_created is undefined
1652372420343	Marionette	INFO	Stopped listening on port 38529

###!!! [Parent][PImageBridgeParent] Error: RunMessage(msgname=PImageBridge::Msg_WillClose) Channel closing: too late to send/recv, messages will be lost

Sandbox: Unexpected EOF, op 0 flags 00 path /proc/cpuinfo
1652372469241	geckodriver	INFO	Listening on 127.0.0.1:36111
1652372470249	mozrunner::runner	INFO	Running command: "/usr/bin/firefox" "--marionette" "-no-remote" "-profile" "/tmp/rust_mozprofileJ82KKQ"
ATTENTION: default value of option mesa_glthread overridden by environment.
ATTENTION: default value of option mesa_glthread overridden by environment.
ATTENTION: default value of option mesa_glthread overridden by environment.
ATTENTION: default value of option mesa_glthread overridden by environment.
1652372470945	Marionette	INFO	Marionette enabled
console.warn: SearchSettings: "get: No settings file exists, new profile?" (new NotFoundError("Could not open the file at /tmp/rust_mozprofileJ82KKQ/search.json.mozlz4", (void 0)))
1652372472261	Marionette	INFO	Listening on port 38919
1652372472371	RemoteAgent	WARN	TLS certificate errors will be ignored for this session
console.warn: LoginRecipes: "getRecipes: falling back to a synchronous message for:" "https://orcid.org"
console.warn: LoginRecipes: "getRecipes: falling back to a synchronous message for:" "https://orcid.org"
JavaScript error: resource://gre/modules/LoginManagerParent.jsm, line 136: TypeError: gRecipeManager is null
JavaScript error: http://127.0.0.1:8000/static/copo/js/dtol_functions.js, line 381: TypeError: data[d].date_created is undefined
1652372483832	Marionette	INFO	Stopped listening on port 38919

###!!! [Parent][PImageBridgeParent] Error: RunMessage(msgname=PImageBridge::Msg_WillClose) Channel closing: too late to send/recv, messages will be lost

Sandbox: Unexpected EOF, op 0 flags 00 path /proc/cpuinfo
Gdk-Message: 16:31:37.540: firefox: Fatal IO error 11 (Resource temporarily unavailable) on X server :0.

Gdk-Message: 16:31:37.541: firefox: Fatal IO error 11 (Resource temporarily unavailable) on X server :0.

Gdk-Message: 16:31:37.544: firefox: Fatal IO error 11 (Resource temporarily unavailable) on X server :0.

Gdk-Message: 16:31:37.585: firefox: Fatal IO error 0 (Success) on X server :0.

Exiting due to channel error.
Exiting due to channel error.
Exiting due to channel error.
Exiting due to channel error.
Exiting due to channel error.
Exiting due to channel error.
Exiting due to channel error.
Exiting due to channel error.
Exiting due to channel error.
Exiting due to channel error.
Exiting due to channel error.
1652430424774	geckodriver	INFO	Listening on 127.0.0.1:34567
1652430425776	mozrunner::runner	INFO	Running command: "/usr/bin/firefox" "--marionette" "-no-remote" "-profile" "/tmp/rust_mozprofile6rSxEl"
ATTENTION: default value of option mesa_glthread overridden by environment.
ATTENTION: default value of option mesa_glthread overridden by environment.
ATTENTION: default value of option mesa_glthread overridden by environment.
ATTENTION: default value of option mesa_glthread overridden by environment.
1652430426525	Marionette	INFO	Marionette enabled
console.warn: SearchSettings: "get: No settings file exists, new profile?" (new NotFoundError("Could not open the file at /tmp/rust_mozprofile6rSxEl/search.json.mozlz4", (void 0)))
1652430427890	Marionette	INFO	Listening on port 44911
1652430427995	RemoteAgent	WARN	TLS certificate errors will be ignored for this session
1652430428118	Marionette	WARN	Ignoring event 'pageshow' because document has an invalid readyState of 'uninitialized'.
1652430428238	Marionette	INFO	Stopped listening on port 44911
console.error: services.settings: 
  main/query-stripping Signature failed  TypeError: NetworkError: Network request failed
1652430472405	geckodriver	INFO	Listening on 127.0.0.1:60375
1652430472407	mozrunner::runner	INFO	Running command: "/usr/bin/firefox" "--marionette" "-no-remote" "-profile" "/tmp/rust_mozprofileiCX2Je"
ATTENTION: default value of option mesa_glthread overridden by environment.
ATTENTION: default value of option mesa_glthread overridden by environment.
ATTENTION: default value of option mesa_glthread overridden by environment.
ATTENTION: default value of option mesa_glthread overridden by environment.
1652430473030	Marionette	INFO	Marionette enabled
console.warn: SearchSettings: "get: No settings file exists, new profile?" (new NotFoundError("Could not open the file at /tmp/rust_mozprofileiCX2Je/search.json.mozlz4", (void 0)))
1652430474060	Marionette	INFO	Listening on port 40235
1652430474128	RemoteAgent	WARN	TLS certificate errors will be ignored for this session
console.warn: LoginRecipes: "getRecipes: falling back to a synchronous message for:" "https://orcid.org"
console.warn: LoginRecipes: "getRecipes: falling back to a synchronous message for:" "https://orcid.org"
JavaScript error: resource://gre/modules/LoginManagerParent.jsm, line 136: TypeError: gRecipeManager is null
JavaScript error: http://127.0.0.1:8000/static/copo/js/dtol_functions.js, line 381: TypeError: data[d].date_created is undefined
1652430491964	Marionette	INFO	Stopped listening on port 40235
Sandbox: Unexpected EOF, op 0 flags 00 path /proc/cpuinfo
1652430694048	geckodriver	INFO	Listening on 127.0.0.1:44493
1652430695055	mozrunner::runner	INFO	Running command: "/usr/bin/firefox" "--marionette" "-no-remote" "-profile" "/tmp/rust_mozprofileVJwVOc"
ATTENTION: default value of option mesa_glthread overridden by environment.
ATTENTION: default value of option mesa_glthread overridden by environment.
ATTENTION: default value of option mesa_glthread overridden by environment.
ATTENTION: default value of option mesa_glthread overridden by environment.
1652430695690	Marionette	INFO	Marionette enabled
console.warn: SearchSettings: "get: No settings file exists, new profile?" (new NotFoundError("Could not open the file at /tmp/rust_mozprofileVJwVOc/search.json.mozlz4", (void 0)))
1652430696816	Marionette	INFO	Listening on port 39681
1652430696878	RemoteAgent	WARN	TLS certificate errors will be ignored for this session
console.warn: LoginRecipes: "getRecipes: falling back to a synchronous message for:" "https://orcid.org"
console.warn: LoginRecipes: "getRecipes: falling back to a synchronous message for:" "https://orcid.org"
JavaScript error: resource://gre/modules/LoginManagerParent.jsm, line 136: TypeError: gRecipeManager is null
JavaScript error: http://127.0.0.1:8000/static/copo/js/dtol_functions.js, line 381: TypeError: data[d].date_created is undefined
1652430704331	Marionette	WARN	TimedPromise timed out after 500 ms: stacktrace:
TimedPromise/<@chrome://remote/content/marionette/sync.js:235:19
TimedPromise@chrome://remote/content/marionette/sync.js:220:10
interaction.flushEventLoop@chrome://remote/content/marionette/interaction.js:431:10
webdriverClickElement@chrome://remote/content/marionette/interaction.js:179:31
1652430724959	Marionette	INFO	Stopped listening on port 39681

###!!! [Parent][PImageBridgeParent] Error: RunMessage(msgname=PImageBridge::Msg_WillClose) Channel closing: too late to send/recv, messages will be lost

1652434446382	geckodriver	INFO	Listening on 127.0.0.1:39071
1652434447390	mozrunner::runner	INFO	Running command: "/usr/bin/firefox" "--marionette" "-no-remote" "-profile" "/tmp/rust_mozprofileSTt4Ow"
ATTENTION: default value of option mesa_glthread overridden by environment.
ATTENTION: default value of option mesa_glthread overridden by environment.
ATTENTION: default value of option mesa_glthread overridden by environment.
ATTENTION: default value of option mesa_glthread overridden by environment.
1652434448308	Marionette	INFO	Marionette enabled
console.warn: SearchSettings: "get: No settings file exists, new profile?" (new NotFoundError("Could not open the file at /tmp/rust_mozprofileSTt4Ow/search.json.mozlz4", (void 0)))
1652434449541	Marionette	INFO	Listening on port 43047
1652434449624	RemoteAgent	WARN	TLS certificate errors will be ignored for this session
console.warn: LoginRecipes: "getRecipes: falling back to a synchronous message for:" "https://orcid.org"
console.warn: LoginRecipes: "getRecipes: falling back to a synchronous message for:" "https://orcid.org"
JavaScript error: resource://gre/modules/LoginManagerParent.jsm, line 136: TypeError: gRecipeManager is null
JavaScript error: http://127.0.0.1:8000/static/copo/js/dtol_functions.js, line 381: TypeError: data[d].date_created is undefined
1652434464327	Marionette	INFO	Stopped listening on port 43047
1652436143314	geckodriver	INFO	Listening on 127.0.0.1:35491
1652436144318	mozrunner::runner	INFO	Running command: "/usr/bin/firefox" "--marionette" "-no-remote" "-profile" "/tmp/rust_mozprofilez4nepj"
ATTENTION: default value of option mesa_glthread overridden by environment.
ATTENTION: default value of option mesa_glthread overridden by environment.
ATTENTION: default value of option mesa_glthread overridden by environment.
ATTENTION: default value of option mesa_glthread overridden by environment.
1652436145166	Marionette	INFO	Marionette enabled
console.warn: SearchSettings: "get: No settings file exists, new profile?" (new NotFoundError("Could not open the file at /tmp/rust_mozprofilez4nepj/search.json.mozlz4", (void 0)))
1652436146286	Marionette	INFO	Listening on port 37311
1652436146339	RemoteAgent	WARN	TLS certificate errors will be ignored for this session
console.warn: LoginRecipes: "getRecipes: falling back to a synchronous message for:" "https://orcid.org"
console.warn: LoginRecipes: "getRecipes: falling back to a synchronous message for:" "https://orcid.org"
JavaScript error: resource://gre/modules/LoginManagerParent.jsm, line 136: TypeError: gRecipeManager is null
JavaScript error: http://127.0.0.1:8000/static/copo/js/dtol_functions.js, line 381: TypeError: data[d].date_created is undefined
1652436162149	Marionette	INFO	Stopped listening on port 37311
1652447552832	geckodriver	INFO	Listening on 127.0.0.1:35153
1652447553844	mozrunner::runner	INFO	Running command: "/usr/bin/firefox" "--marionette" "-no-remote" "-profile" "/tmp/rust_mozprofile3JFkrq"
ATTENTION: default value of option mesa_glthread overridden by environment.
ATTENTION: default value of option mesa_glthread overridden by environment.
ATTENTION: default value of option mesa_glthread overridden by environment.
ATTENTION: default value of option mesa_glthread overridden by environment.
1652447554444	Marionette	INFO	Marionette enabled
console.warn: SearchSettings: "get: No settings file exists, new profile?" (new NotFoundError("Could not open the file at /tmp/rust_mozprofile3JFkrq/search.json.mozlz4", (void 0)))
1652447555350	Marionette	INFO	Listening on port 46523
1652447555464	RemoteAgent	WARN	TLS certificate errors will be ignored for this session
1652447555650	Marionette	WARN	Ignoring event 'pageshow' because document has an invalid readyState of 'uninitialized'.
1652447555798	Marionette	INFO	Stopped listening on port 46523
Sandbox: Unexpected EOF, op 0 flags 00 path /proc/cpuinfo
1652447621961	geckodriver	INFO	Listening on 127.0.0.1:51683
1652447621964	mozrunner::runner	INFO	Running command: "/usr/bin/firefox" "--marionette" "-no-remote" "-profile" "/tmp/rust_mozprofileAeRzWg"
ATTENTION: default value of option mesa_glthread overridden by environment.
ATTENTION: default value of option mesa_glthread overridden by environment.
ATTENTION: default value of option mesa_glthread overridden by environment.
ATTENTION: default value of option mesa_glthread overridden by environment.
1652447622553	Marionette	INFO	Marionette enabled
console.warn: SearchSettings: "get: No settings file exists, new profile?" (new NotFoundError("Could not open the file at /tmp/rust_mozprofileAeRzWg/search.json.mozlz4", (void 0)))
1652447623544	Marionette	INFO	Listening on port 37601
1652447623585	RemoteAgent	WARN	TLS certificate errors will be ignored for this session
console.warn: LoginRecipes: "getRecipes: falling back to a synchronous message for:" "https://orcid.org"
console.warn: LoginRecipes: "getRecipes: falling back to a synchronous message for:" "https://orcid.org"
JavaScript error: resource://gre/modules/LoginManagerParent.jsm, line 136: TypeError: gRecipeManager is null
JavaScript error: http://127.0.0.1:8000/static/copo/js/dtol_functions.js, line 381: TypeError: data[d].date_created is undefined
1652447641511	Marionette	INFO	Stopped listening on port 37601

###!!! [Parent][PImageBridgeParent] Error: RunMessage(msgname=PImageBridge::Msg_WillClose) Channel closing: too late to send/recv, messages will be lost

1652447839355	geckodriver	INFO	Listening on 127.0.0.1:38591
1652447839360	mozrunner::runner	INFO	Running command: "/usr/bin/firefox" "--marionette" "-no-remote" "-profile" "/tmp/rust_mozprofileKjZedZ"
ATTENTION: default value of option mesa_glthread overridden by environment.
ATTENTION: default value of option mesa_glthread overridden by environment.
ATTENTION: default value of option mesa_glthread overridden by environment.
ATTENTION: default value of option mesa_glthread overridden by environment.
1652447840074	Marionette	INFO	Marionette enabled
console.warn: SearchSettings: "get: No settings file exists, new profile?" (new NotFoundError("Could not open the file at /tmp/rust_mozprofileKjZedZ/search.json.mozlz4", (void 0)))
1652447841019	Marionette	INFO	Listening on port 38153
1652447841091	RemoteAgent	WARN	TLS certificate errors will be ignored for this session
console.warn: LoginRecipes: "getRecipes: falling back to a synchronous message for:" "https://orcid.org"
console.warn: LoginRecipes: "getRecipes: falling back to a synchronous message for:" "https://orcid.org"
JavaScript error: resource://gre/modules/LoginManagerParent.jsm, line 136: TypeError: gRecipeManager is null
JavaScript error: http://127.0.0.1:8000/static/copo/js/dtol_functions.js, line 381: TypeError: data[d].date_created is undefined
1652447856728	Marionette	INFO	Stopped listening on port 38153

###!!! [Parent][PImageBridgeParent] Error: RunMessage(msgname=PImageBridge::Msg_WillClose) Channel closing: too late to send/recv, messages will be lost

Sandbox: Unexpected EOF, op 0 flags 00 path /proc/cpuinfo
1652447873124	geckodriver	INFO	Listening on 127.0.0.1:57037
1652447873127	mozrunner::runner	INFO	Running command: "/usr/bin/firefox" "--marionette" "-no-remote" "-profile" "/tmp/rust_mozprofileVhj0Bk"
ATTENTION: default value of option mesa_glthread overridden by environment.
ATTENTION: default value of option mesa_glthread overridden by environment.
ATTENTION: default value of option mesa_glthread overridden by environment.
ATTENTION: default value of option mesa_glthread overridden by environment.
1652447873711	Marionette	INFO	Marionette enabled
console.warn: SearchSettings: "get: No settings file exists, new profile?" (new NotFoundError("Could not open the file at /tmp/rust_mozprofileVhj0Bk/search.json.mozlz4", (void 0)))
1652447874684	Marionette	INFO	Listening on port 41223
1652447874741	RemoteAgent	WARN	TLS certificate errors will be ignored for this session
console.warn: LoginRecipes: "getRecipes: falling back to a synchronous message for:" "https://orcid.org"
console.warn: LoginRecipes: "getRecipes: falling back to a synchronous message for:" "https://orcid.org"
JavaScript error: resource://gre/modules/LoginManagerParent.jsm, line 136: TypeError: gRecipeManager is null
JavaScript error: http://127.0.0.1:8000/static/copo/js/dtol_functions.js, line 381: TypeError: data[d].date_created is undefined
1652447888307	Marionette	INFO	Stopped listening on port 41223

###!!! [Parent][PImageBridgeParent] Error: RunMessage(msgname=PImageBridge::Msg_WillClose) Channel closing: too late to send/recv, messages will be lost

1652718301650	geckodriver	INFO	Listening on 127.0.0.1:43673
1652718302657	mozrunner::runner	INFO	Running command: "/usr/bin/firefox" "--marionette" "-no-remote" "-profile" "/tmp/rust_mozprofileDME7m3"
ATTENTION: default value of option mesa_glthread overridden by environment.
ATTENTION: default value of option mesa_glthread overridden by environment.
ATTENTION: default value of option mesa_glthread overridden by environment.
ATTENTION: default value of option mesa_glthread overridden by environment.
1652718303306	Marionette	INFO	Marionette enabled
console.warn: SearchSettings: "get: No settings file exists, new profile?" (new NotFoundError("Could not open the file at /tmp/rust_mozprofileDME7m3/search.json.mozlz4", (void 0)))
1652718304580	Marionette	INFO	Listening on port 42343
1652718304690	RemoteAgent	WARN	TLS certificate errors will be ignored for this session
1652718305137	geckodriver	INFO	Listening on 127.0.0.1:46047
1652718305140	mozrunner::runner	INFO	Running command: "/usr/bin/firefox" "--marionette" "-no-remote" "-profile" "/tmp/rust_mozprofileYZIBlr"
ATTENTION: default value of option mesa_glthread overridden by environment.
ATTENTION: default value of option mesa_glthread overridden by environment.
ATTENTION: default value of option mesa_glthread overridden by environment.
ATTENTION: default value of option mesa_glthread overridden by environment.
1652718305902	Marionette	INFO	Marionette enabled
console.warn: SearchSettings: "get: No settings file exists, new profile?" (new NotFoundError("Could not open the file at /tmp/rust_mozprofileYZIBlr/search.json.mozlz4", (void 0)))
1652718307214	Marionette	INFO	Listening on port 41115
1652718307275	RemoteAgent	WARN	TLS certificate errors will be ignored for this session
1652718470954	geckodriver	INFO	Listening on 127.0.0.1:40177
1652718470957	mozrunner::runner	INFO	Running command: "/usr/bin/firefox" "--marionette" "-no-remote" "-profile" "/tmp/rust_mozprofileGsVuAK"
ATTENTION: default value of option mesa_glthread overridden by environment.
ATTENTION: default value of option mesa_glthread overridden by environment.
ATTENTION: default value of option mesa_glthread overridden by environment.
ATTENTION: default value of option mesa_glthread overridden by environment.
1652718471520	Marionette	INFO	Marionette enabled
console.warn: SearchSettings: "get: No settings file exists, new profile?" (new NotFoundError("Could not open the file at /tmp/rust_mozprofileGsVuAK/search.json.mozlz4", (void 0)))
1652718472489	Marionette	INFO	Listening on port 46727
1652718472570	RemoteAgent	WARN	TLS certificate errors will be ignored for this session
1652718490359	Marionette	INFO	Stopped listening on port 41115

###!!! [Parent][PImageBridgeParent] Error: RunMessage(msgname=PImageBridge::Msg_WillClose) Channel closing: too late to send/recv, messages will be lost

Sandbox: Unexpected EOF, op 0 flags 00 path /proc/cpuinfo
1652718490545	geckodriver	INFO	Listening on 127.0.0.1:45231
1652718490547	mozrunner::runner	INFO	Running command: "/usr/bin/firefox" "--marionette" "-no-remote" "-profile" "/tmp/rust_mozprofileyVIpRn"
ATTENTION: default value of option mesa_glthread overridden by environment.
ATTENTION: default value of option mesa_glthread overridden by environment.
ATTENTION: default value of option mesa_glthread overridden by environment.
ATTENTION: default value of option mesa_glthread overridden by environment.
1652718491112	Marionette	INFO	Marionette enabled
console.warn: SearchSettings: "get: No settings file exists, new profile?" (new NotFoundError("Could not open the file at /tmp/rust_mozprofileyVIpRn/search.json.mozlz4", (void 0)))
1652718492030	Marionette	INFO	Listening on port 35521
1652718492061	RemoteAgent	WARN	TLS certificate errors will be ignored for this session
console.error: Region.jsm: "Error fetching region" (new Error("TIMEOUT", "resource://gre/modules/Region.jsm", 772))
console.error: Region.jsm: "Failed to fetch region" (new Error("TIMEOUT", "resource://gre/modules/Region.jsm", 419))
Exiting due to channel error.
Exiting due to channel error.
Exiting due to channel error.
Exiting due to channel error.
Exiting due to channel error.
Exiting due to channel error.
Exiting due to channel error.
Exiting due to channel error.
Exiting due to channel error.
Exiting due to channel error.
Exiting due to channel error.
Exiting due to channel error.
Exiting due to channel error.
Exiting due to channel error.
Exiting due to channel error.
1652718547097	geckodriver	INFO	Listening on 127.0.0.1:59929
1652718547100	mozrunner::runner	INFO	Running command: "/usr/bin/firefox" "--marionette" "-no-remote" "-profile" "/tmp/rust_mozprofileYurfx2"
ATTENTION: default value of option mesa_glthread overridden by environment.
ATTENTION: default value of option mesa_glthread overridden by environment.
ATTENTION: default value of option mesa_glthread overridden by environment.
ATTENTION: default value of option mesa_glthread overridden by environment.
1652718547745	Marionette	INFO	Marionette enabled
console.warn: SearchSettings: "get: No settings file exists, new profile?" (new NotFoundError("Could not open the file at /tmp/rust_mozprofileYurfx2/search.json.mozlz4", (void 0)))
1652718548831	Marionette	INFO	Listening on port 44817
1652718548927	RemoteAgent	WARN	TLS certificate errors will be ignored for this session
1652718552132	Marionette	INFO	Stopped listening on port 44817
console.error: Region.jsm: "Error fetching region" (new TypeError("NetworkError when attempting to fetch resource.", ""))
console.error: Region.jsm: "Failed to fetch region" (new Error("NO_RESULT", "resource://gre/modules/Region.jsm", 419))
1652718552159	geckodriver::marionette	ERROR	Failed to close browser connection: Socket not connected (os error 107)
JavaScript error: chrome://remote/content/marionette/cert.js, line 55: NS_ERROR_NOT_AVAILABLE: Component returned failure code: 0x80040111 (NS_ERROR_NOT_AVAILABLE) [nsICertOverrideService.setDisableAllSecurityChecksAndLetAttackersInterceptMyData]
[2022-05-16T16:29:12Z ERROR glean] Can't persist ping lifetime data: Error { kind: Rkv(IoError(Os { code: 2, kind: NotFound, message: "No such file or directory" })) }

###!!! [Parent][PImageBridgeParent] Error: RunMessage(msgname=PImageBridge::Msg_WillClose) Channel closing: too late to send/recv, messages will be lost

Sandbox: Unexpected EOF, op 0 flags 00 path /proc/cpuinfo
1652778423951	geckodriver	INFO	Listening on 127.0.0.1:43383
1652778424958	mozrunner::runner	INFO	Running command: "/usr/bin/firefox" "--marionette" "-no-remote" "-profile" "/tmp/rust_mozprofile9PWRKZ"
ATTENTION: default value of option mesa_glthread overridden by environment.
ATTENTION: default value of option mesa_glthread overridden by environment.
ATTENTION: default value of option mesa_glthread overridden by environment.
ATTENTION: default value of option mesa_glthread overridden by environment.
1652778425589	Marionette	INFO	Marionette enabled
console.warn: SearchSettings: "get: No settings file exists, new profile?" (new NotFoundError("Could not open the file at /tmp/rust_mozprofile9PWRKZ/search.json.mozlz4", (void 0)))
1652778426636	Marionette	INFO	Listening on port 39639
1652778426673	RemoteAgent	WARN	TLS certificate errors will be ignored for this session
console.warn: LoginRecipes: "getRecipes: falling back to a synchronous message for:" "https://orcid.org"
console.warn: LoginRecipes: "getRecipes: falling back to a synchronous message for:" "https://orcid.org"
JavaScript error: resource://gre/modules/LoginManagerParent.jsm, line 136: TypeError: gRecipeManager is null
JavaScript error: http://127.0.0.1:8000/static/copo/js/dtol_functions.js, line 381: TypeError: data[d].date_created is undefined
Exiting due to channel error.
Exiting due to channel error.
Exiting due to channel error.
Exiting due to channel error.
Exiting due to channel error.
1652778781654	geckodriver	INFO	Listening on 127.0.0.1:43913
1652778782669	mozrunner::runner	INFO	Running command: "/usr/bin/firefox" "--marionette" "-no-remote" "-profile" "/tmp/rust_mozprofileYwwxBX"
ATTENTION: default value of option mesa_glthread overridden by environment.
ATTENTION: default value of option mesa_glthread overridden by environment.
ATTENTION: default value of option mesa_glthread overridden by environment.
ATTENTION: default value of option mesa_glthread overridden by environment.
1652778783341	Marionette	INFO	Marionette enabled
console.warn: SearchSettings: "get: No settings file exists, new profile?" (new NotFoundError("Could not open the file at /tmp/rust_mozprofileYwwxBX/search.json.mozlz4", (void 0)))
1652778784301	Marionette	INFO	Listening on port 37505
1652778784406	RemoteAgent	WARN	TLS certificate errors will be ignored for this session
console.warn: LoginRecipes: "getRecipes: falling back to a synchronous message for:" "https://orcid.org"
console.warn: LoginRecipes: "getRecipes: falling back to a synchronous message for:" "https://orcid.org"
JavaScript error: resource://gre/modules/LoginManagerParent.jsm, line 136: TypeError: gRecipeManager is null
JavaScript error: http://127.0.0.1:8000/static/copo/js/dtol_functions.js, line 381: TypeError: data[d].date_created is undefined
1652779033510	Marionette	INFO	Stopped listening on port 37505

###!!! [Parent][PImageBridgeParent] Error: RunMessage(msgname=PImageBridge::Msg_WillClose) Channel closing: too late to send/recv, messages will be lost

Sandbox: Unexpected EOF, op 0 flags 00 path /proc/cpuinfo
1652779139184	geckodriver	INFO	Listening on 127.0.0.1:51311
1652779140194	mozrunner::runner	INFO	Running command: "/usr/bin/firefox" "--marionette" "-no-remote" "-profile" "/tmp/rust_mozprofile5fq1eX"
ATTENTION: default value of option mesa_glthread overridden by environment.
ATTENTION: default value of option mesa_glthread overridden by environment.
ATTENTION: default value of option mesa_glthread overridden by environment.
ATTENTION: default value of option mesa_glthread overridden by environment.
1652779140800	Marionette	INFO	Marionette enabled
console.warn: SearchSettings: "get: No settings file exists, new profile?" (new NotFoundError("Could not open the file at /tmp/rust_mozprofile5fq1eX/search.json.mozlz4", (void 0)))
1652779141648	Marionette	INFO	Listening on port 44869
1652779141713	RemoteAgent	WARN	TLS certificate errors will be ignored for this session
console.warn: LoginRecipes: "getRecipes: falling back to a synchronous message for:" "https://orcid.org"
console.warn: LoginRecipes: "getRecipes: falling back to a synchronous message for:" "https://orcid.org"
JavaScript error: resource://gre/modules/LoginManagerParent.jsm, line 136: TypeError: gRecipeManager is null
JavaScript error: http://127.0.0.1:8000/static/copo/js/dtol_functions.js, line 381: TypeError: data[d].date_created is undefined
JavaScript error: , line 0: NotFoundError: No such JSWindowActor 'DevToolsFrame'
1652780859268	Marionette	INFO	Stopped listening on port 44869

###!!! [Parent][PImageBridgeParent] Error: RunMessage(msgname=PImageBridge::Msg_WillClose) Channel closing: too late to send/recv, messages will be lost

Sandbox: Unexpected EOF, op 0 flags 00 path /proc/cpuinfo
1652780897063	geckodriver	INFO	Listening on 127.0.0.1:60167
1652780898072	mozrunner::runner	INFO	Running command: "/usr/bin/firefox" "--marionette" "-no-remote" "-profile" "/tmp/rust_mozprofilek6fjJQ"
ATTENTION: default value of option mesa_glthread overridden by environment.
ATTENTION: default value of option mesa_glthread overridden by environment.
ATTENTION: default value of option mesa_glthread overridden by environment.
ATTENTION: default value of option mesa_glthread overridden by environment.
1652780898749	Marionette	INFO	Marionette enabled
console.warn: SearchSettings: "get: No settings file exists, new profile?" (new NotFoundError("Could not open the file at /tmp/rust_mozprofilek6fjJQ/search.json.mozlz4", (void 0)))
1652780899927	Marionette	INFO	Listening on port 38893
1652780900025	RemoteAgent	WARN	TLS certificate errors will be ignored for this session
console.warn: LoginRecipes: "getRecipes: falling back to a synchronous message for:" "https://orcid.org"
console.warn: LoginRecipes: "getRecipes: falling back to a synchronous message for:" "https://orcid.org"
JavaScript error: resource://gre/modules/LoginManagerParent.jsm, line 136: TypeError: gRecipeManager is null

###!!! [Child][PContentChild] Error: RunMessage(msgname=PContent::Msg_CommitBrowsingContextTransaction) Channel closing: too late to send/recv, messages will be lost


###!!! [Child][PContentChild] Error: RunMessage(msgname=PContent::Msg_CommitBrowsingContextTransaction) Channel closing: too late to send/recv, messages will be lost

JavaScript error: http://127.0.0.1:8000/static/copo/js/dtol_functions.js, line 381: TypeError: data[d].date_created is undefined
1652781172538	Marionette	INFO	Stopped listening on port 38893

###!!! [Parent][PImageBridgeParent] Error: RunMessage(msgname=PImageBridge::Msg_WillClose) Channel closing: too late to send/recv, messages will be lost

1652781935904	geckodriver	INFO	Listening on 127.0.0.1:37203
1652781936913	mozrunner::runner	INFO	Running command: "/usr/bin/firefox" "--marionette" "-no-remote" "-profile" "/tmp/rust_mozprofileR4mE94"
ATTENTION: default value of option mesa_glthread overridden by environment.
ATTENTION: default value of option mesa_glthread overridden by environment.
ATTENTION: default value of option mesa_glthread overridden by environment.
ATTENTION: default value of option mesa_glthread overridden by environment.
1652781937603	Marionette	INFO	Marionette enabled
console.warn: SearchSettings: "get: No settings file exists, new profile?" (new NotFoundError("Could not open the file at /tmp/rust_mozprofileR4mE94/search.json.mozlz4", (void 0)))
1652781938792	Marionette	INFO	Listening on port 41223
1652781938835	RemoteAgent	WARN	TLS certificate errors will be ignored for this session
console.warn: LoginRecipes: "getRecipes: falling back to a synchronous message for:" "https://orcid.org"
console.warn: LoginRecipes: "getRecipes: falling back to a synchronous message for:" "https://orcid.org"
JavaScript error: resource://gre/modules/LoginManagerParent.jsm, line 136: TypeError: gRecipeManager is null
JavaScript error: http://127.0.0.1:8000/static/copo/js/dtol_functions.js, line 381: TypeError: data[d].date_created is undefined
Exiting due to channel error.
Exiting due to channel error.
Exiting due to channel error.
Exiting due to channel error.
Exiting due to channel error.
1652782313563	geckodriver	INFO	Listening on 127.0.0.1:56291
1652782314580	mozrunner::runner	INFO	Running command: "/usr/bin/firefox" "--marionette" "-no-remote" "-profile" "/tmp/rust_mozprofileIZfCj8"
ATTENTION: default value of option mesa_glthread overridden by environment.
ATTENTION: default value of option mesa_glthread overridden by environment.
ATTENTION: default value of option mesa_glthread overridden by environment.
ATTENTION: default value of option mesa_glthread overridden by environment.
1652782315337	Marionette	INFO	Marionette enabled
console.warn: SearchSettings: "get: No settings file exists, new profile?" (new NotFoundError("Could not open the file at /tmp/rust_mozprofileIZfCj8/search.json.mozlz4", (void 0)))
1652782316336	Marionette	INFO	Listening on port 43195
1652782316398	RemoteAgent	WARN	TLS certificate errors will be ignored for this session
console.warn: LoginRecipes: "getRecipes: falling back to a synchronous message for:" "https://orcid.org"
console.warn: LoginRecipes: "getRecipes: falling back to a synchronous message for:" "https://orcid.org"
JavaScript error: resource://gre/modules/LoginManagerParent.jsm, line 136: TypeError: gRecipeManager is null
JavaScript error: http://127.0.0.1:8000/static/copo/js/dtol_functions.js, line 381: TypeError: data[d].date_created is undefined
1652782561551	Marionette	INFO	Stopped listening on port 43195

###!!! [Parent][PImageBridgeParent] Error: RunMessage(msgname=PImageBridge::Msg_WillClose) Channel closing: too late to send/recv, messages will be lost

1652782592148	geckodriver	INFO	Listening on 127.0.0.1:33795
1652782593152	mozrunner::runner	INFO	Running command: "/usr/bin/firefox" "--marionette" "-no-remote" "-profile" "/tmp/rust_mozprofileATDhLq"
ATTENTION: default value of option mesa_glthread overridden by environment.
ATTENTION: default value of option mesa_glthread overridden by environment.
ATTENTION: default value of option mesa_glthread overridden by environment.
ATTENTION: default value of option mesa_glthread overridden by environment.
1652782593822	Marionette	INFO	Marionette enabled
console.warn: SearchSettings: "get: No settings file exists, new profile?" (new NotFoundError("Could not open the file at /tmp/rust_mozprofileATDhLq/search.json.mozlz4", (void 0)))
1652782594916	Marionette	INFO	Listening on port 41683
1652782594968	RemoteAgent	WARN	TLS certificate errors will be ignored for this session
console.warn: LoginRecipes: "getRecipes: falling back to a synchronous message for:" "https://orcid.org"
console.warn: LoginRecipes: "getRecipes: falling back to a synchronous message for:" "https://orcid.org"
JavaScript error: resource://gre/modules/LoginManagerParent.jsm, line 136: TypeError: gRecipeManager is null
JavaScript error: http://127.0.0.1:8000/static/copo/js/dtol_functions.js, line 381: TypeError: data[d].date_created is undefined
1652782843838	Marionette	INFO	Stopped listening on port 41683

###!!! [Child][PContentChild] Error: RunMessage(msgname=PWebSocket::Msg___delete__) Channel closing: too late to send/recv, messages will be lost

1652782909396	geckodriver	INFO	Listening on 127.0.0.1:53867
1652782910406	mozrunner::runner	INFO	Running command: "/usr/bin/firefox" "--marionette" "-no-remote" "-profile" "/tmp/rust_mozprofilesF7j44"
ATTENTION: default value of option mesa_glthread overridden by environment.
ATTENTION: default value of option mesa_glthread overridden by environment.
ATTENTION: default value of option mesa_glthread overridden by environment.
ATTENTION: default value of option mesa_glthread overridden by environment.
1652782911090	Marionette	INFO	Marionette enabled
console.warn: SearchSettings: "get: No settings file exists, new profile?" (new NotFoundError("Could not open the file at /tmp/rust_mozprofilesF7j44/search.json.mozlz4", (void 0)))
1652782912194	Marionette	INFO	Listening on port 41559
1652782912223	RemoteAgent	WARN	TLS certificate errors will be ignored for this session
console.warn: LoginRecipes: "getRecipes: falling back to a synchronous message for:" "https://orcid.org"
console.warn: LoginRecipes: "getRecipes: falling back to a synchronous message for:" "https://orcid.org"
JavaScript error: resource://gre/modules/LoginManagerParent.jsm, line 136: TypeError: gRecipeManager is null
JavaScript error: http://127.0.0.1:8000/static/copo/js/dtol_functions.js, line 381: TypeError: data[d].date_created is undefined
1652805514984	Marionette	INFO	Stopped listening on port 41559
JavaScript error: chrome://remote/content/marionette/cert.js, line 55: NS_ERROR_NOT_AVAILABLE: Component returned failure code: 0x80040111 (NS_ERROR_NOT_AVAILABLE) [nsICertOverrideService.setDisableAllSecurityChecksAndLetAttackersInterceptMyData]

###!!! [Parent][PImageBridgeParent] Error: RunMessage(msgname=PImageBridge::Msg_WillClose) Channel closing: too late to send/recv, messages will be lost

1652871197756	geckodriver	INFO	Listening on 127.0.0.1:56847
1652871198762	mozrunner::runner	INFO	Running command: "/usr/bin/firefox" "--marionette" "-no-remote" "-profile" "/tmp/rust_mozprofileqScjHS"
ATTENTION: default value of option mesa_glthread overridden by environment.
ATTENTION: default value of option mesa_glthread overridden by environment.
ATTENTION: default value of option mesa_glthread overridden by environment.
ATTENTION: default value of option mesa_glthread overridden by environment.
1652871199428	Marionette	INFO	Marionette enabled
console.warn: SearchSettings: "get: No settings file exists, new profile?" (new NotFoundError("Could not open the file at /tmp/rust_mozprofileqScjHS/search.json.mozlz4", (void 0)))
1652871200560	Marionette	INFO	Listening on port 46729
1652871200595	RemoteAgent	WARN	TLS certificate errors will be ignored for this session
console.warn: LoginRecipes: "getRecipes: falling back to a synchronous message for:" "https://orcid.org"
console.warn: LoginRecipes: "getRecipes: falling back to a synchronous message for:" "https://orcid.org"
JavaScript error: resource://gre/modules/LoginManagerParent.jsm, line 136: TypeError: gRecipeManager is null
JavaScript error: http://127.0.0.1:8000/static/copo/js/dtol_functions.js, line 381: TypeError: data[d].date_created is undefined
Exiting due to channel error.
Exiting due to channel error.
Exiting due to channel error.
Exiting due to channel error.
Exiting due to channel error.
Exiting due to channel error.
1652871466011	geckodriver	INFO	Listening on 127.0.0.1:50741
1652871467020	mozrunner::runner	INFO	Running command: "/usr/bin/firefox" "--marionette" "-no-remote" "-profile" "/tmp/rust_mozprofileAolXFn"
ATTENTION: default value of option mesa_glthread overridden by environment.
ATTENTION: default value of option mesa_glthread overridden by environment.
ATTENTION: default value of option mesa_glthread overridden by environment.
ATTENTION: default value of option mesa_glthread overridden by environment.
1652871467634	Marionette	INFO	Marionette enabled
console.warn: SearchSettings: "get: No settings file exists, new profile?" (new NotFoundError("Could not open the file at /tmp/rust_mozprofileAolXFn/search.json.mozlz4", (void 0)))
1652871468725	Marionette	INFO	Listening on port 43729
1652871468845	RemoteAgent	WARN	TLS certificate errors will be ignored for this session
console.warn: LoginRecipes: "getRecipes: falling back to a synchronous message for:" "https://orcid.org"
console.warn: LoginRecipes: "getRecipes: falling back to a synchronous message for:" "https://orcid.org"
JavaScript error: resource://gre/modules/LoginManagerParent.jsm, line 136: TypeError: gRecipeManager is null
JavaScript error: http://127.0.0.1:8000/static/copo/js/dtol_functions.js, line 381: TypeError: data[d].date_created is undefined
1652871515819	Marionette	INFO	Stopped listening on port 43729

###!!! [Parent][PImageBridgeParent] Error: RunMessage(msgname=PImageBridge::Msg_WillClose) Channel closing: too late to send/recv, messages will be lost

1652871520179	geckodriver	INFO	Listening on 127.0.0.1:60603
1652871520181	mozrunner::runner	INFO	Running command: "/usr/bin/firefox" "--marionette" "-no-remote" "-profile" "/tmp/rust_mozprofileNw7nbI"
ATTENTION: default value of option mesa_glthread overridden by environment.
ATTENTION: default value of option mesa_glthread overridden by environment.
ATTENTION: default value of option mesa_glthread overridden by environment.
ATTENTION: default value of option mesa_glthread overridden by environment.
1652871520785	Marionette	INFO	Marionette enabled
console.warn: SearchSettings: "get: No settings file exists, new profile?" (new NotFoundError("Could not open the file at /tmp/rust_mozprofileNw7nbI/search.json.mozlz4", (void 0)))
1652871521758	Marionette	INFO	Listening on port 42391
1652871521798	RemoteAgent	WARN	TLS certificate errors will be ignored for this session
console.warn: LoginRecipes: "getRecipes: falling back to a synchronous message for:" "https://orcid.org"
1652871524944	Marionette	INFO	Stopped listening on port 42391

###!!! [Parent][PContentParent] Error: Send(msgname=PContent::Msg_DestroyBrowsingContextGroup) Closed channel: cannot send/recv

JavaScript error: chrome://remote/content/marionette/cert.js, line 55: NS_ERROR_NOT_AVAILABLE: Component returned failure code: 0x80040111 (NS_ERROR_NOT_AVAILABLE) [nsICertOverrideService.setDisableAllSecurityChecksAndLetAttackersInterceptMyData]
1652871525157	geckodriver::marionette	ERROR	Failed to close browser connection: Socket not connected (os error 107)
1652871782749	geckodriver	INFO	Listening on 127.0.0.1:39121
1652871782752	mozrunner::runner	INFO	Running command: "/usr/bin/firefox" "--marionette" "-no-remote" "-profile" "/tmp/rust_mozprofileJo62kl"
ATTENTION: default value of option mesa_glthread overridden by environment.
ATTENTION: default value of option mesa_glthread overridden by environment.
ATTENTION: default value of option mesa_glthread overridden by environment.
ATTENTION: default value of option mesa_glthread overridden by environment.
1652871783353	Marionette	INFO	Marionette enabled
console.warn: SearchSettings: "get: No settings file exists, new profile?" (new NotFoundError("Could not open the file at /tmp/rust_mozprofileJo62kl/search.json.mozlz4", (void 0)))
1652871784301	Marionette	INFO	Listening on port 41811
1652871784365	RemoteAgent	WARN	TLS certificate errors will be ignored for this session
console.warn: LoginRecipes: "getRecipes: falling back to a synchronous message for:" "https://orcid.org"
console.warn: LoginRecipes: "getRecipes: falling back to a synchronous message for:" "https://orcid.org"
JavaScript error: resource://gre/modules/LoginManagerParent.jsm, line 136: TypeError: gRecipeManager is null
JavaScript error: http://127.0.0.1:8000/static/copo/js/dtol_functions.js, line 381: TypeError: data[d].date_created is undefined
1652871878216	Marionette	INFO	Stopped listening on port 41811
Sandbox: Unexpected EOF, op 0 flags 00 path /proc/cpuinfo
1652872026258	geckodriver	INFO	Listening on 127.0.0.1:55093
1652872026261	mozrunner::runner	INFO	Running command: "/usr/bin/firefox" "--marionette" "-no-remote" "-profile" "/tmp/rust_mozprofileGfVg8w"
ATTENTION: default value of option mesa_glthread overridden by environment.
ATTENTION: default value of option mesa_glthread overridden by environment.
ATTENTION: default value of option mesa_glthread overridden by environment.
ATTENTION: default value of option mesa_glthread overridden by environment.
1652872026864	Marionette	INFO	Marionette enabled
console.warn: SearchSettings: "get: No settings file exists, new profile?" (new NotFoundError("Could not open the file at /tmp/rust_mozprofileGfVg8w/search.json.mozlz4", (void 0)))
1652872027985	Marionette	INFO	Listening on port 38445
1652872028082	RemoteAgent	WARN	TLS certificate errors will be ignored for this session
console.warn: LoginRecipes: "getRecipes: falling back to a synchronous message for:" "https://orcid.org"
console.warn: LoginRecipes: "getRecipes: falling back to a synchronous message for:" "https://orcid.org"
JavaScript error: resource://gre/modules/LoginManagerParent.jsm, line 136: TypeError: gRecipeManager is null
JavaScript error: http://127.0.0.1:8000/static/copo/js/dtol_functions.js, line 381: TypeError: data[d].date_created is undefined
1652872039327	Marionette	INFO	Stopped listening on port 38445

###!!! [Parent][PImageBridgeParent] Error: RunMessage(msgname=PImageBridge::Msg_WillClose) Channel closing: too late to send/recv, messages will be lost

Sandbox: Unexpected EOF, op 0 flags 00 path /proc/cpuinfo
1652872531636	geckodriver	INFO	Listening on 127.0.0.1:43995
1652872531638	mozrunner::runner	INFO	Running command: "/usr/bin/firefox" "--marionette" "-no-remote" "-profile" "/tmp/rust_mozprofileX9SHxO"
ATTENTION: default value of option mesa_glthread overridden by environment.
ATTENTION: default value of option mesa_glthread overridden by environment.
ATTENTION: default value of option mesa_glthread overridden by environment.
ATTENTION: default value of option mesa_glthread overridden by environment.
1652872532280	Marionette	INFO	Marionette enabled
console.warn: SearchSettings: "get: No settings file exists, new profile?" (new NotFoundError("Could not open the file at /tmp/rust_mozprofileX9SHxO/search.json.mozlz4", (void 0)))
1652872533367	Marionette	INFO	Listening on port 40237
1652872533458	RemoteAgent	WARN	TLS certificate errors will be ignored for this session
console.warn: LoginRecipes: "getRecipes: falling back to a synchronous message for:" "https://orcid.org"
console.warn: LoginRecipes: "getRecipes: falling back to a synchronous message for:" "https://orcid.org"
JavaScript error: resource://gre/modules/LoginManagerParent.jsm, line 136: TypeError: gRecipeManager is null
JavaScript error: http://127.0.0.1:8000/static/copo/js/dtol_functions.js, line 381: TypeError: data[d].date_created is undefined
console.warn: LoginRecipes: "getRecipes: falling back to a synchronous message for:" "https://www.google.com"
JavaScript error: resource://gre/modules/LoginManagerParent.jsm, line 136: TypeError: gRecipeManager is null
1652873028305	Marionette	WARN	Ignoring event 'DOMContentLoaded' because document has an invalid readyState of 'complete'.
1652873030781	Marionette	WARN	Ignoring event 'DOMContentLoaded' because document has an invalid readyState of 'complete'.
JavaScript error: , line 0: uncaught exception: 7
JavaScript warning: https://pagead2.googlesyndication.com/bg/g51hIJTSSbKmE1DfHFqbr9lDc41juRM9f8n7HMlSD3A.js line 1 > eval line 4596 > eval line 1 > eval line 1 > eval, line 1: WEBGL_debug_renderer_info is deprecated in Firefox and will be removed. Please use RENDERER.
JavaScript warning: https://pagead2.googlesyndication.com/bg/g51hIJTSSbKmE1DfHFqbr9lDc41juRM9f8n7HMlSD3A.js line 1 > eval line 5443 > eval line 1 > eval line 1 > eval, line 1: WEBGL_debug_renderer_info is deprecated in Firefox and will be removed. Please use RENDERER.
JavaScript warning: https://pagead2.googlesyndication.com/bg/g51hIJTSSbKmE1DfHFqbr9lDc41juRM9f8n7HMlSD3A.js line 1 > eval line 3624 > eval line 1 > eval line 1 > eval, line 1: WEBGL_debug_renderer_info is deprecated in Firefox and will be removed. Please use RENDERER.
JavaScript warning: https://pagead2.googlesyndication.com/bg/g51hIJTSSbKmE1DfHFqbr9lDc41juRM9f8n7HMlSD3A.js line 1 > eval line 3307 > eval line 1 > eval line 1 > eval, line 1: WEBGL_debug_renderer_info is deprecated in Firefox and will be removed. Please use RENDERER.
JavaScript warning: https://pagead2.googlesyndication.com/bg/g51hIJTSSbKmE1DfHFqbr9lDc41juRM9f8n7HMlSD3A.js line 1 > eval line 6545 > eval line 1 > eval line 1 > eval, line 1: WEBGL_debug_renderer_info is deprecated in Firefox and will be removed. Please use RENDERER.
JavaScript error: , line 0: TypeError: NetworkError when attempting to fetch resource.
JavaScript warning: https://pagead2.googlesyndication.com/bg/g51hIJTSSbKmE1DfHFqbr9lDc41juRM9f8n7HMlSD3A.js line 1 > eval line 4860 > eval line 1 > eval line 1 > eval, line 1: WEBGL_debug_renderer_info is deprecated in Firefox and will be removed. Please use RENDERER.
JavaScript warning: https://pagead2.googlesyndication.com/bg/g51hIJTSSbKmE1DfHFqbr9lDc41juRM9f8n7HMlSD3A.js line 1 > eval line 2047 > eval line 1 > eval line 1 > eval, line 1: WEBGL_debug_renderer_info is deprecated in Firefox and will be removed. Please use RENDERER.
1652873096850	Marionette	WARN	Ignoring event 'pageshow' because document has an invalid readyState of 'uninitialized'.
1652873098256	Marionette	WARN	Ignoring event 'pageshow' because document has an invalid readyState of 'uninitialized'.
1652873100211	Marionette	WARN	Ignoring event 'pageshow' because document has an invalid readyState of 'uninitialized'.
JavaScript error: , line 0: NotFoundError: No such JSWindowActor 'DevToolsFrame'
1652873261912	geckodriver	INFO	Listening on 127.0.0.1:53771
1652873262927	mozrunner::runner	INFO	Running command: "/usr/bin/firefox" "--marionette" "-no-remote" "-profile" "/tmp/rust_mozprofilesZkL3S"
ATTENTION: default value of option mesa_glthread overridden by environment.
ATTENTION: default value of option mesa_glthread overridden by environment.
ATTENTION: default value of option mesa_glthread overridden by environment.
ATTENTION: default value of option mesa_glthread overridden by environment.
1652873263560	Marionette	INFO	Marionette enabled
console.warn: SearchSettings: "get: No settings file exists, new profile?" (new NotFoundError("Could not open the file at /tmp/rust_mozprofilesZkL3S/search.json.mozlz4", (void 0)))
1652873264637	Marionette	INFO	Listening on port 35281
1652873264758	RemoteAgent	WARN	TLS certificate errors will be ignored for this session
console.warn: LoginRecipes: "getRecipes: falling back to a synchronous message for:" "https://orcid.org"
console.warn: LoginRecipes: "getRecipes: falling back to a synchronous message for:" "https://orcid.org"
JavaScript error: resource://gre/modules/LoginManagerParent.jsm, line 136: TypeError: gRecipeManager is null
JavaScript error: http://127.0.0.1:8000/static/copo/js/dtol_functions.js, line 381: TypeError: data[d].date_created is undefined
1652873276894	Marionette	INFO	Stopped listening on port 35281
Sandbox: Unexpected EOF, op 0 flags 00 path /proc/cpuinfo
1652873297877	geckodriver	INFO	Listening on 127.0.0.1:53337
1652873297880	mozrunner::runner	INFO	Running command: "/usr/bin/firefox" "--marionette" "-no-remote" "-profile" "/tmp/rust_mozprofileYvGG0U"
ATTENTION: default value of option mesa_glthread overridden by environment.
ATTENTION: default value of option mesa_glthread overridden by environment.
ATTENTION: default value of option mesa_glthread overridden by environment.
ATTENTION: default value of option mesa_glthread overridden by environment.
1652873298465	Marionette	INFO	Marionette enabled
console.warn: SearchSettings: "get: No settings file exists, new profile?" (new NotFoundError("Could not open the file at /tmp/rust_mozprofileYvGG0U/search.json.mozlz4", (void 0)))
1652873299373	Marionette	INFO	Listening on port 41907
1652873299394	RemoteAgent	WARN	TLS certificate errors will be ignored for this session
console.warn: LoginRecipes: "getRecipes: falling back to a synchronous message for:" "https://orcid.org"
console.warn: LoginRecipes: "getRecipes: falling back to a synchronous message for:" "https://orcid.org"
JavaScript error: resource://gre/modules/LoginManagerParent.jsm, line 136: TypeError: gRecipeManager is null
JavaScript error: http://127.0.0.1:8000/static/copo/js/dtol_functions.js, line 381: TypeError: data[d].date_created is undefined
JavaScript warning: https://pagead2.googlesyndication.com/bg/g51hIJTSSbKmE1DfHFqbr9lDc41juRM9f8n7HMlSD3A.js line 1 > eval line 5769 > eval line 1 > eval line 1 > eval, line 1: WEBGL_debug_renderer_info is deprecated in Firefox and will be removed. Please use RENDERER.
JavaScript warning: https://pagead2.googlesyndication.com/bg/g51hIJTSSbKmE1DfHFqbr9lDc41juRM9f8n7HMlSD3A.js line 1 > eval line 95 > eval line 1 > eval line 1 > eval, line 1: WEBGL_debug_renderer_info is deprecated in Firefox and will be removed. Please use RENDERER.
JavaScript error: , line 0: TypeError: NetworkError when attempting to fetch resource.
console.warn: LoginRecipes: "getRecipes: falling back to a synchronous message for:" "https://www.google.com"
JavaScript error: resource://gre/modules/LoginManagerParent.jsm, line 136: TypeError: gRecipeManager is null
1652873743784	geckodriver	INFO	Listening on 127.0.0.1:44163
1652873743787	mozrunner::runner	INFO	Running command: "/usr/bin/firefox" "--marionette" "-no-remote" "-profile" "/tmp/rust_mozprofilecJNstr"
ATTENTION: default value of option mesa_glthread overridden by environment.
ATTENTION: default value of option mesa_glthread overridden by environment.
ATTENTION: default value of option mesa_glthread overridden by environment.
ATTENTION: default value of option mesa_glthread overridden by environment.
1652873744400	Marionette	INFO	Marionette enabled
console.warn: SearchSettings: "get: No settings file exists, new profile?" (new NotFoundError("Could not open the file at /tmp/rust_mozprofilecJNstr/search.json.mozlz4", (void 0)))
1652873745614	Marionette	INFO	Listening on port 41425
1652873745720	RemoteAgent	WARN	TLS certificate errors will be ignored for this session
console.warn: LoginRecipes: "getRecipes: falling back to a synchronous message for:" "https://orcid.org"
console.warn: LoginRecipes: "getRecipes: falling back to a synchronous message for:" "https://orcid.org"
JavaScript error: resource://gre/modules/LoginManagerParent.jsm, line 136: TypeError: gRecipeManager is null
JavaScript error: http://127.0.0.1:8000/static/copo/js/dtol_functions.js, line 381: TypeError: data[d].date_created is undefined
1652873757948	Marionette	INFO	Stopped listening on port 41425

###!!! [Parent][PImageBridgeParent] Error: RunMessage(msgname=PImageBridge::Msg_WillClose) Channel closing: too late to send/recv, messages will be lost

Sandbox: Unexpected EOF, op 0 flags 00 path /proc/cpuinfo
1652873786031	geckodriver	INFO	Listening on 127.0.0.1:36033
1652873787040	mozrunner::runner	INFO	Running command: "/usr/bin/firefox" "--marionette" "-no-remote" "-profile" "/tmp/rust_mozprofilemO1LlW"
ATTENTION: default value of option mesa_glthread overridden by environment.
ATTENTION: default value of option mesa_glthread overridden by environment.
ATTENTION: default value of option mesa_glthread overridden by environment.
ATTENTION: default value of option mesa_glthread overridden by environment.
1652873787666	Marionette	INFO	Marionette enabled
console.warn: SearchSettings: "get: No settings file exists, new profile?" (new NotFoundError("Could not open the file at /tmp/rust_mozprofilemO1LlW/search.json.mozlz4", (void 0)))
1652873788615	Marionette	INFO	Listening on port 43091
1652873788692	RemoteAgent	WARN	TLS certificate errors will be ignored for this session
console.warn: LoginRecipes: "getRecipes: falling back to a synchronous message for:" "https://orcid.org"
console.warn: LoginRecipes: "getRecipes: falling back to a synchronous message for:" "https://orcid.org"
JavaScript error: resource://gre/modules/LoginManagerParent.jsm, line 136: TypeError: gRecipeManager is null
JavaScript error: http://127.0.0.1:8000/static/copo/js/dtol_functions.js, line 381: TypeError: data[d].date_created is undefined
1652873801224	Marionette	INFO	Stopped listening on port 43091

###!!! [Child][PContentChild] Error: RunMessage(msgname=PWebSocket::Msg_OnServerClose) Channel closing: too late to send/recv, messages will be lost


###!!! [Child][PContentChild] Error: RunMessage(msgname=PWebSocket::Msg_OnStop) Channel closing: too late to send/recv, messages will be lost


###!!! [Parent][PImageBridgeParent] Error: RunMessage(msgname=PImageBridge::Msg_WillClose) Channel closing: too late to send/recv, messages will be lost

Sandbox: Unexpected EOF, op 0 flags 00 path /proc/cpuinfo
1652873884794	geckodriver	INFO	Listening on 127.0.0.1:57461
1652873884797	mozrunner::runner	INFO	Running command: "/usr/bin/firefox" "--marionette" "-no-remote" "-profile" "/tmp/rust_mozprofileZDwBKb"
ATTENTION: default value of option mesa_glthread overridden by environment.
ATTENTION: default value of option mesa_glthread overridden by environment.
ATTENTION: default value of option mesa_glthread overridden by environment.
ATTENTION: default value of option mesa_glthread overridden by environment.
1652873885361	Marionette	INFO	Marionette enabled
console.warn: SearchSettings: "get: No settings file exists, new profile?" (new NotFoundError("Could not open the file at /tmp/rust_mozprofileZDwBKb/search.json.mozlz4", (void 0)))
1652873886283	Marionette	INFO	Listening on port 41289
1652873886311	RemoteAgent	WARN	TLS certificate errors will be ignored for this session
console.warn: LoginRecipes: "getRecipes: falling back to a synchronous message for:" "https://orcid.org"
console.warn: LoginRecipes: "getRecipes: falling back to a synchronous message for:" "https://orcid.org"
JavaScript error: resource://gre/modules/LoginManagerParent.jsm, line 136: TypeError: gRecipeManager is null
JavaScript error: http://127.0.0.1:8000/static/copo/js/dtol_functions.js, line 381: TypeError: data[d].date_created is undefined
1652873897553	Marionette	INFO	Stopped listening on port 41289
1652873915327	geckodriver	INFO	Listening on 127.0.0.1:53569
1652873915330	mozrunner::runner	INFO	Running command: "/usr/bin/firefox" "--marionette" "-no-remote" "-profile" "/tmp/rust_mozprofileaqjS8o"
ATTENTION: default value of option mesa_glthread overridden by environment.
ATTENTION: default value of option mesa_glthread overridden by environment.
ATTENTION: default value of option mesa_glthread overridden by environment.
ATTENTION: default value of option mesa_glthread overridden by environment.
1652873915899	Marionette	INFO	Marionette enabled
console.warn: SearchSettings: "get: No settings file exists, new profile?" (new NotFoundError("Could not open the file at /tmp/rust_mozprofileaqjS8o/search.json.mozlz4", (void 0)))
1652873916747	Marionette	INFO	Listening on port 41701
1652873916844	RemoteAgent	WARN	TLS certificate errors will be ignored for this session
console.warn: LoginRecipes: "getRecipes: falling back to a synchronous message for:" "https://orcid.org"
console.warn: LoginRecipes: "getRecipes: falling back to a synchronous message for:" "https://orcid.org"
JavaScript error: resource://gre/modules/LoginManagerParent.jsm, line 136: TypeError: gRecipeManager is null
JavaScript error: http://127.0.0.1:8000/static/copo/js/dtol_functions.js, line 381: TypeError: data[d].date_created is undefined
1652873928738	Marionette	INFO	Stopped listening on port 41701

###!!! [Parent][PImageBridgeParent] Error: RunMessage(msgname=PImageBridge::Msg_WillClose) Channel closing: too late to send/recv, messages will be lost

Sandbox: Unexpected EOF, op 0 flags 00 path /proc/cpuinfo
1652874083571	geckodriver	INFO	Listening on 127.0.0.1:53175
1652874083573	mozrunner::runner	INFO	Running command: "/usr/bin/firefox" "--marionette" "-no-remote" "-profile" "/tmp/rust_mozprofile7U64cr"
ATTENTION: default value of option mesa_glthread overridden by environment.
ATTENTION: default value of option mesa_glthread overridden by environment.
ATTENTION: default value of option mesa_glthread overridden by environment.
ATTENTION: default value of option mesa_glthread overridden by environment.
1652874084143	Marionette	INFO	Marionette enabled
console.warn: SearchSettings: "get: No settings file exists, new profile?" (new NotFoundError("Could not open the file at /tmp/rust_mozprofile7U64cr/search.json.mozlz4", (void 0)))
1652874085266	Marionette	INFO	Listening on port 34113
1652874085293	RemoteAgent	WARN	TLS certificate errors will be ignored for this session
console.warn: LoginRecipes: "getRecipes: falling back to a synchronous message for:" "https://orcid.org"
console.warn: LoginRecipes: "getRecipes: falling back to a synchronous message for:" "https://orcid.org"
JavaScript error: resource://gre/modules/LoginManagerParent.jsm, line 136: TypeError: gRecipeManager is null
JavaScript error: http://127.0.0.1:8000/static/copo/js/dtol_functions.js, line 381: TypeError: data[d].date_created is undefined
1652874126440	Marionette	INFO	Stopped listening on port 34113

###!!! [Parent][PImageBridgeParent] Error: RunMessage(msgname=PImageBridge::Msg_WillClose) Channel closing: too late to send/recv, messages will be lost

Sandbox: Unexpected EOF, op 0 flags 00 path /proc/cpuinfo
1652874268481	geckodriver	INFO	Listening on 127.0.0.1:33551
1652874268484	mozrunner::runner	INFO	Running command: "/usr/bin/firefox" "--marionette" "-no-remote" "-profile" "/tmp/rust_mozprofileJ65hxe"
ATTENTION: default value of option mesa_glthread overridden by environment.
ATTENTION: default value of option mesa_glthread overridden by environment.
ATTENTION: default value of option mesa_glthread overridden by environment.
ATTENTION: default value of option mesa_glthread overridden by environment.
1652874269107	Marionette	INFO	Marionette enabled
console.warn: SearchSettings: "get: No settings file exists, new profile?" (new NotFoundError("Could not open the file at /tmp/rust_mozprofileJ65hxe/search.json.mozlz4", (void 0)))
1652874270018	Marionette	INFO	Listening on port 35571
1652874270124	RemoteAgent	WARN	TLS certificate errors will be ignored for this session

###!!! [Child][PContentChild] Error: RunMessage(msgname=PContent::Msg_CommitBrowsingContextTransaction) Channel closing: too late to send/recv, messages will be lost


###!!! [Child][PContentChild] Error: RunMessage(msgname=PContent::Msg_CommitBrowsingContextTransaction) Channel closing: too late to send/recv, messages will be lost


###!!! [Child][PContentChild] Error: RunMessage(msgname=PContent::Msg_CommitBrowsingContextTransaction) Channel closing: too late to send/recv, messages will be lost


###!!! [Child][PContentChild] Error: RunMessage(msgname=PContent::Msg_CreateWindowContext) Channel closing: too late to send/recv, messages will be lost


###!!! [Child][PContentChild] Error: RunMessage(msgname=PContent::Msg_CommitBrowsingContextTransaction) Channel closing: too late to send/recv, messages will be lost


###!!! [Child][PContentChild] Error: RunMessage(msgname=PContent::Msg_CommitWindowContextTransaction) Channel closing: too late to send/recv, messages will be lost


###!!! [Child][PContentChild] Error: RunMessage(msgname=PContent::Msg_CommitWindowContextTransaction) Channel closing: too late to send/recv, messages will be lost


###!!! [Child][PContentChild] Error: RunMessage(msgname=PContent::Msg_CommitBrowsingContextTransaction) Channel closing: too late to send/recv, messages will be lost

console.warn: LoginRecipes: "getRecipes: falling back to a synchronous message for:" "https://orcid.org"
console.warn: LoginRecipes: "getRecipes: falling back to a synchronous message for:" "https://orcid.org"
JavaScript error: resource://gre/modules/LoginManagerParent.jsm, line 136: TypeError: gRecipeManager is null
JavaScript error: http://127.0.0.1:8000/static/copo/js/dtol_functions.js, line 381: TypeError: data[d].date_created is undefined
1652874336421	Marionette	INFO	Stopped listening on port 35571

###!!! [Parent][PImageBridgeParent] Error: RunMessage(msgname=PImageBridge::Msg_WillClose) Channel closing: too late to send/recv, messages will be lost

1652874396154	geckodriver	INFO	Listening on 127.0.0.1:41637
1652874396156	mozrunner::runner	INFO	Running command: "/usr/bin/firefox" "--marionette" "-no-remote" "-profile" "/tmp/rust_mozprofile8M8kN9"
ATTENTION: default value of option mesa_glthread overridden by environment.
ATTENTION: default value of option mesa_glthread overridden by environment.
ATTENTION: default value of option mesa_glthread overridden by environment.
ATTENTION: default value of option mesa_glthread overridden by environment.
1652874396748	Marionette	INFO	Marionette enabled
console.warn: SearchSettings: "get: No settings file exists, new profile?" (new NotFoundError("Could not open the file at /tmp/rust_mozprofile8M8kN9/search.json.mozlz4", (void 0)))
1652874397663	Marionette	INFO	Listening on port 32925
1652874397772	RemoteAgent	WARN	TLS certificate errors will be ignored for this session
console.warn: LoginRecipes: "getRecipes: falling back to a synchronous message for:" "https://orcid.org"
console.warn: LoginRecipes: "getRecipes: falling back to a synchronous message for:" "https://orcid.org"
JavaScript error: resource://gre/modules/LoginManagerParent.jsm, line 136: TypeError: gRecipeManager is null
JavaScript error: http://127.0.0.1:8000/static/copo/js/dtol_functions.js, line 381: TypeError: data[d].date_created is undefined
Marionette threw an error: [Exception... "Failure"  nsresult: "0x80004005 (NS_ERROR_FAILURE)"  location: "JS frame :: chrome://remote/content/marionette/capture.js :: capture.canvas :: line 143"  data: no]
capture.canvas@chrome://remote/content/marionette/capture.js:143:62
takeScreenshot@chrome://remote/content/marionette/actors/MarionetteCommandsParent.jsm:256:32

Marionette threw an error: [Exception... "Failure"  nsresult: "0x80004005 (NS_ERROR_FAILURE)"  location: "JS frame :: chrome://remote/content/marionette/capture.js :: capture.canvas :: line 143"  data: no]
capture.canvas@chrome://remote/content/marionette/capture.js:143:62
takeScreenshot@chrome://remote/content/marionette/actors/MarionetteCommandsParent.jsm:256:32

Marionette threw an error: [Exception... "Failure"  nsresult: "0x80004005 (NS_ERROR_FAILURE)"  location: "JS frame :: chrome://remote/content/marionette/capture.js :: capture.canvas :: line 143"  data: no]
capture.canvas@chrome://remote/content/marionette/capture.js:143:62
takeScreenshot@chrome://remote/content/marionette/actors/MarionetteCommandsParent.jsm:256:32

Marionette threw an error: [Exception... "Failure"  nsresult: "0x80004005 (NS_ERROR_FAILURE)"  location: "JS frame :: chrome://remote/content/marionette/capture.js :: capture.canvas :: line 143"  data: no]
capture.canvas@chrome://remote/content/marionette/capture.js:143:62
takeScreenshot@chrome://remote/content/marionette/actors/MarionetteCommandsParent.jsm:256:32

Marionette threw an error: [Exception... "Failure"  nsresult: "0x80004005 (NS_ERROR_FAILURE)"  location: "JS frame :: chrome://remote/content/marionette/capture.js :: capture.canvas :: line 143"  data: no]
capture.canvas@chrome://remote/content/marionette/capture.js:143:62
takeScreenshot@chrome://remote/content/marionette/actors/MarionetteCommandsParent.jsm:256:32

Marionette threw an error: [Exception... "Failure"  nsresult: "0x80004005 (NS_ERROR_FAILURE)"  location: "JS frame :: chrome://remote/content/marionette/capture.js :: capture.canvas :: line 143"  data: no]
capture.canvas@chrome://remote/content/marionette/capture.js:143:62
takeScreenshot@chrome://remote/content/marionette/actors/MarionetteCommandsParent.jsm:256:32

Marionette threw an error: [Exception... "Failure"  nsresult: "0x80004005 (NS_ERROR_FAILURE)"  location: "JS frame :: chrome://remote/content/marionette/capture.js :: capture.canvas :: line 143"  data: no]
capture.canvas@chrome://remote/content/marionette/capture.js:143:62
takeScreenshot@chrome://remote/content/marionette/actors/MarionetteCommandsParent.jsm:256:32

Marionette threw an error: [Exception... "Failure"  nsresult: "0x80004005 (NS_ERROR_FAILURE)"  location: "JS frame :: chrome://remote/content/marionette/capture.js :: capture.canvas :: line 143"  data: no]
capture.canvas@chrome://remote/content/marionette/capture.js:143:62
takeScreenshot@chrome://remote/content/marionette/actors/MarionetteCommandsParent.jsm:256:32

Marionette threw an error: [Exception... "Failure"  nsresult: "0x80004005 (NS_ERROR_FAILURE)"  location: "JS frame :: chrome://remote/content/marionette/capture.js :: capture.canvas :: line 143"  data: no]
capture.canvas@chrome://remote/content/marionette/capture.js:143:62
takeScreenshot@chrome://remote/content/marionette/actors/MarionetteCommandsParent.jsm:256:32

Marionette threw an error: [Exception... "Failure"  nsresult: "0x80004005 (NS_ERROR_FAILURE)"  location: "JS frame :: chrome://remote/content/marionette/capture.js :: capture.canvas :: line 143"  data: no]
capture.canvas@chrome://remote/content/marionette/capture.js:143:62
takeScreenshot@chrome://remote/content/marionette/actors/MarionetteCommandsParent.jsm:256:32

Marionette threw an error: [Exception... "Failure"  nsresult: "0x80004005 (NS_ERROR_FAILURE)"  location: "JS frame :: chrome://remote/content/marionette/capture.js :: capture.canvas :: line 143"  data: no]
capture.canvas@chrome://remote/content/marionette/capture.js:143:62
takeScreenshot@chrome://remote/content/marionette/actors/MarionetteCommandsParent.jsm:256:32

Marionette threw an error: [Exception... "Failure"  nsresult: "0x80004005 (NS_ERROR_FAILURE)"  location: "JS frame :: chrome://remote/content/marionette/capture.js :: capture.canvas :: line 143"  data: no]
capture.canvas@chrome://remote/content/marionette/capture.js:143:62
takeScreenshot@chrome://remote/content/marionette/actors/MarionetteCommandsParent.jsm:256:32

1652874607051	Marionette	INFO	Stopped listening on port 32925

###!!! [Parent][PImageBridgeParent] Error: RunMessage(msgname=PImageBridge::Msg_WillClose) Channel closing: too late to send/recv, messages will be lost

Sandbox: Unexpected EOF, op 0 flags 00 path /proc/cpuinfo
1652874850003	geckodriver	INFO	Listening on 127.0.0.1:39583
1652874851013	mozrunner::runner	INFO	Running command: "/usr/bin/firefox" "--marionette" "-no-remote" "-profile" "/tmp/rust_mozprofile0jF0Xx"
ATTENTION: default value of option mesa_glthread overridden by environment.
ATTENTION: default value of option mesa_glthread overridden by environment.
ATTENTION: default value of option mesa_glthread overridden by environment.
ATTENTION: default value of option mesa_glthread overridden by environment.
1652874851630	Marionette	INFO	Marionette enabled
console.warn: SearchSettings: "get: No settings file exists, new profile?" (new NotFoundError("Could not open the file at /tmp/rust_mozprofile0jF0Xx/search.json.mozlz4", (void 0)))
1652874852574	Marionette	INFO	Listening on port 34287
1652874852631	RemoteAgent	WARN	TLS certificate errors will be ignored for this session
console.warn: LoginRecipes: "getRecipes: falling back to a synchronous message for:" "https://orcid.org"
console.warn: LoginRecipes: "getRecipes: falling back to a synchronous message for:" "https://orcid.org"
JavaScript error: resource://gre/modules/LoginManagerParent.jsm, line 136: TypeError: gRecipeManager is null
JavaScript error: http://127.0.0.1:8000/static/copo/js/dtol_functions.js, line 381: TypeError: data[d].date_created is undefined
1652874861366	Marionette	WARN	TimedPromise timed out after 500 ms: stacktrace:
TimedPromise/<@chrome://remote/content/marionette/sync.js:235:19
TimedPromise@chrome://remote/content/marionette/sync.js:220:10
interaction.flushEventLoop@chrome://remote/content/marionette/interaction.js:431:10
webdriverClickElement@chrome://remote/content/marionette/interaction.js:179:31
1652874881741	Marionette	INFO	Stopped listening on port 34287

###!!! [Child][PContentChild] Error: RunMessage(msgname=PWebSocket::Msg_OnServerClose) Channel closing: too late to send/recv, messages will be lost


###!!! [Child][PContentChild] Error: RunMessage(msgname=PWebSocket::Msg_OnStop) Channel closing: too late to send/recv, messages will be lost


###!!! [Parent][PImageBridgeParent] Error: RunMessage(msgname=PImageBridge::Msg_WillClose) Channel closing: too late to send/recv, messages will be lost

Sandbox: Unexpected EOF, op 0 flags 00 path /proc/cpuinfo
1652875050535	geckodriver	INFO	Listening on 127.0.0.1:42509
1652875050538	mozrunner::runner	INFO	Running command: "/usr/bin/firefox" "--marionette" "-no-remote" "-profile" "/tmp/rust_mozprofilenWKvVU"
ATTENTION: default value of option mesa_glthread overridden by environment.
ATTENTION: default value of option mesa_glthread overridden by environment.
ATTENTION: default value of option mesa_glthread overridden by environment.
ATTENTION: default value of option mesa_glthread overridden by environment.
1652875051159	Marionette	INFO	Marionette enabled
console.warn: SearchSettings: "get: No settings file exists, new profile?" (new NotFoundError("Could not open the file at /tmp/rust_mozprofilenWKvVU/search.json.mozlz4", (void 0)))
1652875052085	Marionette	INFO	Listening on port 35647
1652875052158	RemoteAgent	WARN	TLS certificate errors will be ignored for this session
console.warn: LoginRecipes: "getRecipes: falling back to a synchronous message for:" "https://orcid.org"
console.warn: LoginRecipes: "getRecipes: falling back to a synchronous message for:" "https://orcid.org"
JavaScript error: resource://gre/modules/LoginManagerParent.jsm, line 136: TypeError: gRecipeManager is null
JavaScript error: http://127.0.0.1:8000/static/copo/js/dtol_functions.js, line 381: TypeError: data[d].date_created is undefined
1652875114180	Marionette	INFO	Stopped listening on port 35647

###!!! [Parent][PImageBridgeParent] Error: RunMessage(msgname=PImageBridge::Msg_WillClose) Channel closing: too late to send/recv, messages will be lost

1652875334593	geckodriver	INFO	Listening on 127.0.0.1:52827
1652875335601	mozrunner::runner	INFO	Running command: "/usr/bin/firefox" "--marionette" "-no-remote" "-profile" "/tmp/rust_mozprofile6Nvocr"
ATTENTION: default value of option mesa_glthread overridden by environment.
ATTENTION: default value of option mesa_glthread overridden by environment.
ATTENTION: default value of option mesa_glthread overridden by environment.
ATTENTION: default value of option mesa_glthread overridden by environment.
1652875336193	Marionette	INFO	Marionette enabled
console.warn: SearchSettings: "get: No settings file exists, new profile?" (new NotFoundError("Could not open the file at /tmp/rust_mozprofile6Nvocr/search.json.mozlz4", (void 0)))
1652875337306	Marionette	INFO	Listening on port 36607
1652875337439	RemoteAgent	WARN	TLS certificate errors will be ignored for this session
console.warn: LoginRecipes: "getRecipes: falling back to a synchronous message for:" "https://orcid.org"
console.warn: LoginRecipes: "getRecipes: falling back to a synchronous message for:" "https://orcid.org"
JavaScript error: resource://gre/modules/LoginManagerParent.jsm, line 136: TypeError: gRecipeManager is null
JavaScript error: http://127.0.0.1:8000/static/copo/js/dtol_functions.js, line 381: TypeError: data[d].date_created is undefined
1652875736412	addons.xpi	ERROR	System addon update list error Error: Failed downloading XML, status: 0, reason: error
JavaScript error: , line 0: TypeError: NetworkError when attempting to fetch resource.
JavaScript error: , line 0: TypeError: NetworkError when attempting to fetch resource.
JavaScript error: , line 0: TypeError: NetworkError when attempting to fetch resource.
1652876728891	Marionette	WARN	Ignoring event 'pageshow' because document has an invalid readyState of 'uninitialized'.
1652876728905	Marionette	WARN	Ignoring event 'pageshow' because document has an invalid readyState of 'uninitialized'.
1652876728906	Marionette	WARN	Ignoring event 'pageshow' because document has an invalid readyState of 'uninitialized'.
JavaScript error: , line 0: TypeError: NetworkError when attempting to fetch resource.
JavaScript error: , line 0: TypeError: NetworkError when attempting to fetch resource.
1652876752492	Marionette	WARN	Ignoring event 'pageshow' because document has an invalid readyState of 'uninitialized'.
1652876753493	Marionette	WARN	Ignoring event 'pageshow' because document has an invalid readyState of 'uninitialized'.
1652876753494	Marionette	WARN	Ignoring event 'pageshow' because document has an invalid readyState of 'uninitialized'.
JavaScript error: , line 0: uncaught exception: Timeout
1652876774490	Marionette	WARN	Ignoring event 'pageshow' because document has an invalid readyState of 'uninitialized'.
JavaScript error: , line 0: uncaught exception: Timeout
1652876775504	Marionette	WARN	Ignoring event 'pageshow' because document has an invalid readyState of 'uninitialized'.
JavaScript error: , line 0: uncaught exception: Timeout
1652876776510	Marionette	WARN	Ignoring event 'pageshow' because document has an invalid readyState of 'uninitialized'.
JavaScript error: , line 0: TypeError: NetworkError when attempting to fetch resource.
JavaScript error: , line 0: TypeError: NetworkError when attempting to fetch resource.
JavaScript error: , line 0: TypeError: NetworkError when attempting to fetch resource.
JavaScript warning: https://pagead2.googlesyndication.com/bg/g51hIJTSSbKmE1DfHFqbr9lDc41juRM9f8n7HMlSD3A.js line 1 > eval line 2098 > eval line 1 > eval line 1 > eval, line 1: WEBGL_debug_renderer_info is deprecated in Firefox and will be removed. Please use RENDERER.
JavaScript warning: https://z.moatads.com/essencedigitalemeav2553596143685/moatad.js#moatClientLevel1=26946907&moatClientLevel2=6036527&moatClientLevel3=323644946&moatClientLevel4=160337128&zMoatG=ct=UK&st=&city=3769&dma=0&zp=NR4&bw=4&moatVCE=0&ord=1756122763&zMoatADV=2679689&zMoatENV=j&zMoatAUCID=&zMoatABH=0, line 243: WEBGL_debug_renderer_info is deprecated in Firefox and will be removed. Please use RENDERER.
JavaScript warning: https://pagead2.googlesyndication.com/bg/g51hIJTSSbKmE1DfHFqbr9lDc41juRM9f8n7HMlSD3A.js line 1 > eval line 1990 > eval line 1 > eval line 1 > eval, line 1: WEBGL_debug_renderer_info is deprecated in Firefox and will be removed. Please use RENDERER.
JavaScript error: , line 0: uncaught exception: 7
JavaScript error: , line 0: TypeError: NetworkError when attempting to fetch resource.
1652879000921	Marionette	INFO	Stopped listening on port 36607
1652879061284	geckodriver	INFO	Listening on 127.0.0.1:48295
1652879062298	mozrunner::runner	INFO	Running command: "/usr/bin/firefox" "--marionette" "-no-remote" "-profile" "/tmp/rust_mozprofilep4NIiB"
ATTENTION: default value of option mesa_glthread overridden by environment.
ATTENTION: default value of option mesa_glthread overridden by environment.
ATTENTION: default value of option mesa_glthread overridden by environment.
ATTENTION: default value of option mesa_glthread overridden by environment.
1652879063059	Marionette	INFO	Marionette enabled
console.warn: SearchSettings: "get: No settings file exists, new profile?" (new NotFoundError("Could not open the file at /tmp/rust_mozprofilep4NIiB/search.json.mozlz4", (void 0)))
1652879064335	Marionette	INFO	Listening on port 44655
1652879064466	RemoteAgent	WARN	TLS certificate errors will be ignored for this session
console.warn: LoginRecipes: "getRecipes: falling back to a synchronous message for:" "https://orcid.org"
console.warn: LoginRecipes: "getRecipes: falling back to a synchronous message for:" "https://orcid.org"
JavaScript error: resource://gre/modules/LoginManagerParent.jsm, line 136: TypeError: gRecipeManager is null
JavaScript error: http://127.0.0.1:8000/static/copo/js/dtol_functions.js, line 381: TypeError: data[d].date_created is undefined
Exiting due to channel error.
Exiting due to channel error.
1652879216847	geckodriver	INFO	Listening on 127.0.0.1:53589
1652879217864	mozrunner::runner	INFO	Running command: "/usr/bin/firefox" "--marionette" "-no-remote" "-profile" "/tmp/rust_mozprofileCHnAy5"
ATTENTION: default value of option mesa_glthread overridden by environment.
ATTENTION: default value of option mesa_glthread overridden by environment.
ATTENTION: default value of option mesa_glthread overridden by environment.
ATTENTION: default value of option mesa_glthread overridden by environment.
1652879218710	Marionette	INFO	Marionette enabled
console.warn: SearchSettings: "get: No settings file exists, new profile?" (new NotFoundError("Could not open the file at /tmp/rust_mozprofileCHnAy5/search.json.mozlz4", (void 0)))
1652879219983	Marionette	INFO	Listening on port 43095
1652879220088	RemoteAgent	WARN	TLS certificate errors will be ignored for this session
console.warn: LoginRecipes: "getRecipes: falling back to a synchronous message for:" "https://orcid.org"
console.warn: LoginRecipes: "getRecipes: falling back to a synchronous message for:" "https://orcid.org"
JavaScript error: resource://gre/modules/LoginManagerParent.jsm, line 136: TypeError: gRecipeManager is null

###!!! [Parent][PProfilerParent] Error: RunMessage(msgname=PProfiler::Reply_Stop) Channel closing: too late to send/recv, messages will be lost

JavaScript error: http://127.0.0.1:8000/static/copo/js/dtol_functions.js, line 381: TypeError: data[d].date_created is undefined
1652879232470	Marionette	INFO	Stopped listening on port 43095

###!!! [Parent][PImageBridgeParent] Error: RunMessage(msgname=PImageBridge::Msg_WillClose) Channel closing: too late to send/recv, messages will be lost

1652879295848	geckodriver	INFO	Listening on 127.0.0.1:45653
1652879296860	mozrunner::runner	INFO	Running command: "/usr/bin/firefox" "--marionette" "-no-remote" "-profile" "/tmp/rust_mozprofileFiToRU"
ATTENTION: default value of option mesa_glthread overridden by environment.
ATTENTION: default value of option mesa_glthread overridden by environment.
ATTENTION: default value of option mesa_glthread overridden by environment.
ATTENTION: default value of option mesa_glthread overridden by environment.
1652879297593	Marionette	INFO	Marionette enabled
console.warn: SearchSettings: "get: No settings file exists, new profile?" (new NotFoundError("Could not open the file at /tmp/rust_mozprofileFiToRU/search.json.mozlz4", (void 0)))
1652879298813	Marionette	INFO	Listening on port 44617
1652879298890	RemoteAgent	WARN	TLS certificate errors will be ignored for this session
console.warn: LoginRecipes: "getRecipes: falling back to a synchronous message for:" "https://orcid.org"
console.warn: LoginRecipes: "getRecipes: falling back to a synchronous message for:" "https://orcid.org"
JavaScript error: resource://gre/modules/LoginManagerParent.jsm, line 136: TypeError: gRecipeManager is null
JavaScript error: http://127.0.0.1:8000/static/copo/js/dtol_functions.js, line 381: TypeError: data[d].date_created is undefined
1652879311824	Marionette	INFO	Stopped listening on port 44617

###!!! [Parent][PImageBridgeParent] Error: RunMessage(msgname=PImageBridge::Msg_WillClose) Channel closing: too late to send/recv, messages will be lost

1652879454538	geckodriver	INFO	Listening on 127.0.0.1:35523
1652879455552	mozrunner::runner	INFO	Running command: "/usr/bin/firefox" "--marionette" "-no-remote" "-profile" "/tmp/rust_mozprofilemyd1bz"
ATTENTION: default value of option mesa_glthread overridden by environment.
ATTENTION: default value of option mesa_glthread overridden by environment.
ATTENTION: default value of option mesa_glthread overridden by environment.
ATTENTION: default value of option mesa_glthread overridden by environment.
1652879456293	Marionette	INFO	Marionette enabled
console.warn: SearchSettings: "get: No settings file exists, new profile?" (new NotFoundError("Could not open the file at /tmp/rust_mozprofilemyd1bz/search.json.mozlz4", (void 0)))
1652879457641	Marionette	INFO	Listening on port 41177
1652879457750	RemoteAgent	WARN	TLS certificate errors will be ignored for this session
console.warn: LoginRecipes: "getRecipes: falling back to a synchronous message for:" "https://orcid.org"
console.warn: LoginRecipes: "getRecipes: falling back to a synchronous message for:" "https://orcid.org"
JavaScript error: resource://gre/modules/LoginManagerParent.jsm, line 136: TypeError: gRecipeManager is null
JavaScript error: http://127.0.0.1:8000/static/copo/js/dtol_functions.js, line 381: TypeError: data[d].date_created is undefined
1652879675930	Marionette	INFO	Stopped listening on port 41177
Sandbox: Unexpected EOF, op 0 flags 00 path /proc/cpuinfo
1652880051147	geckodriver	INFO	Listening on 127.0.0.1:51385
1652880052151	mozrunner::runner	INFO	Running command: "/usr/bin/firefox" "--marionette" "-no-remote" "-profile" "/tmp/rust_mozprofileDiuQN5"
ATTENTION: default value of option mesa_glthread overridden by environment.
ATTENTION: default value of option mesa_glthread overridden by environment.
ATTENTION: default value of option mesa_glthread overridden by environment.
ATTENTION: default value of option mesa_glthread overridden by environment.
1652880052951	Marionette	INFO	Marionette enabled
console.warn: SearchSettings: "get: No settings file exists, new profile?" (new NotFoundError("Could not open the file at /tmp/rust_mozprofileDiuQN5/search.json.mozlz4", (void 0)))
1652880054123	Marionette	INFO	Listening on port 46377
1652880054203	RemoteAgent	WARN	TLS certificate errors will be ignored for this session
console.warn: LoginRecipes: "getRecipes: falling back to a synchronous message for:" "https://orcid.org"
console.warn: LoginRecipes: "getRecipes: falling back to a synchronous message for:" "https://orcid.org"
JavaScript error: resource://gre/modules/LoginManagerParent.jsm, line 136: TypeError: gRecipeManager is null
JavaScript error: http://127.0.0.1:8000/static/copo/js/dtol_functions.js, line 381: TypeError: data[d].date_created is undefined
1652880066815	Marionette	INFO	Stopped listening on port 46377

###!!! [Parent][PImageBridgeParent] Error: RunMessage(msgname=PImageBridge::Msg_WillClose) Channel closing: too late to send/recv, messages will be lost

Sandbox: Unexpected EOF, op 0 flags 00 path /proc/cpuinfo
1652880111968	geckodriver	INFO	Listening on 127.0.0.1:55065
1652880112972	mozrunner::runner	INFO	Running command: "/usr/bin/firefox" "--marionette" "-no-remote" "-profile" "/tmp/rust_mozprofileDLDWEu"
ATTENTION: default value of option mesa_glthread overridden by environment.
ATTENTION: default value of option mesa_glthread overridden by environment.
ATTENTION: default value of option mesa_glthread overridden by environment.
ATTENTION: default value of option mesa_glthread overridden by environment.
1652880113607	Marionette	INFO	Marionette enabled
console.warn: SearchSettings: "get: No settings file exists, new profile?" (new NotFoundError("Could not open the file at /tmp/rust_mozprofileDLDWEu/search.json.mozlz4", (void 0)))
1652880114587	Marionette	INFO	Listening on port 43205
1652880114692	RemoteAgent	WARN	TLS certificate errors will be ignored for this session
console.warn: LoginRecipes: "getRecipes: falling back to a synchronous message for:" "https://orcid.org"
console.warn: LoginRecipes: "getRecipes: falling back to a synchronous message for:" "https://orcid.org"
JavaScript error: resource://gre/modules/LoginManagerParent.jsm, line 136: TypeError: gRecipeManager is null
JavaScript error: http://127.0.0.1:8000/static/copo/js/dtol_functions.js, line 381: TypeError: data[d].date_created is undefined
Exiting due to channel error.
Exiting due to channel error.
Exiting due to channel error.
Exiting due to channel error.
Exiting due to channel error.
1652880339651	Marionette	INFO	Stopped listening on port 40237

###!!! [Child][PContentChild] Error: RunMessage(msgname=PContent::Msg_DiscardWindowContext) Channel closing: too late to send/recv, messages will be lost


###!!! [Child][PContentChild] Error: RunMessage(msgname=PContent::Msg_DiscardWindowContext) Channel closing: too late to send/recv, messages will be lost


###!!! [Child][PContentChild] Error: RunMessage(msgname=PContent::Msg_DiscardWindowContext) Channel closing: too late to send/recv, messages will be lost


###!!! [Child][PContentChild] Error: RunMessage(msgname=PContent::Msg_DiscardWindowContext) Channel closing: too late to send/recv, messages will be lost


###!!! [Parent][PContentParent] Error: Send(msgname=PContent::Msg_DestroyBrowsingContextGroup) Closed channel: cannot send/recv


###!!! [Child][PContentChild] Error: RunMessage(msgname=PContent::Reply_DiscardBrowsingContext) Channel closing: too late to send/recv, messages will be lost

JavaScript error: chrome://remote/content/marionette/cert.js, line 55: NS_ERROR_NOT_AVAILABLE: Component returned failure code: 0x80040111 (NS_ERROR_NOT_AVAILABLE) [nsICertOverrideService.setDisableAllSecurityChecksAndLetAttackersInterceptMyData]

###!!! [Parent][PImageBridgeParent] Error: RunMessage(msgname=PImageBridge::Msg_WillClose) Channel closing: too late to send/recv, messages will be lost

Sandbox: Unexpected EOF, op 0 flags 00 path /proc/cpuinfo
1652880341080	Marionette	INFO	Stopped listening on port 41907

###!!! [Parent][PContentParent] Error: Send(msgname=PContent::Msg_DestroyBrowsingContextGroup) Closed channel: cannot send/recv


###!!! [Parent][PContentParent] Error: Send(msgname=PContent::Msg_DestroyBrowsingContextGroup) Closed channel: cannot send/recv


###!!! [Parent][PContentParent] Error: Send(msgname=PContent::Msg_DestroyBrowsingContextGroup) Closed channel: cannot send/recv

JavaScript error: chrome://remote/content/marionette/cert.js, line 55: NS_ERROR_NOT_AVAILABLE: Component returned failure code: 0x80040111 (NS_ERROR_NOT_AVAILABLE) [nsICertOverrideService.setDisableAllSecurityChecksAndLetAttackersInterceptMyData]

###!!! [Parent][PImageBridgeParent] Error: RunMessage(msgname=PImageBridge::Msg_WillClose) Channel closing: too late to send/recv, messages will be lost

1652880422640	geckodriver	INFO	Listening on 127.0.0.1:47479
1652880423646	mozrunner::runner	INFO	Running command: "/usr/bin/firefox" "--marionette" "-no-remote" "-profile" "/tmp/rust_mozprofilexzIn8E"
ATTENTION: default value of option mesa_glthread overridden by environment.
ATTENTION: default value of option mesa_glthread overridden by environment.
ATTENTION: default value of option mesa_glthread overridden by environment.
ATTENTION: default value of option mesa_glthread overridden by environment.
1652880424297	Marionette	INFO	Marionette enabled
console.warn: SearchSettings: "get: No settings file exists, new profile?" (new NotFoundError("Could not open the file at /tmp/rust_mozprofilexzIn8E/search.json.mozlz4", (void 0)))
1652880425464	Marionette	INFO	Listening on port 38741
1652880425571	RemoteAgent	WARN	TLS certificate errors will be ignored for this session
Exiting due to channel error.
Exiting due to channel error.
Exiting due to channel error.
Exiting due to channel error.
Exiting due to channel error.
1652883099138	geckodriver	INFO	Listening on 127.0.0.1:35233
1652883100153	mozrunner::runner	INFO	Running command: "/usr/bin/firefox" "--marionette" "-no-remote" "-profile" "/tmp/rust_mozprofileOHVyjn"
ATTENTION: default value of option mesa_glthread overridden by environment.
ATTENTION: default value of option mesa_glthread overridden by environment.
ATTENTION: default value of option mesa_glthread overridden by environment.
ATTENTION: default value of option mesa_glthread overridden by environment.
1652883100746	Marionette	INFO	Marionette enabled
console.warn: SearchSettings: "get: No settings file exists, new profile?" (new NotFoundError("Could not open the file at /tmp/rust_mozprofileOHVyjn/search.json.mozlz4", (void 0)))
1652883101869	Marionette	INFO	Listening on port 42635
1652883101997	RemoteAgent	WARN	TLS certificate errors will be ignored for this session
1652883102174	Marionette	WARN	Ignoring event 'pageshow' because document has an invalid readyState of 'uninitialized'.
1652883102266	Marionette	INFO	Stopped listening on port 42635
1652883109616	geckodriver	INFO	Listening on 127.0.0.1:53889
1652883109619	mozrunner::runner	INFO	Running command: "/usr/bin/firefox" "--marionette" "-no-remote" "-profile" "/tmp/rust_mozprofiletcFndV"
ATTENTION: default value of option mesa_glthread overridden by environment.
ATTENTION: default value of option mesa_glthread overridden by environment.
ATTENTION: default value of option mesa_glthread overridden by environment.
ATTENTION: default value of option mesa_glthread overridden by environment.
1652883110243	Marionette	INFO	Marionette enabled
console.warn: SearchSettings: "get: No settings file exists, new profile?" (new NotFoundError("Could not open the file at /tmp/rust_mozprofiletcFndV/search.json.mozlz4", (void 0)))
1652883111375	Marionette	INFO	Listening on port 39825
1652883111440	RemoteAgent	WARN	TLS certificate errors will be ignored for this session
1652883111579	Marionette	WARN	Ignoring event 'pageshow' because document has an invalid readyState of 'uninitialized'.
1652883111691	Marionette	INFO	Stopped listening on port 39825
Sandbox: Unexpected EOF, op 0 flags 00 path /proc/cpuinfo
1652883130702	geckodriver	INFO	Listening on 127.0.0.1:41023
1652883130705	mozrunner::runner	INFO	Running command: "/usr/bin/firefox" "--marionette" "-no-remote" "-profile" "/tmp/rust_mozprofilezX7OIj"
ATTENTION: default value of option mesa_glthread overridden by environment.
ATTENTION: default value of option mesa_glthread overridden by environment.
ATTENTION: default value of option mesa_glthread overridden by environment.
ATTENTION: default value of option mesa_glthread overridden by environment.
1652883131284	Marionette	INFO	Marionette enabled
console.warn: SearchSettings: "get: No settings file exists, new profile?" (new NotFoundError("Could not open the file at /tmp/rust_mozprofilezX7OIj/search.json.mozlz4", (void 0)))
1652883132294	Marionette	INFO	Listening on port 43371
1652883132320	RemoteAgent	WARN	TLS certificate errors will be ignored for this session
console.warn: LoginRecipes: "getRecipes: falling back to a synchronous message for:" "https://orcid.org"
console.warn: LoginRecipes: "getRecipes: falling back to a synchronous message for:" "https://orcid.org"
JavaScript error: resource://gre/modules/LoginManagerParent.jsm, line 136: TypeError: gRecipeManager is null
Exiting due to channel error.
Exiting due to channel error.
Exiting due to channel error.
Exiting due to channel error.
Exiting due to channel error.
1652883165801	geckodriver	INFO	Listening on 127.0.0.1:50303
1652883165804	mozrunner::runner	INFO	Running command: "/usr/bin/firefox" "--marionette" "-no-remote" "-profile" "/tmp/rust_mozprofileMzmYPo"
ATTENTION: default value of option mesa_glthread overridden by environment.
ATTENTION: default value of option mesa_glthread overridden by environment.
ATTENTION: default value of option mesa_glthread overridden by environment.
ATTENTION: default value of option mesa_glthread overridden by environment.
1652883166379	Marionette	INFO	Marionette enabled
console.warn: SearchSettings: "get: No settings file exists, new profile?" (new NotFoundError("Could not open the file at /tmp/rust_mozprofileMzmYPo/search.json.mozlz4", (void 0)))
1652883167203	Marionette	INFO	Listening on port 36863
1652883167223	RemoteAgent	WARN	TLS certificate errors will be ignored for this session
console.warn: LoginRecipes: "getRecipes: falling back to a synchronous message for:" "https://orcid.org"
console.warn: LoginRecipes: "getRecipes: falling back to a synchronous message for:" "https://orcid.org"
JavaScript error: resource://gre/modules/LoginManagerParent.jsm, line 136: TypeError: gRecipeManager is null
1652883172964	Marionette	INFO	Stopped listening on port 36863
Sandbox: Unexpected EOF, op 0 flags 00 path /proc/cpuinfo
1652883264381	geckodriver	INFO	Listening on 127.0.0.1:43247
1652883264384	mozrunner::runner	INFO	Running command: "/usr/bin/firefox" "--marionette" "-no-remote" "-profile" "/tmp/rust_mozprofilelg3u6Y"
ATTENTION: default value of option mesa_glthread overridden by environment.
ATTENTION: default value of option mesa_glthread overridden by environment.
ATTENTION: default value of option mesa_glthread overridden by environment.
ATTENTION: default value of option mesa_glthread overridden by environment.
1652883265012	Marionette	INFO	Marionette enabled
console.warn: SearchSettings: "get: No settings file exists, new profile?" (new NotFoundError("Could not open the file at /tmp/rust_mozprofilelg3u6Y/search.json.mozlz4", (void 0)))
1652883266050	Marionette	INFO	Listening on port 36923
1652883266118	RemoteAgent	WARN	TLS certificate errors will be ignored for this session
console.warn: LoginRecipes: "getRecipes: falling back to a synchronous message for:" "https://orcid.org"
console.warn: LoginRecipes: "getRecipes: falling back to a synchronous message for:" "https://orcid.org"
JavaScript error: resource://gre/modules/LoginManagerParent.jsm, line 136: TypeError: gRecipeManager is null
JavaScript error: http://127.0.0.1:8000/static/copo/js/dtol_functions.js, line 381: TypeError: data[d].date_created is undefined
1652883308828	Marionette	INFO	Stopped listening on port 36923

###!!! [Parent][PImageBridgeParent] Error: RunMessage(msgname=PImageBridge::Msg_WillClose) Channel closing: too late to send/recv, messages will be lost

1652883402551	geckodriver	INFO	Listening on 127.0.0.1:35483
1652883403559	mozrunner::runner	INFO	Running command: "/usr/bin/firefox" "--marionette" "-no-remote" "-profile" "/tmp/rust_mozprofileS6y3t8"
ATTENTION: default value of option mesa_glthread overridden by environment.
ATTENTION: default value of option mesa_glthread overridden by environment.
ATTENTION: default value of option mesa_glthread overridden by environment.
ATTENTION: default value of option mesa_glthread overridden by environment.
1652883404189	Marionette	INFO	Marionette enabled
console.warn: SearchSettings: "get: No settings file exists, new profile?" (new NotFoundError("Could not open the file at /tmp/rust_mozprofileS6y3t8/search.json.mozlz4", (void 0)))
1652883405178	Marionette	INFO	Listening on port 43473
1652883405273	RemoteAgent	WARN	TLS certificate errors will be ignored for this session
1652883405348	Marionette	INFO	Stopped listening on port 43473

###!!! [Parent][PImageBridgeParent] Error: RunMessage(msgname=PImageBridge::Msg_WillClose) Channel closing: too late to send/recv, messages will be lost

1652883405732	geckodriver	INFO	Listening on 127.0.0.1:40745
1652883405735	mozrunner::runner	INFO	Running command: "/usr/bin/firefox" "--marionette" "-no-remote" "-profile" "/tmp/rust_mozprofile4wcJoZ"
ATTENTION: default value of option mesa_glthread overridden by environment.
ATTENTION: default value of option mesa_glthread overridden by environment.
ATTENTION: default value of option mesa_glthread overridden by environment.
ATTENTION: default value of option mesa_glthread overridden by environment.
1652883406504	Marionette	INFO	Marionette enabled
console.warn: SearchSettings: "get: No settings file exists, new profile?" (new NotFoundError("Could not open the file at /tmp/rust_mozprofile4wcJoZ/search.json.mozlz4", (void 0)))
1652883407606	Marionette	INFO	Listening on port 40479
1652883407658	RemoteAgent	WARN	TLS certificate errors will be ignored for this session
1652883407773	geckodriver	INFO	Listening on 127.0.0.1:51575
1652883407776	mozrunner::runner	INFO	Running command: "/usr/bin/firefox" "--marionette" "-no-remote" "-profile" "/tmp/rust_mozprofileQY6xGV"
ATTENTION: default value of option mesa_glthread overridden by environment.
ATTENTION: default value of option mesa_glthread overridden by environment.
ATTENTION: default value of option mesa_glthread overridden by environment.
ATTENTION: default value of option mesa_glthread overridden by environment.
1652883408415	Marionette	INFO	Marionette enabled
console.warn: SearchSettings: "get: No settings file exists, new profile?" (new NotFoundError("Could not open the file at /tmp/rust_mozprofileQY6xGV/search.json.mozlz4", (void 0)))
1652883409385	Marionette	INFO	Listening on port 40365
1652883409490	RemoteAgent	WARN	TLS certificate errors will be ignored for this session
1652883409593	geckodriver	INFO	Listening on 127.0.0.1:60673
1652883409596	mozrunner::runner	INFO	Running command: "/usr/bin/firefox" "--marionette" "-no-remote" "-profile" "/tmp/rust_mozprofilev6gMtO"
ATTENTION: default value of option mesa_glthread overridden by environment.
ATTENTION: default value of option mesa_glthread overridden by environment.
ATTENTION: default value of option mesa_glthread overridden by environment.
ATTENTION: default value of option mesa_glthread overridden by environment.
1652883410247	Marionette	INFO	Marionette enabled
console.warn: SearchSettings: "get: No settings file exists, new profile?" (new NotFoundError("Could not open the file at /tmp/rust_mozprofilev6gMtO/search.json.mozlz4", (void 0)))
1652883411309	Marionette	INFO	Listening on port 45275
1652883411410	RemoteAgent	WARN	TLS certificate errors will be ignored for this session
1652883411507	geckodriver	INFO	Listening on 127.0.0.1:60017
1652883411512	mozrunner::runner	INFO	Running command: "/usr/bin/firefox" "--marionette" "-no-remote" "-profile" "/tmp/rust_mozprofileioER8L"
1652883411614	Marionette	INFO	Stopped listening on port 45275
JavaScript error: chrome://remote/content/marionette/cert.js, line 55: NS_ERROR_NOT_AVAILABLE: Component returned failure code: 0x80040111 (NS_ERROR_NOT_AVAILABLE) [nsICertOverrideService.setDisableAllSecurityChecksAndLetAttackersInterceptMyData]
Sandbox: Unexpected EOF, op 0 flags 00 path /proc/cpuinfo
1652883412048	Marionette	INFO	Stopped listening on port 40365
JavaScript error: chrome://remote/content/marionette/cert.js, line 55: NS_ERROR_NOT_AVAILABLE: Component returned failure code: 0x80040111 (NS_ERROR_NOT_AVAILABLE) [nsICertOverrideService.setDisableAllSecurityChecksAndLetAttackersInterceptMyData]
ATTENTION: default value of option mesa_glthread overridden by environment.
ATTENTION: default value of option mesa_glthread overridden by environment.
ATTENTION: default value of option mesa_glthread overridden by environment.
ATTENTION: default value of option mesa_glthread overridden by environment.
1652883412212	Marionette	INFO	Marionette enabled
1652883412724	Marionette	INFO	Stopped listening on port 40479
console.warn: SearchSettings: "get: No settings file exists, new profile?" (new NotFoundError("Could not open the file at /tmp/rust_mozprofileioER8L/search.json.mozlz4", (void 0)))
JavaScript error: chrome://remote/content/marionette/cert.js, line 55: NS_ERROR_NOT_AVAILABLE: Component returned failure code: 0x80040111 (NS_ERROR_NOT_AVAILABLE) [nsICertOverrideService.setDisableAllSecurityChecksAndLetAttackersInterceptMyData]
console.warn: services.settings: main/query-stripping sync interrupted by shutdown
JavaScript error: resource://gre/modules/NewTabUtils.jsm, line 672: NS_ERROR_UNEXPECTED: Component returned failure code: 0x8000ffff (NS_ERROR_UNEXPECTED) [nsINavHistoryService.asyncExecuteLegacyQuery]

###!!! [Parent][PImageBridgeParent] Error: RunMessage(msgname=PImageBridge::Msg_WillClose) Channel closing: too late to send/recv, messages will be lost

Sandbox: Unexpected EOF, op 0 flags 00 path /proc/cpuinfo
1652883413656	geckodriver	INFO	Listening on 127.0.0.1:41311
1652883413659	mozrunner::runner	INFO	Running command: "/usr/bin/firefox" "--marionette" "-no-remote" "-profile" "/tmp/rust_mozprofileAt3erW"
ATTENTION: default value of option mesa_glthread overridden by environment.
ATTENTION: default value of option mesa_glthread overridden by environment.
ATTENTION: default value of option mesa_glthread overridden by environment.
ATTENTION: default value of option mesa_glthread overridden by environment.
1652883414366	Marionette	INFO	Marionette enabled
console.warn: SearchSettings: "get: No settings file exists, new profile?" (new NotFoundError("Could not open the file at /tmp/rust_mozprofileAt3erW/search.json.mozlz4", (void 0)))
1652883415441	Marionette	INFO	Listening on port 44263
1652883415494	RemoteAgent	WARN	TLS certificate errors will be ignored for this session
1652883415641	geckodriver	INFO	Listening on 127.0.0.1:41353
1652883415645	mozrunner::runner	INFO	Running command: "/usr/bin/firefox" "--marionette" "-no-remote" "-profile" "/tmp/rust_mozprofile7CNl07"
ATTENTION: default value of option mesa_glthread overridden by environment.
ATTENTION: default value of option mesa_glthread overridden by environment.
ATTENTION: default value of option mesa_glthread overridden by environment.
ATTENTION: default value of option mesa_glthread overridden by environment.
1652883416339	Marionette	INFO	Marionette enabled
1652883416924	Marionette	INFO	Stopped listening on port 44263
JavaScript error: chrome://remote/content/marionette/cert.js, line 55: NS_ERROR_NOT_AVAILABLE: Component returned failure code: 0x80040111 (NS_ERROR_NOT_AVAILABLE) [nsICertOverrideService.setDisableAllSecurityChecksAndLetAttackersInterceptMyData]
console.warn: SearchSettings: "get: No settings file exists, new profile?" (new NotFoundError("Could not open the file at /tmp/rust_mozprofile7CNl07/search.json.mozlz4", (void 0)))
1652883417615	Marionette	INFO	Listening on port 36797
1652883417665	RemoteAgent	WARN	TLS certificate errors will be ignored for this session
1652883417763	geckodriver	INFO	Listening on 127.0.0.1:60877
1652883417766	mozrunner::runner	INFO	Running command: "/usr/bin/firefox" "--marionette" "-no-remote" "-profile" "/tmp/rust_mozprofileHF8YCx"
ATTENTION: default value of option mesa_glthread overridden by environment.
ATTENTION: default value of option mesa_glthread overridden by environment.
ATTENTION: default value of option mesa_glthread overridden by environment.
ATTENTION: default value of option mesa_glthread overridden by environment.
1652883418390	Marionette	INFO	Marionette enabled
1652883418843	Marionette	INFO	Stopped listening on port 36797
JavaScript error: chrome://remote/content/marionette/cert.js, line 55: NS_ERROR_NOT_AVAILABLE: Component returned failure code: 0x80040111 (NS_ERROR_NOT_AVAILABLE) [nsICertOverrideService.setDisableAllSecurityChecksAndLetAttackersInterceptMyData]
console.warn: SearchSettings: "get: No settings file exists, new profile?" (new NotFoundError("Could not open the file at /tmp/rust_mozprofileHF8YCx/search.json.mozlz4", (void 0)))

###!!! [Parent][PImageBridgeParent] Error: RunMessage(msgname=PImageBridge::Msg_WillClose) Channel closing: too late to send/recv, messages will be lost

1652883419713	geckodriver	INFO	Listening on 127.0.0.1:41855
1652883419716	mozrunner::runner	INFO	Running command: "/usr/bin/firefox" "--marionette" "-no-remote" "-profile" "/tmp/rust_mozprofileIl2Lgm"
ATTENTION: default value of option mesa_glthread overridden by environment.
ATTENTION: default value of option mesa_glthread overridden by environment.
ATTENTION: default value of option mesa_glthread overridden by environment.
ATTENTION: default value of option mesa_glthread overridden by environment.
1652883420378	Marionette	INFO	Marionette enabled
console.warn: SearchSettings: "get: No settings file exists, new profile?" (new NotFoundError("Could not open the file at /tmp/rust_mozprofileIl2Lgm/search.json.mozlz4", (void 0)))
1652883421329	Marionette	INFO	Listening on port 39407
1652883421438	RemoteAgent	WARN	TLS certificate errors will be ignored for this session
1652883421569	geckodriver	INFO	Listening on 127.0.0.1:34607
1652883421571	mozrunner::runner	INFO	Running command: "/usr/bin/firefox" "--marionette" "-no-remote" "-profile" "/tmp/rust_mozprofilesaxdtR"
1652883422109	Marionette	INFO	Stopped listening on port 39407
JavaScript error: chrome://remote/content/marionette/cert.js, line 55: NS_ERROR_NOT_AVAILABLE: Component returned failure code: 0x80040111 (NS_ERROR_NOT_AVAILABLE) [nsICertOverrideService.setDisableAllSecurityChecksAndLetAttackersInterceptMyData]
ATTENTION: default value of option mesa_glthread overridden by environment.
ATTENTION: default value of option mesa_glthread overridden by environment.
ATTENTION: default value of option mesa_glthread overridden by environment.
ATTENTION: default value of option mesa_glthread overridden by environment.
1652883422248	Marionette	INFO	Marionette enabled
console.warn: SearchSettings: "get: No settings file exists, new profile?" (new NotFoundError("Could not open the file at /tmp/rust_mozprofilesaxdtR/search.json.mozlz4", (void 0)))
1652883423274	Marionette	INFO	Listening on port 33343
1652883423311	RemoteAgent	WARN	TLS certificate errors will be ignored for this session
1652883423465	geckodriver	INFO	Listening on 127.0.0.1:44637
1652883423698	Marionette	INFO	Stopped listening on port 33343
JavaScript error: chrome://remote/content/marionette/cert.js, line 55: NS_ERROR_NOT_AVAILABLE: Component returned failure code: 0x80040111 (NS_ERROR_NOT_AVAILABLE) [nsICertOverrideService.setDisableAllSecurityChecksAndLetAttackersInterceptMyData]
1652883424472	mozrunner::runner	INFO	Running command: "/usr/bin/firefox" "--marionette" "-no-remote" "-profile" "/tmp/rust_mozprofileGpcnmg"
ATTENTION: default value of option mesa_glthread overridden by environment.
ATTENTION: default value of option mesa_glthread overridden by environment.
ATTENTION: default value of option mesa_glthread overridden by environment.
ATTENTION: default value of option mesa_glthread overridden by environment.
1652883425090	Marionette	INFO	Marionette enabled
console.warn: SearchSettings: "get: No settings file exists, new profile?" (new NotFoundError("Could not open the file at /tmp/rust_mozprofileGpcnmg/search.json.mozlz4", (void 0)))
1652883426070	Marionette	INFO	Listening on port 42133
1652883426105	RemoteAgent	WARN	TLS certificate errors will be ignored for this session
1652883426263	geckodriver	INFO	Listening on 127.0.0.1:33645
1652883426266	mozrunner::runner	INFO	Running command: "/usr/bin/firefox" "--marionette" "-no-remote" "-profile" "/tmp/rust_mozprofile6uYrxr"
ATTENTION: default value of option mesa_glthread overridden by environment.
ATTENTION: default value of option mesa_glthread overridden by environment.
ATTENTION: default value of option mesa_glthread overridden by environment.
ATTENTION: default value of option mesa_glthread overridden by environment.
1652883426886	Marionette	INFO	Marionette enabled
console.warn: SearchSettings: "get: No settings file exists, new profile?" (new NotFoundError("Could not open the file at /tmp/rust_mozprofile6uYrxr/search.json.mozlz4", (void 0)))
1652883427774	Marionette	INFO	Listening on port 34731
1652883427881	RemoteAgent	WARN	TLS certificate errors will be ignored for this session
1652883430509	Marionette	INFO	Stopped listening on port 34731
1652883447155	geckodriver	INFO	Listening on 127.0.0.1:55945
1652883447158	mozrunner::runner	INFO	Running command: "/usr/bin/firefox" "--marionette" "-no-remote" "-profile" "/tmp/rust_mozprofileVXd4ZA"
ATTENTION: default value of option mesa_glthread overridden by environment.
ATTENTION: default value of option mesa_glthread overridden by environment.
ATTENTION: default value of option mesa_glthread overridden by environment.
ATTENTION: default value of option mesa_glthread overridden by environment.
1652883447761	Marionette	INFO	Marionette enabled
console.warn: SearchSettings: "get: No settings file exists, new profile?" (new NotFoundError("Could not open the file at /tmp/rust_mozprofileVXd4ZA/search.json.mozlz4", (void 0)))
1652883448671	Marionette	INFO	Listening on port 35701
1652883448780	RemoteAgent	WARN	TLS certificate errors will be ignored for this session
console.warn: LoginRecipes: "getRecipes: falling back to a synchronous message for:" "https://orcid.org"
console.warn: LoginRecipes: "getRecipes: falling back to a synchronous message for:" "https://orcid.org"
JavaScript error: resource://gre/modules/LoginManagerParent.jsm, line 136: TypeError: gRecipeManager is null
JavaScript error: http://127.0.0.1:8000/static/copo/js/dtol_functions.js, line 381: TypeError: data[d].date_created is undefined
1652883459477	Marionette	INFO	Stopped listening on port 35701

###!!! [Parent][PImageBridgeParent] Error: RunMessage(msgname=PImageBridge::Msg_WillClose) Channel closing: too late to send/recv, messages will be lost

1652883576472	geckodriver	INFO	Listening on 127.0.0.1:54551
1652883576476	mozrunner::runner	INFO	Running command: "/usr/bin/firefox" "--marionette" "-no-remote" "-profile" "/tmp/rust_mozprofile1ZjWcx"
ATTENTION: default value of option mesa_glthread overridden by environment.
ATTENTION: default value of option mesa_glthread overridden by environment.
ATTENTION: default value of option mesa_glthread overridden by environment.
ATTENTION: default value of option mesa_glthread overridden by environment.
1652883577125	Marionette	INFO	Marionette enabled
console.warn: SearchSettings: "get: No settings file exists, new profile?" (new NotFoundError("Could not open the file at /tmp/rust_mozprofile1ZjWcx/search.json.mozlz4", (void 0)))
1652883578080	Marionette	INFO	Listening on port 41059
1652883578190	RemoteAgent	WARN	TLS certificate errors will be ignored for this session
console.warn: LoginRecipes: "getRecipes: falling back to a synchronous message for:" "https://orcid.org"
console.warn: LoginRecipes: "getRecipes: falling back to a synchronous message for:" "https://orcid.org"
JavaScript error: resource://gre/modules/LoginManagerParent.jsm, line 136: TypeError: gRecipeManager is null
JavaScript error: http://127.0.0.1:8000/static/copo/js/dtol_functions.js, line 381: TypeError: data[d].date_created is undefined
1652883590849	Marionette	INFO	Stopped listening on port 41059

###!!! [Parent][PImageBridgeParent] Error: RunMessage(msgname=PImageBridge::Msg_WillClose) Channel closing: too late to send/recv, messages will be lost

1652886466368	geckodriver	INFO	Listening on 127.0.0.1:44285
1652886467382	mozrunner::runner	INFO	Running command: "/usr/bin/firefox" "--marionette" "-no-remote" "-profile" "/tmp/rust_mozprofilejzZ6P0"
ATTENTION: default value of option mesa_glthread overridden by environment.
ATTENTION: default value of option mesa_glthread overridden by environment.
ATTENTION: default value of option mesa_glthread overridden by environment.
ATTENTION: default value of option mesa_glthread overridden by environment.
1652886468151	Marionette	INFO	Marionette enabled
console.warn: SearchSettings: "get: No settings file exists, new profile?" (new NotFoundError("Could not open the file at /tmp/rust_mozprofilejzZ6P0/search.json.mozlz4", (void 0)))
1652886469211	Marionette	INFO	Listening on port 35609
1652886469312	RemoteAgent	WARN	TLS certificate errors will be ignored for this session
1652886469531	Marionette	WARN	Ignoring event 'pageshow' because document has an invalid readyState of 'uninitialized'.
1652886469678	Marionette	INFO	Stopped listening on port 35609
Sandbox: Unexpected EOF, op 0 flags 00 path /proc/cpuinfo
1652886527446	geckodriver	INFO	Listening on 127.0.0.1:45959
1652886528456	mozrunner::runner	INFO	Running command: "/usr/bin/firefox" "--marionette" "-no-remote" "-profile" "/tmp/rust_mozprofiledd6uom"
ATTENTION: default value of option mesa_glthread overridden by environment.
ATTENTION: default value of option mesa_glthread overridden by environment.
ATTENTION: default value of option mesa_glthread overridden by environment.
ATTENTION: default value of option mesa_glthread overridden by environment.
1652886529086	Marionette	INFO	Marionette enabled
console.warn: SearchSettings: "get: No settings file exists, new profile?" (new NotFoundError("Could not open the file at /tmp/rust_mozprofiledd6uom/search.json.mozlz4", (void 0)))
1652886530193	Marionette	INFO	Listening on port 42343
1652886530271	RemoteAgent	WARN	TLS certificate errors will be ignored for this session
console.warn: LoginRecipes: "getRecipes: falling back to a synchronous message for:" "https://orcid.org"
console.warn: LoginRecipes: "getRecipes: falling back to a synchronous message for:" "https://orcid.org"
JavaScript error: resource://gre/modules/LoginManagerParent.jsm, line 136: TypeError: gRecipeManager is null
JavaScript error: http://127.0.0.1:8000/static/copo/js/dtol_functions.js, line 381: TypeError: data[d].date_created is undefined
1652886541714	Marionette	INFO	Stopped listening on port 42343

###!!! [Parent][PImageBridgeParent] Error: RunMessage(msgname=PImageBridge::Msg_WillClose) Channel closing: too late to send/recv, messages will be lost

Sandbox: Unexpected EOF, op 0 flags 00 path /proc/cpuinfo
1652887005685	geckodriver	INFO	Listening on 127.0.0.1:51383
1652887006694	mozrunner::runner	INFO	Running command: "/usr/bin/firefox" "--marionette" "-no-remote" "-profile" "/tmp/rust_mozprofile8yAI1u"
ATTENTION: default value of option mesa_glthread overridden by environment.
ATTENTION: default value of option mesa_glthread overridden by environment.
ATTENTION: default value of option mesa_glthread overridden by environment.
ATTENTION: default value of option mesa_glthread overridden by environment.
1652887007726	Marionette	INFO	Marionette enabled
console.warn: SearchSettings: "get: No settings file exists, new profile?" (new NotFoundError("Could not open the file at /tmp/rust_mozprofile8yAI1u/search.json.mozlz4", (void 0)))
console.error: Region.jsm: "Error fetching region" (new AbortError("The operation was aborted. ", (void 0), 770))
console.error: Region.jsm: "Failed to fetch region" (new Error("NO_RESULT", "resource://gre/modules/Region.jsm", 419))
1652887114248	Marionette	INFO	Listening on port 34969
Exiting due to channel error.
Exiting due to channel error.
Exiting due to channel error.
Exiting due to channel error.
Exiting due to channel error.
1652887741539	geckodriver	INFO	Listening on 127.0.0.1:60745
1652887742545	mozrunner::runner	INFO	Running command: "/usr/bin/firefox" "--marionette" "-no-remote" "-profile" "/tmp/rust_mozprofileCkmvPE"
ATTENTION: default value of option mesa_glthread overridden by environment.
ATTENTION: default value of option mesa_glthread overridden by environment.
ATTENTION: default value of option mesa_glthread overridden by environment.
ATTENTION: default value of option mesa_glthread overridden by environment.
1652887743296	Marionette	INFO	Marionette enabled
console.warn: SearchSettings: "get: No settings file exists, new profile?" (new NotFoundError("Could not open the file at /tmp/rust_mozprofileCkmvPE/search.json.mozlz4", (void 0)))
1652887744366	Marionette	INFO	Listening on port 41863
1652887744461	RemoteAgent	WARN	TLS certificate errors will be ignored for this session

###!!! [Child][PContentChild] Error: RunMessage(msgname=PContent::Msg_CommitBrowsingContextTransaction) Channel closing: too late to send/recv, messages will be lost

console.warn: LoginRecipes: "getRecipes: falling back to a synchronous message for:" "https://orcid.org"
console.warn: LoginRecipes: "getRecipes: falling back to a synchronous message for:" "https://orcid.org"
JavaScript error: resource://gre/modules/LoginManagerParent.jsm, line 136: TypeError: gRecipeManager is null
1652887756838	Marionette	INFO	Stopped listening on port 41863

###!!! [Parent][PContentParent] Error: Send(msgname=PContent::Msg_DestroyBrowsingContextGroup) Closed channel: cannot send/recv


###!!! [Parent][PImageBridgeParent] Error: RunMessage(msgname=PImageBridge::Msg_WillClose) Channel closing: too late to send/recv, messages will be lost

Sandbox: Unexpected EOF, op 0 flags 00 path /proc/cpuinfo
1652888069575	geckodriver	INFO	Listening on 127.0.0.1:38949
1652888070583	mozrunner::runner	INFO	Running command: "/usr/bin/firefox" "--marionette" "-no-remote" "-profile" "/tmp/rust_mozprofileTZ5HwC"
ATTENTION: default value of option mesa_glthread overridden by environment.
ATTENTION: default value of option mesa_glthread overridden by environment.
ATTENTION: default value of option mesa_glthread overridden by environment.
ATTENTION: default value of option mesa_glthread overridden by environment.
1652888071217	Marionette	INFO	Marionette enabled
console.warn: SearchSettings: "get: No settings file exists, new profile?" (new NotFoundError("Could not open the file at /tmp/rust_mozprofileTZ5HwC/search.json.mozlz4", (void 0)))
1652888072097	Marionette	INFO	Listening on port 35397
1652888072197	RemoteAgent	WARN	TLS certificate errors will be ignored for this session
1652888072684	geckodriver	INFO	Listening on 127.0.0.1:42383
1652888073691	mozrunner::runner	INFO	Running command: "/usr/bin/firefox" "--marionette" "-no-remote" "-profile" "/tmp/rust_mozprofile1rAxti"
ATTENTION: default value of option mesa_glthread overridden by environment.
ATTENTION: default value of option mesa_glthread overridden by environment.
ATTENTION: default value of option mesa_glthread overridden by environment.
ATTENTION: default value of option mesa_glthread overridden by environment.
1652888074415	Marionette	INFO	Marionette enabled
console.warn: SearchSettings: "get: No settings file exists, new profile?" (new NotFoundError("Could not open the file at /tmp/rust_mozprofile1rAxti/search.json.mozlz4", (void 0)))
1652888075418	Marionette	INFO	Listening on port 40033
1652888075506	RemoteAgent	WARN	TLS certificate errors will be ignored for this session
1652888165751	geckodriver	INFO	Listening on 127.0.0.1:51811
1652888166768	mozrunner::runner	INFO	Running command: "/usr/bin/firefox" "--marionette" "-no-remote" "-profile" "/tmp/rust_mozprofiley1ZLcK"
ATTENTION: default value of option mesa_glthread overridden by environment.
ATTENTION: default value of option mesa_glthread overridden by environment.
ATTENTION: default value of option mesa_glthread overridden by environment.
ATTENTION: default value of option mesa_glthread overridden by environment.
1652888167453	Marionette	INFO	Marionette enabled
console.warn: SearchSettings: "get: No settings file exists, new profile?" (new NotFoundError("Could not open the file at /tmp/rust_mozprofiley1ZLcK/search.json.mozlz4", (void 0)))
1652888168868	Marionette	INFO	Listening on port 45275
1652888168891	RemoteAgent	WARN	TLS certificate errors will be ignored for this session
1652888169475	geckodriver	INFO	Listening on 127.0.0.1:55411
1652888170477	mozrunner::runner	INFO	Running command: "/usr/bin/firefox" "--marionette" "-no-remote" "-profile" "/tmp/rust_mozprofilec5Iq7T"
ATTENTION: default value of option mesa_glthread overridden by environment.
ATTENTION: default value of option mesa_glthread overridden by environment.
ATTENTION: default value of option mesa_glthread overridden by environment.
ATTENTION: default value of option mesa_glthread overridden by environment.
1652888171227	Marionette	INFO	Marionette enabled
console.warn: SearchSettings: "get: No settings file exists, new profile?" (new NotFoundError("Could not open the file at /tmp/rust_mozprofilec5Iq7T/search.json.mozlz4", (void 0)))
1652888174403	Marionette	INFO	Listening on port 38563
1652888175839	RemoteAgent	WARN	TLS certificate errors will be ignored for this session
1652888191215	Marionette	INFO	Stopped listening on port 45275
JavaScript error: chrome://remote/content/marionette/cert.js, line 55: NS_ERROR_NOT_AVAILABLE: Component returned failure code: 0x80040111 (NS_ERROR_NOT_AVAILABLE) [nsICertOverrideService.setDisableAllSecurityChecksAndLetAttackersInterceptMyData]
1652888195561	Marionette	INFO	Stopped listening on port 38563
JavaScript error: chrome://remote/content/marionette/cert.js, line 55: NS_ERROR_NOT_AVAILABLE: Component returned failure code: 0x80040111 (NS_ERROR_NOT_AVAILABLE) [nsICertOverrideService.setDisableAllSecurityChecksAndLetAttackersInterceptMyData]

###!!! [Parent][PImageBridgeParent] Error: RunMessage(msgname=PImageBridge::Msg_WillClose) Channel closing: too late to send/recv, messages will be lost

1652888195995	geckodriver::marionette	ERROR	Failed to close browser connection: Socket not connected (os error 107)
1652888196017	geckodriver	INFO	Listening on 127.0.0.1:56989
1652888197020	mozrunner::runner	INFO	Running command: "/usr/bin/firefox" "--marionette" "-no-remote" "-profile" "/tmp/rust_mozprofileskdLxY"
ATTENTION: default value of option mesa_glthread overridden by environment.
ATTENTION: default value of option mesa_glthread overridden by environment.
ATTENTION: default value of option mesa_glthread overridden by environment.
ATTENTION: default value of option mesa_glthread overridden by environment.
1652888197832	Marionette	INFO	Marionette enabled
console.warn: SearchSettings: "get: No settings file exists, new profile?" (new NotFoundError("Could not open the file at /tmp/rust_mozprofileskdLxY/search.json.mozlz4", (void 0)))
1652888198929	Marionette	INFO	Listening on port 35291
1652888199036	RemoteAgent	WARN	TLS certificate errors will be ignored for this session
1652888199774	Marionette	INFO	Stopped listening on port 35291

###!!! [Parent][PImageBridgeParent] Error: RunMessage(msgname=PImageBridge::Msg_WillClose) Channel closing: too late to send/recv, messages will be lost

Sandbox: Unexpected EOF, op 0 flags 00 path /proc/cpuinfo
1652888202161	Marionette	INFO	Stopped listening on port 40033
JavaScript error: chrome://remote/content/marionette/cert.js, line 55: NS_ERROR_NOT_AVAILABLE: Component returned failure code: 0x80040111 (NS_ERROR_NOT_AVAILABLE) [nsICertOverrideService.setDisableAllSecurityChecksAndLetAttackersInterceptMyData]
1652888202349	geckodriver::marionette	ERROR	Failed to close browser connection: Socket not connected (os error 107)
1652888202371	geckodriver	INFO	Listening on 127.0.0.1:43665
1652888203374	mozrunner::runner	INFO	Running command: "/usr/bin/firefox" "--marionette" "-no-remote" "-profile" "/tmp/rust_mozprofileP2aExy"
ATTENTION: default value of option mesa_glthread overridden by environment.
ATTENTION: default value of option mesa_glthread overridden by environment.
ATTENTION: default value of option mesa_glthread overridden by environment.
ATTENTION: default value of option mesa_glthread overridden by environment.
1652888204050	Marionette	INFO	Marionette enabled
console.warn: SearchSettings: "get: No settings file exists, new profile?" (new NotFoundError("Could not open the file at /tmp/rust_mozprofileP2aExy/search.json.mozlz4", (void 0)))
1652888205362	Marionette	INFO	Listening on port 38129
1652888205421	RemoteAgent	WARN	TLS certificate errors will be ignored for this session
1652888205988	Marionette	INFO	Stopped listening on port 38129

###!!! [Parent][PImageBridgeParent] Error: RunMessage(msgname=PImageBridge::Msg_WillClose) Channel closing: too late to send/recv, messages will be lost

Sandbox: Unexpected EOF, op 0 flags 00 path /proc/cpuinfo
1652888207427	Marionette	INFO	Stopped listening on port 35397
Sandbox: Unexpected EOF, op 0 flags 00 path /proc/cpuinfo
1652888216574	Marionette	INFO	Stopped listening on port 42133

###!!! [Parent][PImageBridgeParent] Error: RunMessage(msgname=PImageBridge::Msg_WillClose) Channel closing: too late to send/recv, messages will be lost

1652890750065	geckodriver	INFO	Listening on 127.0.0.1:41569
1652890751079	mozrunner::runner	INFO	Running command: "/usr/bin/firefox" "--marionette" "-no-remote" "-profile" "/tmp/rust_mozprofilewxI1UE"
ATTENTION: default value of option mesa_glthread overridden by environment.
ATTENTION: default value of option mesa_glthread overridden by environment.
ATTENTION: default value of option mesa_glthread overridden by environment.
ATTENTION: default value of option mesa_glthread overridden by environment.
1652890751908	Marionette	INFO	Marionette enabled
console.warn: SearchSettings: "get: No settings file exists, new profile?" (new NotFoundError("Could not open the file at /tmp/rust_mozprofilewxI1UE/search.json.mozlz4", (void 0)))
1652890753084	Marionette	INFO	Listening on port 34259
1652890753222	RemoteAgent	WARN	TLS certificate errors will be ignored for this session
1652890933740	Marionette	INFO	Stopped listening on port 34259
1652890934292	geckodriver	INFO	Listening on 127.0.0.1:52817
1652890935301	mozrunner::runner	INFO	Running command: "/usr/bin/firefox" "--marionette" "-no-remote" "-profile" "/tmp/rust_mozprofileLXH2Yk"
ATTENTION: default value of option mesa_glthread overridden by environment.
ATTENTION: default value of option mesa_glthread overridden by environment.
ATTENTION: default value of option mesa_glthread overridden by environment.
ATTENTION: default value of option mesa_glthread overridden by environment.
1652890936095	Marionette	INFO	Marionette enabled
console.warn: SearchSettings: "get: No settings file exists, new profile?" (new NotFoundError("Could not open the file at /tmp/rust_mozprofileLXH2Yk/search.json.mozlz4", (void 0)))
1652890937539	Marionette	INFO	Listening on port 34137
1652890937620	RemoteAgent	WARN	TLS certificate errors will be ignored for this session
1652890938204	Marionette	INFO	Stopped listening on port 34137

###!!! [Parent][PImageBridgeParent] Error: RunMessage(msgname=PImageBridge::Msg_WillClose) Channel closing: too late to send/recv, messages will be lost

Sandbox: Unexpected EOF, op 0 flags 00 path /proc/cpuinfo
1652891390858	geckodriver	INFO	Listening on 127.0.0.1:57741
1652891391874	mozrunner::runner	INFO	Running command: "/usr/bin/firefox" "--marionette" "-no-remote" "-profile" "/tmp/rust_mozprofileakycZ6"
ATTENTION: default value of option mesa_glthread overridden by environment.
ATTENTION: default value of option mesa_glthread overridden by environment.
ATTENTION: default value of option mesa_glthread overridden by environment.
ATTENTION: default value of option mesa_glthread overridden by environment.
1652891392700	Marionette	INFO	Marionette enabled
console.warn: SearchSettings: "get: No settings file exists, new profile?" (new NotFoundError("Could not open the file at /tmp/rust_mozprofileakycZ6/search.json.mozlz4", (void 0)))
1652891393831	Marionette	INFO	Listening on port 44131
1652891393900	RemoteAgent	WARN	TLS certificate errors will be ignored for this session
Exiting due to channel error.
Exiting due to channel error.
1652891436626	geckodriver	INFO	Listening on 127.0.0.1:57913
1652891437636	mozrunner::runner	INFO	Running command: "/usr/bin/firefox" "--marionette" "-no-remote" "-profile" "/tmp/rust_mozprofileXMVDmK"
ATTENTION: default value of option mesa_glthread overridden by environment.
ATTENTION: default value of option mesa_glthread overridden by environment.
ATTENTION: default value of option mesa_glthread overridden by environment.
ATTENTION: default value of option mesa_glthread overridden by environment.
1652891438369	Marionette	INFO	Marionette enabled
console.warn: SearchSettings: "get: No settings file exists, new profile?" (new NotFoundError("Could not open the file at /tmp/rust_mozprofileXMVDmK/search.json.mozlz4", (void 0)))
1652891439607	Marionette	INFO	Listening on port 37745
1652891439663	RemoteAgent	WARN	TLS certificate errors will be ignored for this session
1652891645001	Marionette	INFO	Stopped listening on port 37745
